Title,Director,Cast,Year,Language,movie_info
Tungabhadra,Srinivas Gogineni,"Adith Arun, Dimple Chopade",2015,Telugu,"Movie Title: Tungabhadra. Directed by: Srinivas Gogineni. Starring: Adith Arun, Dimple Chopade. Released in: 2015."
Tej I Love You,A. Karunakaran,"Sai Dharam Tej, Anupama Parameswaran, Surekha Vani, Jayaprakash, Pavitra Lokesh",2018,Telugu,"Movie Title: Tej I Love You. Directed by: A. Karunakaran. Starring: Sai Dharam Tej, Anupama Parameswaran, Surekha Vani, Jayaprakash, Pavitra Lokesh. Released in: 2018."
RX 100,Ajay Bhupathi,"Karthikeya, Payal Rajput, Rao Ramesh, Ramki",2018,Telugu,"Movie Title: RX 100. Directed by: Ajay Bhupathi. Starring: Karthikeya, Payal Rajput, Rao Ramesh, Ramki. Released in: 2018."
Vijetha,Rakesh Shashii,"Kalyaan Dhev, Malavika Nair, Murali Sharma, Nassar",2018,Telugu,"Movie Title: Vijetha. Directed by: Rakesh Shashii. Starring: Kalyaan Dhev, Malavika Nair, Murali Sharma, Nassar. Released in: 2018."
Aatagadharaa Siva,Chandra Siddhartha,"Uday Shankar, Doddanna, Hyper Aadi, Chammak Chandra",2018,Telugu,"Movie Title: Aatagadharaa Siva. Directed by: Chandra Siddhartha. Starring: Uday Shankar, Doddanna, Hyper Aadi, Chammak Chandra. Released in: 2018."
Lover,Aneesh Krishna,"Raj Tarun, Riddhi Kumar",2018,Telugu,"Movie Title: Lover. Directed by: Aneesh Krishna. Starring: Raj Tarun, Riddhi Kumar. Released in: 2018."
W/O Ram,Vijay Yelakanti,"Lakshmi Manchu, Samrat Reddy",2018,Telugu,"Movie Title: W/O Ram. Directed by: Vijay Yelakanti. Starring: Lakshmi Manchu, Samrat Reddy. Released in: 2018."
Saakshyam,Sriwass,"Bellamkonda Sreenivas, Pooja Hegde, Sarath Kumar, Meena, Jagapathi Babu, Ravi Kishan, Ashutosh Rana",2018,Telugu,"Movie Title: Saakshyam. Directed by: Sriwass. Starring: Bellamkonda Sreenivas, Pooja Hegde, Sarath Kumar, Meena, Jagapathi Babu, Ravi Kishan, Ashutosh Rana. Released in: 2018."
Happy Wedding,Lakshman Karya,"Sumanth Ashwin, Niharika Konidela, Naresh, Murli Sharma",2018,Telugu,"Movie Title: Happy Wedding. Directed by: Lakshman Karya. Starring: Sumanth Ashwin, Niharika Konidela, Naresh, Murli Sharma. Released in: 2018."
Brand Babu,Prabhakar Podakandla,"Sumanth Shailendra, Eesha Rebba, Nalini, Murli Sharma",2018,Telugu,"Movie Title: Brand Babu. Directed by: Prabhakar Podakandla. Starring: Sumanth Shailendra, Eesha Rebba, Nalini, Murli Sharma. Released in: 2018."
Chi La Sow,Rahul Ravindran,"Sushanth, Ruhani Sharma, Vennela Kishore, Anu Haasan, Vidyullekha Raman",2018,Telugu,"Movie Title: Chi La Sow. Directed by: Rahul Ravindran. Starring: Sushanth, Ruhani Sharma, Vennela Kishore, Anu Haasan, Vidyullekha Raman. Released in: 2018."
Goodachari,Sashi Kiran Tikka,"Adivi Sesh, Sobhita Dhulipala, Prakash Raj, Jagapathi Babu, Madhu Shalini, Vennela Kishore",2018,Telugu,"Movie Title: Goodachari. Directed by: Sashi Kiran Tikka. Starring: Adivi Sesh, Sobhita Dhulipala, Prakash Raj, Jagapathi Babu, Madhu Shalini, Vennela Kishore. Released in: 2018."
Siva Kasipuram,Hareesh Vattikutti,"Rajesh Sri Chakravarthy, Priyanka Sharma, Chammak Chandra",2018,Telugu,"Movie Title: Siva Kasipuram. Directed by: Hareesh Vattikutti. Starring: Rajesh Sri Chakravarthy, Priyanka Sharma, Chammak Chandra. Released in: 2018."
Tharuvatha Evaru,G. Krishna Reddy Rajesh Koduru,"Manoj, Priyanka Sharma, Kamal Kamaraju",2018,Telugu,"Movie Title: Tharuvatha Evaru. Directed by: G. Krishna Reddy Rajesh Koduru. Starring: Manoj, Priyanka Sharma, Kamal Kamaraju. Released in: 2018."
Srinivasa Kalyanam,Satish Vegesna,"Nithiin, Raashi Khanna, Nandita Swetha, Prakash Raj",2018,Telugu,"Movie Title: Srinivasa Kalyanam. Directed by: Satish Vegesna. Starring: Nithiin, Raashi Khanna, Nandita Swetha, Prakash Raj. Released in: 2018."
Geetha Govindam,Parasuram,"Vijay Devarakonda, Rashmika Mandanna, Nagendra Babu",2018,Telugu,"Movie Title: Geetha Govindam. Directed by: Parasuram. Starring: Vijay Devarakonda, Rashmika Mandanna, Nagendra Babu. Released in: 2018."
Aatagallu,Paruchuri Murali,"Nara Rohit, Jagapathi Babu, Darshana Banik, Brahmanandam",2018,Telugu,"Movie Title: Aatagallu. Directed by: Paruchuri Murali. Starring: Nara Rohit, Jagapathi Babu, Darshana Banik, Brahmanandam. Released in: 2018."
Anthaku Minchi,Jhony,"Jai, Rashmi Gautam",2018,Telugu,"Movie Title: Anthaku Minchi. Directed by: Jhony. Starring: Jai, Rashmi Gautam. Released in: 2018."
Divya Mani,Giridhar Gopal,"Suresh Kamal, Vaishali Deepak",2018,Telugu,"Movie Title: Divya Mani. Directed by: Giridhar Gopal. Starring: Suresh Kamal, Vaishali Deepak. Released in: 2018."
Aghora,Rao Durgam,"Yuvaraj Rejeti, Nagendra Babu, Ponnambalam, Uttej, Jackee",2018,Telugu,"Movie Title: Aghora. Directed by: Rao Durgam. Starring: Yuvaraj Rejeti, Nagendra Babu, Ponnambalam, Uttej, Jackee. Released in: 2018."
Pantham,K. Chakravarthy,"Gopichand, Mehreen Pirzada, Sampath Raj, Mukesh Rishi, Pavitra Lokesh, Jaya Prakash Reddy, Ashish Vidyarthi, Sayaji Shinde",2018,Telugu,"Movie Title: Pantham. Directed by: K. Chakravarthy. Starring: Gopichand, Mehreen Pirzada, Sampath Raj, Mukesh Rishi, Pavitra Lokesh, Jaya Prakash Reddy, Ashish Vidyarthi, Sayaji Shinde. Released in: 2018."
Super Sketch,Ravi Chavali,"Narsing Makkala, Gary Tantony, Indrasena",2018,Telugu,"Movie Title: Super Sketch. Directed by: Ravi Chavali. Starring: Narsing Makkala, Gary Tantony, Indrasena. Released in: 2018."
Endaro Mahanubhavulu,Thallada Sai Krishna,"Thallada Sai Krishna, Anisha, Indu, Shalini, Tanikella Bharani",2018,Telugu,"Movie Title: Endaro Mahanubhavulu. Directed by: Thallada Sai Krishna. Starring: Thallada Sai Krishna, Anisha, Indu, Shalini, Tanikella Bharani. Released in: 2018."
Junction Lo Jayamalini,Narra Sivanageswara Rao,"Ravikanth, Kavya Kapoor",2018,Telugu,"Movie Title: Junction Lo Jayamalini. Directed by: Narra Sivanageswara Rao. Starring: Ravikanth, Kavya Kapoor. Released in: 2018."
Naa Peru Surya,Vakkantham Vamsi,"Allu Arjun, Arjun Sarja, Anu Emmanuel, R. Sarathkumar, Boman Irani, Thakur Anoop Singh, Sai Kumar, Pradeep Rawat, Harish Uthaman, Rao Ramesh, Nadhiya, Vennela Kishore",2018,Telugu,"Movie Title: Naa Peru Surya. Directed by: Vakkantham Vamsi. Starring: Allu Arjun, Arjun Sarja, Anu Emmanuel, R. Sarathkumar, Boman Irani, Thakur Anoop Singh, Sai Kumar, Pradeep Rawat, Harish Uthaman, Rao Ramesh, Nadhiya, Vennela Kishore. Released in: 2018."
Mahanati,Nag Ashwin,"Keerthi Suresh, Dulquer Salman, Samantha Akkineni, Vijay Devarakonda, Rajendra Prasad",2018,Telugu,"Movie Title: Mahanati. Directed by: Nag Ashwin. Starring: Keerthi Suresh, Dulquer Salman, Samantha Akkineni, Vijay Devarakonda, Rajendra Prasad. Released in: 2018."
Mehbooba,Puri Jagannadh,"Akash Puri, Neha Shetty, Vishnu Reddy, Sayaji Shinde",2018,Telugu,"Movie Title: Mehbooba. Directed by: Puri Jagannadh. Starring: Akash Puri, Neha Shetty, Vishnu Reddy, Sayaji Shinde. Released in: 2018."
Annadata Sukhibhava,R. Narayana Murthy,R. Narayana Murthy,2018,Telugu,Movie Title: Annadata Sukhibhava. Directed by: R. Narayana Murthy. Starring: R. Narayana Murthy. Released in: 2018.
Seenugadi Prema,R. K.,"Srinivasa Rao, Bindu Barbie",2018,Telugu,"Movie Title: Seenugadi Prema. Directed by: R. K.. Starring: Srinivasa Rao, Bindu Barbie. Released in: 2018."
Nela Ticket,Kalyan Krishna,"Ravi Teja, Malvika Sharma, Jagapathi Babu, Sampath Raj, Priyadarshi Pullikonda, Ali",2018,Telugu,"Movie Title: Nela Ticket. Directed by: Kalyan Krishna. Starring: Ravi Teja, Malvika Sharma, Jagapathi Babu, Sampath Raj, Priyadarshi Pullikonda, Ali. Released in: 2018."
Neevevaro,Hari Nath,"Aadhi Pinisetty, Taapsee Pannu, Ritika Singh, Vennela Kishore",2018,Telugu,"Movie Title: Neevevaro. Directed by: Hari Nath. Starring: Aadhi Pinisetty, Taapsee Pannu, Ritika Singh, Vennela Kishore. Released in: 2018."
Ammammagarillu,Sundar Surya,"Naga Shourya, Shamili, Sumithra, Rao Ramesh, Posani Krishna Murali",2018,Telugu,"Movie Title: Ammammagarillu. Directed by: Sundar Surya. Starring: Naga Shourya, Shamili, Sumithra, Rao Ramesh, Posani Krishna Murali. Released in: 2018."
Raju Gadu,Sanjana Reddy,"Raj Tarun, Amyra Dastur, Rajendra Prasad",2018,Telugu,"Movie Title: Raju Gadu. Directed by: Sanjana Reddy. Starring: Raj Tarun, Amyra Dastur, Rajendra Prasad. Released in: 2018."
Best Lovers,Nandi Venkat Reddy,"Sri Karan, Amrutha, Divya",2018,Telugu,"Movie Title: Best Lovers. Directed by: Nandi Venkat Reddy. Starring: Sri Karan, Amrutha, Divya. Released in: 2018."
Naa... Nuvve,Jayendra Panchapakesan,"Nandamuri Kalyan Ram, Tamannaah, Posani Krishna Murali, Tanikella Bharani, Surekha Vani",2018,Telugu,"Movie Title: Naa... Nuvve. Directed by: Jayendra Panchapakesan. Starring: Nandamuri Kalyan Ram, Tamannaah, Posani Krishna Murali, Tanikella Bharani, Surekha Vani. Released in: 2018."
Sammohanam,Mohan Krishna Indraganti,"Sudheer Babu, Aditi Rao Hydari",2018,Telugu,"Movie Title: Sammohanam. Directed by: Mohan Krishna Indraganti. Starring: Sudheer Babu, Aditi Rao Hydari. Released in: 2018."
Jamba Lakidi Pamba,J. B. Murali Krishna,"Srinivas Reddy, Siddhi Idnani, Posani Krishna Murali, Vennela Kishore, Raghu Babu",2018,Telugu,"Movie Title: Jamba Lakidi Pamba. Directed by: J. B. Murali Krishna. Starring: Srinivas Reddy, Siddhi Idnani, Posani Krishna Murali, Vennela Kishore, Raghu Babu. Released in: 2018."
Ee Nagariniki Emaindi,Tharun Bhascker Dhaassyam,"Vishwak Sen, Sai Sushanth, Abhinav Gomatam, Venkatesh Kakumanu, Anisha Ambrose",2018,Telugu,"Movie Title: Ee Nagariniki Emaindi. Directed by: Tharun Bhascker Dhaassyam. Starring: Vishwak Sen, Sai Sushanth, Abhinav Gomatam, Venkatesh Kakumanu, Anisha Ambrose. Released in: 2018."
Sanjeevani,Ravi Vide,"Anuraag Dev, Manoj Chandra, Swetaa Varma",2018,Telugu,"Movie Title: Sanjeevani. Directed by: Ravi Vide. Starring: Anuraag Dev, Manoj Chandra, Swetaa Varma. Released in: 2018."
Shambho Shankara,N. Sreedhar,"Shakalaka Shankar, Karunya Chowdhary, Ajay Ghosh, Ravi Prakash",2018,Telugu,"Movie Title: Shambho Shankara. Directed by: N. Sreedhar. Starring: Shakalaka Shankar, Karunya Chowdhary, Ajay Ghosh, Ravi Prakash. Released in: 2018."
Officer,Ram Gopal Varma,"Nagarjuna Akkineni, Myra Sareen, Sayaji Shinde",2018,Telugu,"Movie Title: Officer. Directed by: Ram Gopal Varma. Starring: Nagarjuna Akkineni, Myra Sareen, Sayaji Shinde. Released in: 2018."
Kanam,A. L. Vijay,"Sai Pallavi, Veronica Arora, Naga Shourya, Nizhalgal Ravi",2018,Telugu,"Movie Title: Kanam. Directed by: A. L. Vijay. Starring: Sai Pallavi, Veronica Arora, Naga Shourya, Nizhalgal Ravi. Released in: 2018."
Paper Boy,V. Jayashankar,"Santhosh Shoban, Riya Suman, Tanya Hope",2018,Telugu,"Movie Title: Paper Boy. Directed by: V. Jayashankar. Starring: Santhosh Shoban, Riya Suman, Tanya Hope. Released in: 2018."
Bangari Balaraju,Kotendra Dudyala,"Raghav, Karronya Katrynn, Ajay Ghosh, Rohini, Lekhana",2018,Telugu,"Movie Title: Bangari Balaraju. Directed by: Kotendra Dudyala. Starring: Raghav, Karronya Katrynn, Ajay Ghosh, Rohini, Lekhana. Released in: 2018."
Ratham,Chandrashekar Kanuri,"Geetanand, Chandni Bhagwanani",2018,Telugu,"Movie Title: Ratham. Directed by: Chandrashekar Kanuri. Starring: Geetanand, Chandni Bhagwanani. Released in: 2018."
Veera Bhoga Vasantha Rayalu,R. Indrasena,"Nara Rohith, Sudheer Babu, Shriya Saran, Sree Vishnu",2018,Telugu,"Movie Title: Veera Bhoga Vasantha Rayalu. Directed by: R. Indrasena. Starring: Nara Rohith, Sudheer Babu, Shriya Saran, Sree Vishnu. Released in: 2018."
Desa Dimmari,Nagesh Naradasi,"Tanish Alladi, Sherin, Suman, Mukul Dev, Fish Venkat",2018,Telugu,"Movie Title: Desa Dimmari. Directed by: Nagesh Naradasi. Starring: Tanish Alladi, Sherin, Suman, Mukul Dev, Fish Venkat. Released in: 2018."
Kathanayakulu,Habeeb Shariff,"Prayaga Bhasker, Raghavendra Rao Yadav",2018,Telugu,"Movie Title: Kathanayakulu. Directed by: Habeeb Shariff. Starring: Prayaga Bhasker, Raghavendra Rao Yadav. Released in: 2018."
Savyasachi,Chandoo Mondeti,"Naga Chaitanya, R. Madhavan, Nidhhi Agerwal, Bhumika Chawla",2018,Telugu,"Movie Title: Savyasachi. Directed by: Chandoo Mondeti. Starring: Naga Chaitanya, R. Madhavan, Nidhhi Agerwal, Bhumika Chawla. Released in: 2018."
Adhugo,Ravi Babu,"Ravi Babu, Nabha Natesh, Abhishek Varma, Bunty",2018,Telugu,"Movie Title: Adhugo. Directed by: Ravi Babu. Starring: Ravi Babu, Nabha Natesh, Abhishek Varma, Bunty. Released in: 2018."
Karma Kartha Kriya,Nagu Gawara,"Vasant Sameer, Sahar Afsha, Nutan Raj, Ravi Varma, Jayaprakash, Harsha Uppaluri",2018,Telugu,"Movie Title: Karma Kartha Kriya. Directed by: Nagu Gawara. Starring: Vasant Sameer, Sahar Afsha, Nutan Raj, Ravi Varma, Jayaprakash, Harsha Uppaluri. Released in: 2018."
Amar Akbar Anthony,Srinu Vaitla,"Ravi Teja, Ileana D'Cruz, Laya, Tarun Arora, Abhimanyu Singh, Vikramjeet Virk, Sunil, Vennela Kishore",2018,Telugu,"Movie Title: Amar Akbar Anthony. Directed by: Srinu Vaitla. Starring: Ravi Teja, Ileana D'Cruz, Laya, Tarun Arora, Abhimanyu Singh, Vikramjeet Virk, Sunil, Vennela Kishore. Released in: 2018."
Taxiwaala,Rahul Sankrityayan,"Vijay Devarakonda, Priyanka Jawlankar, Malavika Nair, Ravi Prakash",2018,Telugu,"Movie Title: Taxiwaala. Directed by: Rahul Sankrityayan. Starring: Vijay Devarakonda, Priyanka Jawlankar, Malavika Nair, Ravi Prakash. Released in: 2018."
Sarabha,N. Narasimha Rao,"Aakash Kumar, Mishti Chakraborty, Sayaji Shinde, Napolean, Nassar",2018,Telugu,"Movie Title: Sarabha. Directed by: N. Narasimha Rao. Starring: Aakash Kumar, Mishti Chakraborty, Sayaji Shinde, Napolean, Nassar. Released in: 2018."
24 Kisses,Ayodhya Kumar Krishnamsetty,"Adith Arun, Hebah Patel, Naresh, Rao Ramesh",2018,Telugu,"Movie Title: 24 Kisses. Directed by: Ayodhya Kumar Krishnamsetty. Starring: Adith Arun, Hebah Patel, Naresh, Rao Ramesh. Released in: 2018."
LAW,Gagan Gopal Mulka,"Kamal Kamaraju, Pooja Ramachandran, Mouryani, Manju Bhargavi",2018,Telugu,"Movie Title: LAW. Directed by: Gagan Gopal Mulka. Starring: Kamal Kamaraju, Pooja Ramachandran, Mouryani, Manju Bhargavi. Released in: 2018."
Rangu,Karthikeya,"Tanish, Priya Singh, Posani Krishna Murali, Raghu Karumanchi",2018,Telugu,"Movie Title: Rangu. Directed by: Karthikeya. Starring: Tanish, Priya Singh, Posani Krishna Murali, Raghu Karumanchi. Released in: 2018."
Rule,Paidi Ramesh,"Shivamani, Sona Patel",2018,Telugu,"Movie Title: Rule. Directed by: Paidi Ramesh. Starring: Shivamani, Sona Patel. Released in: 2018."
Sainyam,J. P. Sravan Kumar,"Vikranth Singh, Bhanu Prakash, Sanju Chowdhary",2018,Telugu,"Movie Title: Sainyam. Directed by: J. P. Sravan Kumar. Starring: Vikranth Singh, Bhanu Prakash, Sanju Chowdhary. Released in: 2018."
Student Power,Guna Apparao,"Venkat, Surya Kumari, Markandeya",2018,Telugu,"Movie Title: Student Power. Directed by: Guna Apparao. Starring: Venkat, Surya Kumari, Markandeya. Released in: 2018."
2 Friends,Srinivas GLB,"Suraj Gowda, Sonia Dey Sarkar, Farah Titina, Akhil Karthik",2018,Telugu,"Movie Title: 2 Friends. Directed by: Srinivas GLB. Starring: Suraj Gowda, Sonia Dey Sarkar, Farah Titina, Akhil Karthik. Released in: 2018."
Hello Guru Prema Kosame,Trinadha Rao Nakkina,"Ram Pothineni, Anupama Parameswaran, Pranitha Subhash, Prakash Raj",2018,Telugu,"Movie Title: Hello Guru Prema Kosame. Directed by: Trinadha Rao Nakkina. Starring: Ram Pothineni, Anupama Parameswaran, Pranitha Subhash, Prakash Raj. Released in: 2018."
Moodu Puvulu Aaru Kayalu,Ramaswamy,"Arjun Yagith, Bharath Bandaru, Sowmya Venugopal, Pavani",2018,Telugu,"Movie Title: Moodu Puvulu Aaru Kayalu. Directed by: Ramaswamy. Starring: Arjun Yagith, Bharath Bandaru, Sowmya Venugopal, Pavani. Released in: 2018."
Aravinda Sametha Veera Raghava,Trivikram Srinivas,"N. T. Rama Rao Jr., Pooja Hegde, Eesha Rebba, Jagapathi Babu, Sunil, Naveen Chandra, Supriya Pathak",2018,Telugu,"Movie Title: Aravinda Sametha Veera Raghava. Directed by: Trivikram Srinivas. Starring: N. T. Rama Rao Jr., Pooja Hegde, Eesha Rebba, Jagapathi Babu, Sunil, Naveen Chandra, Supriya Pathak. Released in: 2018."
Sameeram,Ravi Gundaboina,"Yashwanth, Amrita Acharya, Getup Srinu, Jabardasth Ramu",2018,Telugu,"Movie Title: Sameeram. Directed by: Ravi Gundaboina. Starring: Yashwanth, Amrita Acharya, Getup Srinu, Jabardasth Ramu. Released in: 2018."
Anu Vamsi Katha,Ramesh Mukkera,"Santhosh Raj, Neha Deshpande, Suman, Chammak Chandra",2018,Telugu,"Movie Title: Anu Vamsi Katha. Directed by: Ramesh Mukkera. Starring: Santhosh Raj, Neha Deshpande, Suman, Chammak Chandra. Released in: 2018."
C/o Kancharapalem,Venkatesh Maha,"Nithya Sree, Mohan Bhagath, Kesava. K, Radha Bessey, Vijaya Praveena Paruchuri, Subba Rao",2018,Telugu,"Movie Title: C/o Kancharapalem. Directed by: Venkatesh Maha. Starring: Nithya Sree, Mohan Bhagath, Kesava. K, Radha Bessey, Vijaya Praveena Paruchuri, Subba Rao. Released in: 2018."
Manu,Phanindra Narsetti,"Raja Gautham, Chandini Chowdhary, Aberaam Varma, Mohan Bhagath",2018,Telugu,"Movie Title: Manu. Directed by: Phanindra Narsetti. Starring: Raja Gautham, Chandini Chowdhary, Aberaam Varma, Mohan Bhagath. Released in: 2018."
Premaku Raincheck,Akella Peri Srinivas,"Abhilash Vadada, Priya Vadlamani, Monica Tavanam",2018,Telugu,"Movie Title: Premaku Raincheck. Directed by: Akella Peri Srinivas. Starring: Abhilash Vadada, Priya Vadlamani, Monica Tavanam. Released in: 2018."
Silly Fellows,Bhimaneni Srinivasa Rao,"Allari Naresh, Sunil, Chitra Shukla, Nandini Rai, Poorna",2018,Telugu,"Movie Title: Silly Fellows. Directed by: Bhimaneni Srinivasa Rao. Starring: Allari Naresh, Sunil, Chitra Shukla, Nandini Rai, Poorna. Released in: 2018."
Enduko Emo,Koti Vaddineni,"Nandu, Noel Sean, Punarnavi Bhupalam, Sudigali Sudheer",2018,Telugu,"Movie Title: Enduko Emo. Directed by: Koti Vaddineni. Starring: Nandu, Noel Sean, Punarnavi Bhupalam, Sudigali Sudheer. Released in: 2018."
Masakkali,Nabi Enugubala,"Sai Ronak, Shravya, Kashi Vishwanath, Sirisha",2018,Telugu,"Movie Title: Masakkali. Directed by: Nabi Enugubala. Starring: Sai Ronak, Shravya, Kashi Vishwanath, Sirisha. Released in: 2018."
@Nartanasala,Srinivas Chakravarthy,"Naga Shourya, Kashmira Pardeshi, Yamini Bhaskar, Jayaprakash Reddy, Ajay",2018,Telugu,"Movie Title: @Nartanasala. Directed by: Srinivas Chakravarthy. Starring: Naga Shourya, Kashmira Pardeshi, Yamini Bhaskar, Jayaprakash Reddy, Ajay. Released in: 2018."
Shailaja Reddy Alludu,Maruthi,"Naga Chaitanya, Anu Emmanuel, Ramya Krishna, Murali Sharma, Vennela Kishore, Naresh",2018,Telugu,"Movie Title: Shailaja Reddy Alludu. Directed by: Maruthi. Starring: Naga Chaitanya, Anu Emmanuel, Ramya Krishna, Murali Sharma, Vennela Kishore, Naresh. Released in: 2018."
Ee Maaya Peremito,Ramu Koppula,"Rahul Vijay, Kavya Thapar, Rajendra Prasad, Murali Sharma",2018,Telugu,"Movie Title: Ee Maaya Peremito. Directed by: Ramu Koppula. Starring: Rahul Vijay, Kavya Thapar, Rajendra Prasad, Murali Sharma. Released in: 2018."
Antharvedham,ch ravi kishore babu,"Tanikella Bharani, Amar, Santoshi, Posani Krishna Murali",2018,Telugu,"Movie Title: Antharvedham. Directed by: ch ravi kishore babu. Starring: Tanikella Bharani, Amar, Santoshi, Posani Krishna Murali. Released in: 2018."
Nannu Dochukunduvate,R. S. Naidu,"Sudheer Babu, Nabha Natesh, Nassar, Thulasi Shivamani",2018,Telugu,"Movie Title: Nannu Dochukunduvate. Directed by: R. S. Naidu. Starring: Sudheer Babu, Nabha Natesh, Nassar, Thulasi Shivamani. Released in: 2018."
Devadas,Sriram Adittya,"Nagarjuna, Nani, Rashmika Mandanna, Aakanksha Singh",2018,Telugu,"Movie Title: Devadas. Directed by: Sriram Adittya. Starring: Nagarjuna, Nani, Rashmika Mandanna, Aakanksha Singh. Released in: 2018."
Natakam,Kalyanji Gogana,"Ashish Gandhi, Ashima Narwal",2018,Telugu,"Movie Title: Natakam. Directed by: Kalyanji Gogana. Starring: Ashish Gandhi, Ashima Narwal. Released in: 2018."
Desamlo Dongalu Paddaru,Goutham Rajkumar,"Khayyum Ali, Taniahq Rajan, Ali, Pruthviraj, Lohit Kumar",2018,Telugu,"Movie Title: Desamlo Dongalu Paddaru. Directed by: Goutham Rajkumar. Starring: Khayyum Ali, Taniahq Rajan, Ali, Pruthviraj, Lohit Kumar. Released in: 2018."
Bhale Manchi Chowka Beram,Murali Krishna Mudidani,"Naveed, Mujtaba Ali Khan, Yamini Bhaskar, Kerintha Nookaraju",2018,Telugu,"Movie Title: Bhale Manchi Chowka Beram. Directed by: Murali Krishna Mudidani. Starring: Naveed, Mujtaba Ali Khan, Yamini Bhaskar, Kerintha Nookaraju. Released in: 2018."
NOTA,Anand Shankar,"Vijay Devarakonda, Mehreen Pirzada, Yashika Anand, Sathyaraj, Nassar",2018,Telugu,"Movie Title: NOTA. Directed by: Anand Shankar. Starring: Vijay Devarakonda, Mehreen Pirzada, Yashika Anand, Sathyaraj, Nassar. Released in: 2018."
U Turn,Pawan Kumar,"Samantha Akkineni, Aadhi Pinisetty, Rahul Ravindran, Bhoomika Chawla",2018,Telugu,"Movie Title: U Turn. Directed by: Pawan Kumar. Starring: Samantha Akkineni, Aadhi Pinisetty, Rahul Ravindran, Bhoomika Chawla. Released in: 2018."
Operation 2019,Karanam P. Babji,"Srikanth, Diksha Panth, Yagna Shetty",2018,Telugu,"Movie Title: Operation 2019. Directed by: Karanam P. Babji. Starring: Srikanth, Diksha Panth, Yagna Shetty. Released in: 2018."
Achari America Yatra,G. Nageswara Reddy,"Vishnu Manchu, Pragya Jaiswal, Brahmanandam, Pradeep Rawat, Thakur Anoop Singh, Kota Srinivasa Rao",2018,Telugu,"Movie Title: Achari America Yatra. Directed by: G. Nageswara Reddy. Starring: Vishnu Manchu, Pragya Jaiswal, Brahmanandam, Pradeep Rawat, Thakur Anoop Singh, Kota Srinivasa Rao. Released in: 2018."
Mercury,Karthik Subbaraj,"Prabhu Deva, Sananth Reddy, Remya Nambeesan, Deepak Paramesh, Shashank Purushotham, Anish Padmanabhan, Indhuja",2018,Telugu,"Movie Title: Mercury. Directed by: Karthik Subbaraj. Starring: Prabhu Deva, Sananth Reddy, Remya Nambeesan, Deepak Paramesh, Shashank Purushotham, Anish Padmanabhan, Indhuja. Released in: 2018."
Mental Madhilo,Vivek Athreya,"Sree Vishnu, Nivetha Pethuraj, Amrutha Srinivasan, Nara Rohit",2017,Telugu,"Movie Title: Mental Madhilo. Directed by: Vivek Athreya. Starring: Sree Vishnu, Nivetha Pethuraj, Amrutha Srinivasan, Nara Rohit. Released in: 2017."
Oxygen,A. M. Jothi Krishna,"Gopichand, Raashi Khanna, Anu Emmanuel, Jagapathi Babu, Shaam, Abhimanyu Singh",2017,Telugu,"Movie Title: Oxygen. Directed by: A. M. Jothi Krishna. Starring: Gopichand, Raashi Khanna, Anu Emmanuel, Jagapathi Babu, Shaam, Abhimanyu Singh. Released in: 2017."
Jawaan,B. V. S. Ravi,"Sai Dharam Tej, Mehreen Pirzada, Prasanna, Subbaraju",2017,Telugu,"Movie Title: Jawaan. Directed by: B. V. S. Ravi. Starring: Sai Dharam Tej, Mehreen Pirzada, Prasanna, Subbaraju. Released in: 2017."
Sapthagiri LLB,Charan Lakkaakula,"Saptagiri, Kashish Vohra, Saikumar Pudipeddi, Shakalaka Shankar",2017,Telugu,"Movie Title: Sapthagiri LLB. Directed by: Charan Lakkaakula. Starring: Saptagiri, Kashish Vohra, Saikumar Pudipeddi, Shakalaka Shankar. Released in: 2017."
B. Tech Babulu,Seenu Imandi,"Nandu, Srimukhi, Ali, Pavithra Lokesh, Naval Kishore",2017,Telugu,"Movie Title: B. Tech Babulu. Directed by: Seenu Imandi. Starring: Nandu, Srimukhi, Ali, Pavithra Lokesh, Naval Kishore. Released in: 2017."
Malli Raava,Gowtam Tinnanuri,"Sumanth, Aakanksha Singh, Kadambari Kiran, Annapoorna",2017,Telugu,"Movie Title: Malli Raava. Directed by: Gowtam Tinnanuri. Starring: Sumanth, Aakanksha Singh, Kadambari Kiran, Annapoorna. Released in: 2017."
Premika,Mahindra,"Tanish Alladi, Shruti Yagal",2017,Telugu,"Movie Title: Premika. Directed by: Mahindra. Starring: Tanish Alladi, Shruti Yagal. Released in: 2017."
Vanavillu,Lanka Prateek Prem Karan,"Lanka Prateek Prem Karan, Shravya Rao, Surekha Vani, Kasi Vishwanath",2017,Telugu,"Movie Title: Vanavillu. Directed by: Lanka Prateek Prem Karan. Starring: Lanka Prateek Prem Karan, Shravya Rao, Surekha Vani, Kasi Vishwanath. Released in: 2017."
Kiss Kiss Bang Bang,Karthik Medikonda,"Kiran, Harshada Kulkarni, Mahesh Kathi, Gayathri Gupta",2017,Telugu,"Movie Title: Kiss Kiss Bang Bang. Directed by: Karthik Medikonda. Starring: Kiran, Harshada Kulkarni, Mahesh Kathi, Gayathri Gupta. Released in: 2017."
Idhi Maa Prema Katha,Ayodhya Karthik,"Anchor Ravi, Meghana Lokesh, Prabhas Seenu, Priyadarshi Pullikonda",2017,Telugu,"Movie Title: Idhi Maa Prema Katha. Directed by: Ayodhya Karthik. Starring: Anchor Ravi, Meghana Lokesh, Prabhas Seenu, Priyadarshi Pullikonda. Released in: 2017."
Juliet Lover of Idiot,Ajay Vodhirala,"Naveen Chandra, Niveda Thomas, Abhimanyu Singh, Ester Noronha, Ali",2017,Telugu,"Movie Title: Juliet Lover of Idiot. Directed by: Ajay Vodhirala. Starring: Naveen Chandra, Niveda Thomas, Abhimanyu Singh, Ester Noronha, Ali. Released in: 2017."
Kutumba Katha Chitram,V. S. Vasu,"Nandu, Sreemukhi, Kamal Kamaraju",2017,Telugu,"Movie Title: Kutumba Katha Chitram. Directed by: V. S. Vasu. Starring: Nandu, Sreemukhi, Kamal Kamaraju. Released in: 2017."
Lacchi,Eeshwar,"Tej Dilip, Raghu Babu, Jayathi, Tejaswini, Thagubothu Ramesh, Dhanraj Sukhram",2017,Telugu,"Movie Title: Lacchi. Directed by: Eeshwar. Starring: Tej Dilip, Raghu Babu, Jayathi, Tejaswini, Thagubothu Ramesh, Dhanraj Sukhram. Released in: 2017."
Mama O Chandamama,Vishaka Venkat,"Ram Karthik, Sana Makbul, Suman, Jeeva",2017,Telugu,"Movie Title: Mama O Chandamama. Directed by: Vishaka Venkat. Starring: Ram Karthik, Sana Makbul, Suman, Jeeva. Released in: 2017."
Padipoya Nee Mayalo,RK Kampally,"Arun Gupta, Saveri Durgam, Jayavardhan",2017,Telugu,"Movie Title: Padipoya Nee Mayalo. Directed by: RK Kampally. Starring: Arun Gupta, Saveri Durgam, Jayavardhan. Released in: 2017."
Seetha...Ramuni Kosam,Anil Gopi Reddy,"Sharath Sreerangam, Karunya Chowdhary, Thagubothu Ramesh, Bala",2017,Telugu,"Movie Title: Seetha...Ramuni Kosam. Directed by: Anil Gopi Reddy. Starring: Sharath Sreerangam, Karunya Chowdhary, Thagubothu Ramesh, Bala. Released in: 2017."
Tholi Parichayam,L. Radha Krishna,"Venky, Lasya, Rajeev Kanakala, Viva Harsha",2017,Telugu,"Movie Title: Tholi Parichayam. Directed by: L. Radha Krishna. Starring: Venky, Lasya, Rajeev Kanakala, Viva Harsha. Released in: 2017."
June 1:43,Bhaskar Bantupalli,"Aditya Srivastava, Richa Saxena, Arun Babu, Dimple",2017,Telugu,"Movie Title: June 1:43. Directed by: Bhaskar Bantupalli. Starring: Aditya Srivastava, Richa Saxena, Arun Babu, Dimple. Released in: 2017."
Jandhyala Rasina Premakatha,Krishna Varma,"Sekhar, Sri Lakshmi, Gayatri Gupta, Dileep Kumar",2017,Telugu,"Movie Title: Jandhyala Rasina Premakatha. Directed by: Krishna Varma. Starring: Sekhar, Sri Lakshmi, Gayatri Gupta, Dileep Kumar. Released in: 2017."
Devi Sri Prasad,Sri Kishore,"Bhupal Raju, Manoj Nandam, Dhanraj, Pooja Ramachandran",2017,Telugu,"Movie Title: Devi Sri Prasad. Directed by: Sri Kishore. Starring: Bhupal Raju, Manoj Nandam, Dhanraj, Pooja Ramachandran. Released in: 2017."
Balakrishnudu,Pavan Mallela,"Nara Rohit, Regina Cassandra, Ramya Krishnan, Adithya Menon, Ajay",2017,Telugu,"Movie Title: Balakrishnudu. Directed by: Pavan Mallela. Starring: Nara Rohit, Regina Cassandra, Ramya Krishnan, Adithya Menon, Ajay. Released in: 2017."
Yours Lovingly,Jogi Raju Mamidi,"Prudhvi Potluri, Soumya Reddy",2017,Telugu,"Movie Title: Yours Lovingly. Directed by: Jogi Raju Mamidi. Starring: Prudhvi Potluri, Soumya Reddy. Released in: 2017."
Raja the Great,Anil Ravipudi,"Ravi Teja, Mehreen Pirzada, Radhika, Vivan Bhatena, Prakash Raj, Rajendra Prasad, Sampath Raj, Sai Kumar",2017,Telugu,"Movie Title: Raja the Great. Directed by: Anil Ravipudi. Starring: Ravi Teja, Mehreen Pirzada, Radhika, Vivan Bhatena, Prakash Raj, Rajendra Prasad, Sampath Raj, Sai Kumar. Released in: 2017."
Anaganaga Oka Durga,Prakash Pulijala,"Priyanka Naidu, Kranthi Kumar, Jabardasth Srinu, Sanjay Krishna",2017,Telugu,"Movie Title: Anaganaga Oka Durga. Directed by: Prakash Pulijala. Starring: Priyanka Naidu, Kranthi Kumar, Jabardasth Srinu, Sanjay Krishna. Released in: 2017."
Dyavudaa,Dasari Sairam,"Bhanu Prasad, Sharath Chandra, Jai, Anusha, Karunya",2017,Telugu,"Movie Title: Dyavudaa. Directed by: Dasari Sairam. Starring: Bhanu Prasad, Sharath Chandra, Jai, Anusha, Karunya. Released in: 2017."
Vunnadhi Okate Zindagi,Kishore Tirumala,"Ram Pothineni, Lavanya Tripathi, Anupama Parameswaran, Anisha Ambrose, Sree Vishnu, Kireeti Damaraju, Priyadarshi Pullikonda, Anand",2017,Telugu,"Movie Title: Vunnadhi Okate Zindagi. Directed by: Kishore Tirumala. Starring: Ram Pothineni, Lavanya Tripathi, Anupama Parameswaran, Anisha Ambrose, Sree Vishnu, Kireeti Damaraju, Priyadarshi Pullikonda, Anand. Released in: 2017."
Angel,Bahubali Palani,"Naga Anvesh, Hebah Patel, Suman, Kabir Duhan Singh, Saptagiri, Pradeep Rawat, Shayaji Shinde",2017,Telugu,"Movie Title: Angel. Directed by: Bahubali Palani. Starring: Naga Anvesh, Hebah Patel, Suman, Kabir Duhan Singh, Saptagiri, Pradeep Rawat, Shayaji Shinde. Released in: 2017."
Next Nuvve,Prabhakar Podakandla,"Aadi, Vaibhavi Shandilya, Rashmi Gautam, Srinivas Avasarala, Brahmaji",2017,Telugu,"Movie Title: Next Nuvve. Directed by: Prabhakar Podakandla. Starring: Aadi, Vaibhavi Shandilya, Rashmi Gautam, Srinivas Avasarala, Brahmaji. Released in: 2017."
PSV Garuda Vega,Praveen Sattaru,"Rajasekhar, Adith Arun, Kishore, Pooja Kumar, Shraddha Das",2017,Telugu,"Movie Title: PSV Garuda Vega. Directed by: Praveen Sattaru. Starring: Rajasekhar, Adith Arun, Kishore, Pooja Kumar, Shraddha Das. Released in: 2017."
Undha Ledha,Siva Prasad,"Ramakrishna, Ankitha",2017,Telugu,"Movie Title: Undha Ledha. Directed by: Siva Prasad. Starring: Ramakrishna, Ankitha. Released in: 2017."
C/o Surya,Suseenthiran,"Sundeep Kishan, Mehreen Pirzada, Harish Uthaman, Vikranth",2017,Telugu,"Movie Title: C/o Surya. Directed by: Suseenthiran. Starring: Sundeep Kishan, Mehreen Pirzada, Harish Uthaman, Vikranth. Released in: 2017."
Dare,K. Krishna Prasad,"Naviin, Pallavi, Sakshi",2017,Telugu,"Movie Title: Dare. Directed by: K. Krishna Prasad. Starring: Naviin, Pallavi, Sakshi. Released in: 2017."
London Babulu,Chinni Krishna,"Rakshith, Swati Reddy, Murali Sharma, Satya, Dhanraj",2017,Telugu,"Movie Title: London Babulu. Directed by: Chinni Krishna. Starring: Rakshith, Swati Reddy, Murali Sharma, Satya, Dhanraj. Released in: 2017."
Lovers Club,Dhruv Shekar,"Anish Chandra, Aryan, Pavani, Poorni, Ajay Ratnam",2017,Telugu,"Movie Title: Lovers Club. Directed by: Dhruv Shekar. Starring: Anish Chandra, Aryan, Pavani, Poorni, Ajay Ratnam. Released in: 2017."
Prema Entha Madhuram Priyuralu Antha Katinam,Goverdhan Gajjala,"Chandrakanth Datta, Radhika Mehrotra, Pallavi Dora, Thulasi Shivamani, Tanikella Bharani",2017,Telugu,"Movie Title: Prema Entha Madhuram Priyuralu Antha Katinam. Directed by: Goverdhan Gajjala. Starring: Chandrakanth Datta, Radhika Mehrotra, Pallavi Dora, Thulasi Shivamani, Tanikella Bharani. Released in: 2017."
Prematho Mee Karthik,Rishi,"Kartikeya Gummakonda, Simrat Kaur, Gollapudi Maruti Rao, Murali Sharma",2017,Telugu,"Movie Title: Prematho Mee Karthik. Directed by: Rishi. Starring: Kartikeya Gummakonda, Simrat Kaur, Gollapudi Maruti Rao, Murali Sharma. Released in: 2017."
Snehamera Jeevitham,Upputuri Mahesh,"Siva Balaji, Rajeev Kanakala, Sushma Yarlagadda, Chalapati Rao",2017,Telugu,"Movie Title: Snehamera Jeevitham. Directed by: Upputuri Mahesh. Starring: Siva Balaji, Rajeev Kanakala, Sushma Yarlagadda, Chalapati Rao. Released in: 2017."
Napoleon,Anand Ravi,"Anand Ravi, Komalee Prasad, Ravi Varma",2017,Telugu,"Movie Title: Napoleon. Directed by: Anand Ravi. Starring: Anand Ravi, Komalee Prasad, Ravi Varma. Released in: 2017."
Baby,D. Suresh,"Baby Sathanya, Srivarshini, Manoj K. Bharathi, Shira",2017,Telugu,"Movie Title: Baby. Directed by: D. Suresh. Starring: Baby Sathanya, Srivarshini, Manoj K. Bharathi, Shira. Released in: 2017."
Okkadu Migiladu,Ajay Andrews,"Manchu Manoj, Anisha Ambrose, Suhasini Maniratnam, Milind Gunaji, Posani Krishna Murali",2017,Telugu,"Movie Title: Okkadu Migiladu. Directed by: Ajay Andrews. Starring: Manchu Manoj, Anisha Ambrose, Suhasini Maniratnam, Milind Gunaji, Posani Krishna Murali. Released in: 2017."
Bharat Ane Nenu,Koratala Siva,"Mahesh Babu, Kiara Advani, Prakash Raj, R. Sarathkumar, Devaraj, P. Ravi Shankar, Yashpal Sharma",2018,Telugu,"Movie Title: Bharat Ane Nenu. Directed by: Koratala Siva. Starring: Mahesh Babu, Kiara Advani, Prakash Raj, R. Sarathkumar, Devaraj, P. Ravi Shankar, Yashpal Sharma. Released in: 2018."
Middle Class Abbayi,Venu Sree Raam,"Nani, Sai Pallavi, Bhumika Chawla",2017,Telugu,"Movie Title: Middle Class Abbayi. Directed by: Venu Sree Raam. Starring: Nani, Sai Pallavi, Bhumika Chawla. Released in: 2017."
Hello,Vikram Kumar,"Akhil Akkineni, Kalyani Priyadarshan, Jagapathi Babu, Ramya Krishna, Ajay",2017,Telugu,"Movie Title: Hello. Directed by: Vikram Kumar. Starring: Akhil Akkineni, Kalyani Priyadarshan, Jagapathi Babu, Ramya Krishna, Ajay. Released in: 2017."
Hyderabad Love Story,Raj Satya,"Rahul Ravindran, Reshmi Menon, Jiya",2018,Telugu,"Movie Title: Hyderabad Love Story. Directed by: Raj Satya. Starring: Rahul Ravindran, Reshmi Menon, Jiya. Released in: 2018."
Juvva,Trikoti Peta,"Ranjith Somi, Palak Lalwani, Posani Krishna Murali, Ali",2018,Telugu,"Movie Title: Juvva. Directed by: Trikoti Peta. Starring: Ranjith Somi, Palak Lalwani, Posani Krishna Murali, Ali. Released in: 2018."
Raa Raa,L. Ramakrishna Raju,"Meka Srikanth, Naziya, Posani Krishna Murali, Raghu Karumanchi, Shakalaka Shankar",2018,Telugu,"Movie Title: Raa Raa. Directed by: L. Ramakrishna Raju. Starring: Meka Srikanth, Naziya, Posani Krishna Murali, Raghu Karumanchi, Shakalaka Shankar. Released in: 2018."
Ye Mantram Vesave,Sridhar Marri,"Vijay Deverakonda, Shivani Singh",2018,Telugu,"Movie Title: Ye Mantram Vesave. Directed by: Sridhar Marri. Starring: Vijay Deverakonda, Shivani Singh. Released in: 2018."
Aithe 2.0,Raj Madiraju,"Indraneil Sengupta, Zara Shah, Kartavya Sharma, Abhishek Gupta",2018,Telugu,"Movie Title: Aithe 2.0. Directed by: Raj Madiraju. Starring: Indraneil Sengupta, Zara Shah, Kartavya Sharma, Abhishek Gupta. Released in: 2018."
Kirrak Party,Sharan Koppisetty,"Nikhil Siddharth, Simran Pareenja, Samyuktha Hegde, Rakendu Mouli",2018,Telugu,"Movie Title: Kirrak Party. Directed by: Sharan Koppisetty. Starring: Nikhil Siddharth, Simran Pareenja, Samyuktha Hegde, Rakendu Mouli. Released in: 2018."
Nelluri Pedda Reddy,V. J. Reddy,"Satish Reddy, Mouryani, Ambati Srinivas",2018,Telugu,"Movie Title: Nelluri Pedda Reddy. Directed by: V. J. Reddy. Starring: Satish Reddy, Mouryani, Ambati Srinivas. Released in: 2018."
Vadena,Sai Suneel Nimmala,"Shiv Tandel, Neha Deshpande, Ajay Ghosh",2018,Telugu,"Movie Title: Vadena. Directed by: Sai Suneel Nimmala. Starring: Shiv Tandel, Neha Deshpande, Ajay Ghosh. Released in: 2018."
Manasainodu,Satyavarapu Venkateswararao,"Manoj Nandam, Priya Singh, Posani Krishna Murali, Raghu Babu",2018,Telugu,"Movie Title: Manasainodu. Directed by: Satyavarapu Venkateswararao. Starring: Manoj Nandam, Priya Singh, Posani Krishna Murali, Raghu Babu. Released in: 2018."
Anaganaga Oka Vullo,Sai Krishna K. V.,"Ashok Kumar, Priyanka Sharma, Suman, Krishnudu",2018,Telugu,"Movie Title: Anaganaga Oka Vullo. Directed by: Sai Krishna K. V.. Starring: Ashok Kumar, Priyanka Sharma, Suman, Krishnudu. Released in: 2018."
MLA,Upendra Madhav,"Nandamuri Kalyan Ram, Kajal Aggarwal, Ravi Kishan, Brahmanandam",2018,Telugu,"Movie Title: MLA. Directed by: Upendra Madhav. Starring: Nandamuri Kalyan Ram, Kajal Aggarwal, Ravi Kishan, Brahmanandam. Released in: 2018."
Needi Naadi Oke Katha,Udugula Venu,"Sree Vishnu, Satna Titus, Nara Rohit, Posani Krishna Murali",2018,Telugu,"Movie Title: Needi Naadi Oke Katha. Directed by: Udugula Venu. Starring: Sree Vishnu, Satna Titus, Nara Rohit, Posani Krishna Murali. Released in: 2018."
Rangasthalam,Sukumar,"Ram Charan, Samantha Akkineni, Aadhi Pinisetty, Jagapathi Babu, Prakash Raj",2018,Telugu,"Movie Title: Rangasthalam. Directed by: Sukumar. Starring: Ram Charan, Samantha Akkineni, Aadhi Pinisetty, Jagapathi Babu, Prakash Raj. Released in: 2018."
Chal Mohan Ranga,Krishna Chaitanya,"Nithiin, Megha Akash, Madhunandan, Rao Ramesh, Sanjay Swaroop",2018,Telugu,"Movie Title: Chal Mohan Ranga. Directed by: Krishna Chaitanya. Starring: Nithiin, Megha Akash, Madhunandan, Rao Ramesh, Sanjay Swaroop. Released in: 2018."
Satya Gang,Prabhas Nimmala,"Sathvik Eshwar, Prathyush, Akshita, Harshitha Singh, Suman, Suhasini Maniratnam",2018,Telugu,"Movie Title: Satya Gang. Directed by: Prabhas Nimmala. Starring: Sathvik Eshwar, Prathyush, Akshita, Harshitha Singh, Suman, Suhasini Maniratnam. Released in: 2018."
Ameerpet 2 America,Challa Bhanu Kiran Rammohan Komanduri,"Tejas, Pallavi Dora, Vamsi Krishna, Vamshi Koduri, Meghana Lokesh, Sasha Singh, Mahita Beeram",2018,Telugu,"Movie Title: Ameerpet 2 America. Directed by: Challa Bhanu Kiran Rammohan Komanduri. Starring: Tejas, Pallavi Dora, Vamsi Krishna, Vamshi Koduri, Meghana Lokesh, Sasha Singh, Mahita Beeram. Released in: 2018."
Krishnarjuna Yuddham,Merlapaka Gandhi,"Nani, Anupama Parameswaran, Rukshar Mir, Brahmaji",2018,Telugu,"Movie Title: Krishnarjuna Yuddham. Directed by: Merlapaka Gandhi. Starring: Nani, Anupama Parameswaran, Rukshar Mir, Brahmaji. Released in: 2018."
Chalte Chalte,Pradeep K. K.,"Vishwadev Rachakonda, Priyanka Jain, Rajashree Nayar, Shayaji Shinde, Rao Ramesh",2018,Telugu,"Movie Title: Chalte Chalte. Directed by: Pradeep K. K.. Starring: Vishwadev Rachakonda, Priyanka Jain, Rajashree Nayar, Shayaji Shinde, Rao Ramesh. Released in: 2018."
Soda Golisoda,Hari Babu,"Maanas, Nitya Naresh, Brahmanandam, Ali, Shakalaka Shankar, Krishna Bhagawan",2018,Telugu,"Movie Title: Soda Golisoda. Directed by: Hari Babu. Starring: Maanas, Nitya Naresh, Brahmanandam, Ali, Shakalaka Shankar, Krishna Bhagawan. Released in: 2018."
Rachayitha,Vidya Sagar Raju,"Vidya Sagar Raju, Sanchita Padukone, Ragini, Supriya",2018,Telugu,"Movie Title: Rachayitha. Directed by: Vidya Sagar Raju. Starring: Vidya Sagar Raju, Sanchita Padukone, Ragini, Supriya. Released in: 2018."
Manasuku Nachindi,Manjula Ghattamaneni,"Sundeep Kishan, Amyra Dastur, Tridha Choudhury, Adith Arun, Priyadarshi Pullikonda",2018,Telugu,"Movie Title: Manasuku Nachindi. Directed by: Manjula Ghattamaneni. Starring: Sundeep Kishan, Amyra Dastur, Tridha Choudhury, Adith Arun, Priyadarshi Pullikonda. Released in: 2018."
Okka Kshanam,Vi Anand,"Allu Sirish, Surbhi, Seerat Kapoor, Srinivas Avasarala, Jayaprakash",2017,Telugu,"Movie Title: Okka Kshanam. Directed by: Vi Anand. Starring: Allu Sirish, Surbhi, Seerat Kapoor, Srinivas Avasarala, Jayaprakash. Released in: 2017."
2 Countries,N. Shankar,"Sunil, Manisha Raj, Sanjjanaa, Naresh",2017,Telugu,"Movie Title: 2 Countries. Directed by: N. Shankar. Starring: Sunil, Manisha Raj, Sanjjanaa, Naresh. Released in: 2017."
Chilkur Balaji,Allani Sridhar,"Sunil Sharma, Saikumar, S. P. Balasubrahmanyam, Aamani, Bhanu Sri Mehra, Suman",2018,Telugu,"Movie Title: Chilkur Balaji. Directed by: Allani Sridhar. Starring: Sunil Sharma, Saikumar, S. P. Balasubrahmanyam, Aamani, Bhanu Sri Mehra, Suman. Released in: 2018."
Agnyaathavaasi,Trivikram Srinivas,"Pawan Kalyan, Keerthy Suresh, Anu Emmanuel, Aadhi Pinisetty, Boman Irani",2018,Telugu,"Movie Title: Agnyaathavaasi. Directed by: Trivikram Srinivas. Starring: Pawan Kalyan, Keerthy Suresh, Anu Emmanuel, Aadhi Pinisetty, Boman Irani. Released in: 2018."
Jai Simha,K. S. Ravikumar,"Nandamuri Balakrishna, Nayantara, Haripriya, Natasha Doshi, Prakash Raj, Ashutosh Rana",2018,Telugu,"Movie Title: Jai Simha. Directed by: K. S. Ravikumar. Starring: Nandamuri Balakrishna, Nayantara, Haripriya, Natasha Doshi, Prakash Raj, Ashutosh Rana. Released in: 2018."
Rangula Ratnam,Sri Rajani,"Raj Tarun, Chitra Shukla, Priyadarshi Pullikonda, Sithara",2018,Telugu,"Movie Title: Rangula Ratnam. Directed by: Sri Rajani. Starring: Raj Tarun, Chitra Shukla, Priyadarshi Pullikonda, Sithara. Released in: 2018."
3 Mukhi,Aishwarya Addala,"Aishwarya Addala, Satyanand, Gopi Chand, Yadha Kumar",2018,Telugu,"Movie Title: 3 Mukhi. Directed by: Aishwarya Addala. Starring: Aishwarya Addala, Satyanand, Gopi Chand, Yadha Kumar. Released in: 2018."
Ego,R. V. Subramanyam,"Aashish Raj Bidkikar, Simran Sharma, Diksha Panth",2018,Telugu,"Movie Title: Ego. Directed by: R. V. Subramanyam. Starring: Aashish Raj Bidkikar, Simran Sharma, Diksha Panth. Released in: 2018."
E Ee,Ram Ganapati Rao,"Neiraj Sham, Naira Shah, Thagubothu Ramesh, Krishna Bhagawan",2017,Telugu,"Movie Title: E Ee. Directed by: Ram Ganapati Rao. Starring: Neiraj Sham, Naira Shah, Thagubothu Ramesh, Krishna Bhagawan. Released in: 2017."
Bhaagamathie,G. Ashok,"Anushka Shetty, Jayaram, Unni Mukundan, Asha Sarath, Murali Sharma",2018,Telugu,"Movie Title: Bhaagamathie. Directed by: G. Ashok. Starring: Anushka Shetty, Jayaram, Unni Mukundan, Asha Sarath, Murali Sharma. Released in: 2018."
HBD - Hacked By Devil,Krishna Karthik,"Santoshi Sharma, Meghana, Himaja",2018,Telugu,"Movie Title: HBD - Hacked By Devil. Directed by: Krishna Karthik. Starring: Santoshi Sharma, Meghana, Himaja. Released in: 2018."
Touch Chesi Chudu,Vikram Sirikonda,"Ravi Teja, Raashi Khanna, Seerat Kapoor, Freddy Daruwala",2018,Telugu,"Movie Title: Touch Chesi Chudu. Directed by: Vikram Sirikonda. Starring: Ravi Teja, Raashi Khanna, Seerat Kapoor, Freddy Daruwala. Released in: 2018."
Howrah Bridge,Revan Yadhu,"Rahul Ravindran, Chandini Chowdhary, Manali Rathod, Rao Ramesh, Ajay, Ali",2018,Telugu,"Movie Title: Howrah Bridge. Directed by: Revan Yadhu. Starring: Rahul Ravindran, Chandini Chowdhary, Manali Rathod, Rao Ramesh, Ajay, Ali. Released in: 2018."
Gayatri,R. R. Madan,"Mohan Babu, Shriya Saran, Vishnu Manchu, Brahmanandam",2018,Telugu,"Movie Title: Gayatri. Directed by: R. R. Madan. Starring: Mohan Babu, Shriya Saran, Vishnu Manchu, Brahmanandam. Released in: 2018."
Inttelligent,V. V. Vinayak,"Sai Dharam Tej, Lavanya Tripathi, Rahul Dev, Ashish Vidyarthi, Sayaji Shinde, Nassar, Dev Gill, Jaya Prakash Reddy, Brahmanandam",2018,Telugu,"Movie Title: Inttelligent. Directed by: V. V. Vinayak. Starring: Sai Dharam Tej, Lavanya Tripathi, Rahul Dev, Ashish Vidyarthi, Sayaji Shinde, Nassar, Dev Gill, Jaya Prakash Reddy, Brahmanandam. Released in: 2018."
Tholi Prema,Venky Atluri,"Varun Tej, Raashi Khanna",2018,Telugu,"Movie Title: Tholi Prema. Directed by: Venky Atluri. Starring: Varun Tej, Raashi Khanna. Released in: 2018."
Idi Naa Love Story,M. Ramesh Gopi,"Tarun Kumar, Oviya, Manchu Manoj",2018,Telugu,"Movie Title: Idi Naa Love Story. Directed by: M. Ramesh Gopi. Starring: Tarun Kumar, Oviya, Manchu Manoj. Released in: 2018."
Awe,Prashanth Varma,"Kajal Aggarwal, Nithya Menen, Regina Cassandra, Eesha Rebba, Srinivas Avasarala, Murali Sharma",2018,Telugu,"Movie Title: Awe. Directed by: Prashanth Varma. Starring: Kajal Aggarwal, Nithya Menen, Regina Cassandra, Eesha Rebba, Srinivas Avasarala, Murali Sharma. Released in: 2018."
Chalo,Venky Kudumula,"Naga Shaurya, Rashmika Mandanna, Naresh, Achyuth Kumar, Raghu Babu",2018,Telugu,"Movie Title: Chalo. Directed by: Venky Kudumula. Starring: Naga Shaurya, Rashmika Mandanna, Naresh, Achyuth Kumar, Raghu Babu. Released in: 2018."
Raju Gari Gadhi 2,Ohmkar,"Nagarjuna, Samantha Ruth Prabhu, Seerat Kapoor, Abhinaya, Rao Ramesh, Vennela Kishore, Ashwin Babu, Praveen",2017,Telugu,"Movie Title: Raju Gari Gadhi 2. Directed by: Ohmkar. Starring: Nagarjuna, Samantha Ruth Prabhu, Seerat Kapoor, Abhinaya, Rao Ramesh, Vennela Kishore, Ashwin Babu, Praveen. Released in: 2017."
Kavacham,Srinivas Mamilla,"Bellamkonda Sreenivas, Neil Nitin Mukesh, Kajal Aggarwal, Mehreen Pirzada, Harshvardhan Rane, Mukesh Rishi, Harish Uthaman, Posani Krishna Murali",2018,Telugu,"Movie Title: Kavacham. Directed by: Srinivas Mamilla. Starring: Bellamkonda Sreenivas, Neil Nitin Mukesh, Kajal Aggarwal, Mehreen Pirzada, Harshvardhan Rane, Mukesh Rishi, Harish Uthaman, Posani Krishna Murali. Released in: 2018."
Subhalekha + Lu,Sarrath Narwade,"Sreenivasa Sayee, Deeksha Sharma Raina, Priya Vadlamani, Vamsi Raj, Mona Bedre, Appaji Ambarisha Darbha",2018,Telugu,"Movie Title: Subhalekha + Lu. Directed by: Sarrath Narwade. Starring: Sreenivasa Sayee, Deeksha Sharma Raina, Priya Vadlamani, Vamsi Raj, Mona Bedre, Appaji Ambarisha Darbha. Released in: 2018."
Nene Kedi No.1,Johni,"Shakalaka Shankar, Khushi Gadhvi, Gurleen Chopra, Mukul Dev",2019,Telugu,"Movie Title: Nene Kedi No.1. Directed by: Johni. Starring: Shakalaka Shankar, Khushi Gadhvi, Gurleen Chopra, Mukul Dev. Released in: 2019."
Saaho,Sujeeth,"Prabhas, Shraddha Kapoor, Neil Nitin Mukesh, Arun Vijay, Jackie Shroff, Chunky Pandey, Mahesh Manjrekar, Lal, Mandira Bedi, Murali Sharma, Vennela Kishore, Evelyn Sharma, Supreeth",2019,Telugu,"Movie Title: Saaho. Directed by: Sujeeth. Starring: Prabhas, Shraddha Kapoor, Neil Nitin Mukesh, Arun Vijay, Jackie Shroff, Chunky Pandey, Mahesh Manjrekar, Lal, Mandira Bedi, Murali Sharma, Vennela Kishore, Evelyn Sharma, Supreeth. Released in: 2019."
Jodi,Viswanath Arigella,"Aadi Saikumar, Shraddha Srinath",2019,Telugu,"Movie Title: Jodi. Directed by: Viswanath Arigella. Starring: Aadi Saikumar, Shraddha Srinath. Released in: 2019."
Nani's Gang Leader,Vikram Kumar,"Nani, Priyanka Mohan, Kartikeya Gummakonda, Lakshmi, Saranya Ponvannan",2019,Telugu,"Movie Title: Nani's Gang Leader. Directed by: Vikram Kumar. Starring: Nani, Priyanka Mohan, Kartikeya Gummakonda, Lakshmi, Saranya Ponvannan. Released in: 2019."
Marshal,Jai Raaja Singh,"Abhay Adaka, Srikanth, Megha Chowdhury",2019,Telugu,"Movie Title: Marshal. Directed by: Jai Raaja Singh. Starring: Abhay Adaka, Srikanth, Megha Chowdhury. Released in: 2019."
Gaddalakonda Ganesh,Harish Shankar,"Varun Tej, Atharvaa, Pooja Hegde, Mirnalini Ravi",2019,Telugu,"Movie Title: Gaddalakonda Ganesh. Directed by: Harish Shankar. Starring: Varun Tej, Atharvaa, Pooja Hegde, Mirnalini Ravi. Released in: 2019."
Nenu Naa Nagarjuna,R. B. Gopal,"Mahesh Achanta, Somi Verma, Suman Shetty",2019,Telugu,"Movie Title: Nenu Naa Nagarjuna. Directed by: R. B. Gopal. Starring: Mahesh Achanta, Somi Verma, Suman Shetty. Released in: 2019."
Pandugadi Photo Studio,Dileep Raj,"Ali, Babu Mohan, Bhavya Sri, Jeeva",2019,Telugu,"Movie Title: Pandugadi Photo Studio. Directed by: Dileep Raj. Starring: Ali, Babu Mohan, Bhavya Sri, Jeeva. Released in: 2019."
Rama Chakkani Seetha,Sriharsha Manda,"Indhra, Sukrutha Wagle, Ravi Babu, Rahul Sipligunj",2019,Telugu,"Movie Title: Rama Chakkani Seetha. Directed by: Sriharsha Manda. Starring: Indhra, Sukrutha Wagle, Ravi Babu, Rahul Sipligunj. Released in: 2019."
Rayalaseema Love Story,Ram Ranadheer,"Venkat, Pavani, Hrishali",2019,Telugu,"Movie Title: Rayalaseema Love Story. Directed by: Ram Ranadheer. Starring: Venkat, Pavani, Hrishali. Released in: 2019."
Ninnu Thalachi,Anil Thota,"Vamsi Yakasiri, Stefy Patel",2019,Telugu,"Movie Title: Ninnu Thalachi. Directed by: Anil Thota. Starring: Vamsi Yakasiri, Stefy Patel. Released in: 2019."
Sye Raa Narasimha Reddy,Surender Reddy,"Chiranjeevi, Nayanthara, Tamannaah, Jagapati Babu, Sudeep, Vijay Sethupathi",2019,Telugu,"Movie Title: Sye Raa Narasimha Reddy. Directed by: Surender Reddy. Starring: Chiranjeevi, Nayanthara, Tamannaah, Jagapati Babu, Sudeep, Vijay Sethupathi. Released in: 2019."
Chanakya,Thiru,"Gopichand, Mehreen Pirzada, Zareen Khan, Rajesh Khattar",2019,Telugu,"Movie Title: Chanakya. Directed by: Thiru. Starring: Gopichand, Mehreen Pirzada, Zareen Khan, Rajesh Khattar. Released in: 2019."
Oorantha Anukuntunnaru,Balaji,"Srinivas Avasarala, Nawin Vijaya Krishna, Megha Chowdhury, Sophiya Singh",2019,Telugu,"Movie Title: Oorantha Anukuntunnaru. Directed by: Balaji. Starring: Srinivas Avasarala, Nawin Vijaya Krishna, Megha Chowdhury, Sophiya Singh. Released in: 2019."
Evvarikee Cheppoddu,Basava Shanker,"Rakesh Varre, Gargeyi Yellapragada, Vamsi Nakkanti",2019,Telugu,"Movie Title: Evvarikee Cheppoddu. Directed by: Basava Shanker. Starring: Rakesh Varre, Gargeyi Yellapragada, Vamsi Nakkanti. Released in: 2019."
RDX Love,Bhanu Shankar,"Payal Rajput, Tejus Kancherla, Dr V. K. Naresh, Mumaith Khan",2019,Telugu,"Movie Title: RDX Love. Directed by: Bhanu Shankar. Starring: Payal Rajput, Tejus Kancherla, Dr V. K. Naresh, Mumaith Khan. Released in: 2019."
Krishna Rao Supermarket,Sreenath Pulakuram,"Kriishna, Elsa Ghosh, Tanikella Bharani, Ravi Prakash, Sana, Gowtham Raju",2019,Telugu,"Movie Title: Krishna Rao Supermarket. Directed by: Sreenath Pulakuram. Starring: Kriishna, Elsa Ghosh, Tanikella Bharani, Ravi Prakash, Sana, Gowtham Raju. Released in: 2019."
Hawaa,Mahesh Reddy,"Chaitanya Rao Madadi, Divi Prasanna, Phoebe Jakober, Kamal Krishna",2019,Telugu,"Movie Title: Hawaa. Directed by: Mahesh Reddy. Starring: Chaitanya Rao Madadi, Divi Prasanna, Phoebe Jakober, Kamal Krishna. Released in: 2019."
Kousalya Krishnamurthy,Bhimaneni Srinivasa Rao,"Aishwarya Rajesh, Rajendra Prasad, Karthik Raju",2019,Telugu,"Movie Title: Kousalya Krishnamurthy. Directed by: Bhimaneni Srinivasa Rao. Starring: Aishwarya Rajesh, Rajendra Prasad, Karthik Raju. Released in: 2019."
Edaina Jaragocchu,K. Rama Kanth,"Bobby Simha, Sasha Singh, Ajay Ghosh, Vijay Raja",2019,Telugu,"Movie Title: Edaina Jaragocchu. Directed by: K. Rama Kanth. Starring: Bobby Simha, Sasha Singh, Ajay Ghosh, Vijay Raja. Released in: 2019."
Boy,Amar Viswaraj,"Lakshya Sinha, Sahithi, Vinay Varma",2019,Telugu,"Movie Title: Boy. Directed by: Amar Viswaraj. Starring: Lakshya Sinha, Sahithi, Vinay Varma. Released in: 2019."
Durmargudu,Suneeth Jampa,"Zaara Khan, Vijay Krishna, Racha Ravi, Jabardast Murali.",2019,Telugu,"Movie Title: Durmargudu. Directed by: Suneeth Jampa. Starring: Zaara Khan, Vijay Krishna, Racha Ravi, Jabardast Murali.. Released in: 2019."
Dorasaani,K. V. R. Mahendra,"Anand Devarakonda, Shivatmika Rajashekar, Kishore, Vinay Varma",2019,Telugu,"Movie Title: Dorasaani. Directed by: K. V. R. Mahendra. Starring: Anand Devarakonda, Shivatmika Rajashekar, Kishore, Vinay Varma. Released in: 2019."
KS100,Sher,"Sameer Khan, Shraddha Sharma, Sunita Pandey",2019,Telugu,"Movie Title: KS100. Directed by: Sher. Starring: Sameer Khan, Shraddha Sharma, Sunita Pandey. Released in: 2019."
Ninu Veedani Needanu Nene,Caarthick Raju,"Sundeep Kishan, Anya Singh, Pragathi, Vennela Kishore, Murali Sharma",2019,Telugu,"Movie Title: Ninu Veedani Needanu Nene. Directed by: Caarthick Raju. Starring: Sundeep Kishan, Anya Singh, Pragathi, Vennela Kishore, Murali Sharma. Released in: 2019."
Marketlo Prajaswamyam,R. Narayana Murthy,"R. Narayana Murthy, Madhavi",2019,Telugu,"Movie Title: Marketlo Prajaswamyam. Directed by: R. Narayana Murthy. Starring: R. Narayana Murthy, Madhavi. Released in: 2019."
Rajdooth,"Arjun Gunnala, Cartyk","Meghamsh Srihari, Nakshatra, Ravi Varma, Kota Srinivasa Rao, Manobala",2019,Telugu,"Movie Title: Rajdooth. Directed by: Arjun Gunnala, Cartyk. Starring: Meghamsh Srihari, Nakshatra, Ravi Varma, Kota Srinivasa Rao, Manobala. Released in: 2019."
iSmart Shankar,Puri Jagannadh,"Ram Pothineni, Nidhhi Agerwal, Nabha Natesh, Puneet Issar, Satyadev, Ashish Vidyarthi, Shayaji Shinde",2019,Telugu,"Movie Title: iSmart Shankar. Directed by: Puri Jagannadh. Starring: Ram Pothineni, Nidhhi Agerwal, Nabha Natesh, Puneet Issar, Satyadev, Ashish Vidyarthi, Shayaji Shinde. Released in: 2019."
Dear Comrade,Bharat Kamma,"Vijay Devarakonda, Rashmika Mandanna, Shruti Ramachandran",2019,Telugu,"Movie Title: Dear Comrade. Directed by: Bharat Kamma. Starring: Vijay Devarakonda, Rashmika Mandanna, Shruti Ramachandran. Released in: 2019."
Malli Malli Chusa,Hemanth Karthik,"Anurag Konidena, Shweta Avasthi, Kairavi Thakkar",2019,Telugu,"Movie Title: Malli Malli Chusa. Directed by: Hemanth Karthik. Starring: Anurag Konidena, Shweta Avasthi, Kairavi Thakkar. Released in: 2019."
Nenu Lenu,Ram Kumar A.S.K,"Harshith Koditham, Sri Padma",2019,Telugu,"Movie Title: Nenu Lenu. Directed by: Ram Kumar A.S.K. Starring: Harshith Koditham, Sri Padma. Released in: 2019."
Guna 369,Arjun Jandhyala,"Kartikeya Gummakonda, Anagha, Adhitya, Shivaji Raja",2019,Telugu,"Movie Title: Guna 369. Directed by: Arjun Jandhyala. Starring: Kartikeya Gummakonda, Anagha, Adhitya, Shivaji Raja. Released in: 2019."
Rakshasudu,Ramesh Varma,"Bellamkonda Sreenivas, Anupama Parameswaran",2019,Telugu,"Movie Title: Rakshasudu. Directed by: Ramesh Varma. Starring: Bellamkonda Sreenivas, Anupama Parameswaran. Released in: 2019."
Sivaranjani,Naaga Prabhakkar,"Rashmi Gautham, Nandu, Nandini Rai, Akhil Karthik, Dhanraj, Delhi Rajeshwari",2019,Telugu,"Movie Title: Sivaranjani. Directed by: Naaga Prabhakkar. Starring: Rashmi Gautham, Nandu, Nandini Rai, Akhil Karthik, Dhanraj, Delhi Rajeshwari. Released in: 2019."
Kathanam,Rajesh Nadendla,"Anasuya Bharadwaj, Srinivas Avasarala, Vennela Kishore",2019,Telugu,"Movie Title: Kathanam. Directed by: Rajesh Nadendla. Starring: Anasuya Bharadwaj, Srinivas Avasarala, Vennela Kishore. Released in: 2019."
Manmadhudu 2,Rahul Ravindran,"Nagarjuna, Rakul Preet Singh",2019,Telugu,"Movie Title: Manmadhudu 2. Directed by: Rahul Ravindran. Starring: Nagarjuna, Rakul Preet Singh. Released in: 2019."
Kobbari Matta,Rupak Ronaldson,"Sampoornesh Babu, Ishika Singh, Gayatri Gupta",2019,Telugu,"Movie Title: Kobbari Matta. Directed by: Rupak Ronaldson. Starring: Sampoornesh Babu, Ishika Singh, Gayatri Gupta. Released in: 2019."
Evaru,Venkat Ramji,"Adivi Sesh, Regina Cassandra, Naveen Chandra, Murali Sharma",2019,Telugu,"Movie Title: Evaru. Directed by: Venkat Ramji. Starring: Adivi Sesh, Regina Cassandra, Naveen Chandra, Murali Sharma. Released in: 2019."
Ranarangam,Sudheer Varma,"Sharwanand, Kajal Aggarwal, Kalyani Priyadarshan",2019,Telugu,"Movie Title: Ranarangam. Directed by: Sudheer Varma. Starring: Sharwanand, Kajal Aggarwal, Kalyani Priyadarshan. Released in: 2019."
Bailampudi,Anil Raj,"Harish Vinay, Tanishq Tiwari",2019,Telugu,"Movie Title: Bailampudi. Directed by: Anil Raj. Starring: Harish Vinay, Tanishq Tiwari. Released in: 2019."
Oh! Baby,B. V. Nandini Reddy,"Samantha Akkineni, Naga Shaurya, Rajendra Prasad, Lakshmi, Urvashi",2019,Telugu,"Movie Title: Oh! Baby. Directed by: B. V. Nandini Reddy. Starring: Samantha Akkineni, Naga Shaurya, Rajendra Prasad, Lakshmi, Urvashi. Released in: 2019."
Operation Gold Fish,Sai Kiran Adivi,"Aadi, Sasha Chettri, Nithya Naresh, Karthik Raju",2019,Telugu,"Movie Title: Operation Gold Fish. Directed by: Sai Kiran Adivi. Starring: Aadi, Sasha Chettri, Nithya Naresh, Karthik Raju. Released in: 2019."
Sarovaram,Suresh Yadavalli,"Vishal Punna, Priyanka Sharma, Sri Latha, Tanikella Bharani",2019,Telugu,"Movie Title: Sarovaram. Directed by: Suresh Yadavalli. Starring: Vishal Punna, Priyanka Sharma, Sri Latha, Tanikella Bharani. Released in: 2019."
90ML,Sekhar Reddy Yerra,"Kartikeya Gummakonda, Neha Solanki, Ravi Kishan, Rao Ramesh, Ali, Posani Krishna Murali, Ajay, Prabhakar, Satya Prakash, Pragathi, Praveen, Raghu Karumanchi, Sudharshan, Thagubothu Ramesh, Roll Rida, Duvvasi Mohan",2019,Telugu,"Movie Title: 90ML. Directed by: Sekhar Reddy Yerra. Starring: Kartikeya Gummakonda, Neha Solanki, Ravi Kishan, Rao Ramesh, Ali, Posani Krishna Murali, Ajay, Prabhakar, Satya Prakash, Pragathi, Praveen, Raghu Karumanchi, Sudharshan, Thagubothu Ramesh, Roll Rida, Duvvasi Mohan. Released in: 2019."
Amma Rajyam Lo Kadapa Biddalu,Ram Gopal Varma,"Ajmal Ameer, Brahmanandam, Ali, Dheeraj Kv, Dhananjay Prabhune, Mahesh Kathi, Swapna, Dhanraj, Prudhvi Raj, Jaffar Babu",2019,Telugu,"Movie Title: Amma Rajyam Lo Kadapa Biddalu. Directed by: Ram Gopal Varma. Starring: Ajmal Ameer, Brahmanandam, Ali, Dheeraj Kv, Dhananjay Prabhune, Mahesh Kathi, Swapna, Dhanraj, Prudhvi Raj, Jaffar Babu. Released in: 2019."
Hulchul,Sripathi Karrl,Rudhraksh UtkamDhanya BalakrishnaKrishnuduMadhunandanRavi Prakash,2019,Telugu,Movie Title: Hulchul. Directed by: Sripathi Karrl. Starring: Rudhraksh UtkamDhanya BalakrishnaKrishnuduMadhunandanRavi Prakash. Released in: 2019.
Venky Mama,K. S. Ravindra,"Venkatesh, Naga Chaitanya, Raashi Khanna, Payal Rajput",2019,Telugu,"Movie Title: Venky Mama. Directed by: K. S. Ravindra. Starring: Venkatesh, Naga Chaitanya, Raashi Khanna, Payal Rajput. Released in: 2019."
Ruler,K. S. Ravikumar,"Nandamuri Balakrishna, Sonal Chauhan, Vedhika, Prakash Raj, Jayasudha, Bhumika Chawla, Sayaji Shinde, Nagineedu, Raghu Babu, Srinivasa Reddy",2019,Telugu,"Movie Title: Ruler. Directed by: K. S. Ravikumar. Starring: Nandamuri Balakrishna, Sonal Chauhan, Vedhika, Prakash Raj, Jayasudha, Bhumika Chawla, Sayaji Shinde, Nagineedu, Raghu Babu, Srinivasa Reddy. Released in: 2019."
Prati Roju Pandage,Maruthi,"Sai Dharam Tej, Raashi Khanna, Sathyaraj, Rao Ramesh, Vijayakumar, Murali Sharma, Ajay, Hari Teja, Satyam Rajesh, Bharath Reddy, Suhas",2019,Telugu,"Movie Title: Prati Roju Pandage. Directed by: Maruthi. Starring: Sai Dharam Tej, Raashi Khanna, Sathyaraj, Rao Ramesh, Vijayakumar, Murali Sharma, Ajay, Hari Teja, Satyam Rajesh, Bharath Reddy, Suhas. Released in: 2019."
Iddari Lokam Okate,G. R. Krishna,"Raj Tarun, Shalini Pandey, Nassar, Master Bharath",2019,Telugu,"Movie Title: Iddari Lokam Okate. Directed by: G. R. Krishna. Starring: Raj Tarun, Shalini Pandey, Nassar, Master Bharath. Released in: 2019."
Mathu Vadalara,Ritesh Rana,"Sri Simha, Naresh Agastya, Athulya Chandra, Vennela Kishore, Satya, Brahmaji",2019,Telugu,"Movie Title: Mathu Vadalara. Directed by: Ritesh Rana. Starring: Sri Simha, Naresh Agastya, Athulya Chandra, Vennela Kishore, Satya, Brahmaji. Released in: 2019."
Software Sudheer,P. Rajasekhar Reddy,"Sudigali Sudheer, Dhanya Balakrishna, Nassar, Sayaji Shinde, Indraja, Posani Krishna Murali, Siva Prasad",2019,Telugu,"Movie Title: Software Sudheer. Directed by: P. Rajasekhar Reddy. Starring: Sudigali Sudheer, Dhanya Balakrishna, Nassar, Sayaji Shinde, Indraja, Posani Krishna Murali, Siva Prasad. Released in: 2019."
Beautiful,Agasthya Manju,Parth SuriNaina Ganguly,2020,Telugu,Movie Title: Beautiful. Directed by: Agasthya Manju. Starring: Parth SuriNaina Ganguly. Released in: 2020.
Oollalla Oollalla,Satya Prakash,NatarajNoorin ShereefAnkeeta R Maharanaa,2020,Telugu,Movie Title: Oollalla Oollalla. Directed by: Satya Prakash. Starring: NatarajNoorin ShereefAnkeeta R Maharanaa. Released in: 2020.
Utthara,SR Thirupathi,SreeramKarronya KatrynnAjay Ghosh,2020,Telugu,Movie Title: Utthara. Directed by: SR Thirupathi. Starring: SreeramKarronya KatrynnAjay Ghosh. Released in: 2020.
"Wife,i",GSSP Kalyan,Abhishek ReddySakshi SidiyaKavya,2020,Telugu,"Movie Title: Wife,i. Directed by: GSSP Kalyan. Starring: Abhishek ReddySakshi SidiyaKavya. Released in: 2020."
Sarileru Neekevvaru,Anil Ravipudi,Mahesh BabuRashmika MandannaVijayashantiPrakash RajRajendra PrasadRao RameshPosani Krishna MuraliBrahmajiTanikella BharaniVennela KishoreSatyadevAjaySubbarajuMurali SharmaJaya Prakash ReddyRaghu BabuRajiv KanakalaBandla GaneshSangeetaHari TejaSatya,2020,Telugu,Movie Title: Sarileru Neekevvaru. Directed by: Anil Ravipudi. Starring: Mahesh BabuRashmika MandannaVijayashantiPrakash RajRajendra PrasadRao RameshPosani Krishna MuraliBrahmajiTanikella BharaniVennela KishoreSatyadevAjaySubbarajuMurali SharmaJaya Prakash ReddyRaghu BabuRajiv KanakalaBandla GaneshSangeetaHari TejaSatya. Released in: 2020.
Ala Vaikunthapurramuloo,Trivikram Srinivas,Allu ArjunPooja HegdeTabuJayaramSushanthNavdeepNivetha PethurajSamuthirakaniMurali SharmaRajendra PrasadSunilSachin KhedekarHarsha VardhanGovind PadmasooryaRohiniRahul RamakrishnaBrahmajiVennela KishoreAjayTanikella Bharani,2020,Telugu,Movie Title: Ala Vaikunthapurramuloo. Directed by: Trivikram Srinivas. Starring: Allu ArjunPooja HegdeTabuJayaramSushanthNavdeepNivetha PethurajSamuthirakaniMurali SharmaRajendra PrasadSunilSachin KhedekarHarsha VardhanGovind PadmasooryaRohiniRahul RamakrishnaBrahmajiVennela KishoreAjayTanikella Bharani. Released in: 2020.
Entha Manchivaadavuraa,Satish Vegesna,Kalyan RamMehreen PirzadaNareshSarath BabuSuhasini ManiratnamVijayakumarBaladityaVennela KishoreRajeev KanakalaPavitra LokeshPraveenPrabhas SreenuSubhalekha SudhakarTanikella BharaniSivannarayana NaripeddiRavi Varma,2020,Telugu,Movie Title: Entha Manchivaadavuraa. Directed by: Satish Vegesna. Starring: Kalyan RamMehreen PirzadaNareshSarath BabuSuhasini ManiratnamVijayakumarBaladityaVennela KishoreRajeev KanakalaPavitra LokeshPraveenPrabhas SreenuSubhalekha SudhakarTanikella BharaniSivannarayana NaripeddiRavi Varma. Released in: 2020.
Thagite Thandana,Srinath Badineni,Adith ArunSapthagiriMadhunandanSimran Gupta,2020,Telugu,Movie Title: Thagite Thandana. Directed by: Srinath Badineni. Starring: Adith ArunSapthagiriMadhunandanSimran Gupta. Released in: 2020.
Ashwamedham,Nitin Gawde,"Shivangi Khedkar, Dhruva Karunakar, Priyadarshi Pulikonda, Vennela Kishore, Suman, Sonyaa, Ambati Arjun, Prachi",2019,Telugu,"Movie Title: Ashwamedham. Directed by: Nitin Gawde. Starring: Shivangi Khedkar, Dhruva Karunakar, Priyadarshi Pulikonda, Vennela Kishore, Suman, Sonyaa, Ambati Arjun, Prachi. Released in: 2019."
Bhagyanagara Veedullo Gamattu,Srinivasa Reddy,"Srinivasa Reddy, Dollysha, Vennela Kishore, Satya, Shakalaka Shankar, Chitram Srinu, Suman Setty, Raghu Babu, Jhansi, Satyam Rajesh, Viva Harsha, Praveen, Racha Ravi, Hyper Aadi",2019,Telugu,"Movie Title: Bhagyanagara Veedullo Gamattu. Directed by: Srinivasa Reddy. Starring: Srinivasa Reddy, Dollysha, Vennela Kishore, Satya, Shakalaka Shankar, Chitram Srinu, Suman Setty, Raghu Babu, Jhansi, Satyam Rajesh, Viva Harsha, Praveen, Racha Ravi, Hyper Aadi. Released in: 2019."
Miss Match,N. V. Nirmal Kumar,"Uday Shankar, Aishwarya Rajesh, Pradeep Rawat, Sanjay Swaroop, Master Adhiroh, Naga Mahesh",2019,Telugu,"Movie Title: Miss Match. Directed by: N. V. Nirmal Kumar. Starring: Uday Shankar, Aishwarya Rajesh, Pradeep Rawat, Sanjay Swaroop, Master Adhiroh, Naga Mahesh. Released in: 2019."
Raghupathi Venkaiah Naidu,Babji,"Naresh, Vahini, Tanikella Bharani, Maharshi Raghava, Muni Chandra, Satyapriya, Bhavana, Akhil, Geddayya, Sai Kanth, Devaraj, Chakrapaani, Taara Singh",2019,Telugu,"Movie Title: Raghupathi Venkaiah Naidu. Directed by: Babji. Starring: Naresh, Vahini, Tanikella Bharani, Maharshi Raghava, Muni Chandra, Satyapriya, Bhavana, Akhil, Geddayya, Sai Kanth, Devaraj, Chakrapaani, Taara Singh. Released in: 2019."
Thupaki Ramudu,T. Prabhakar,"Bithiri Sathi, Priya",2019,Telugu,"Movie Title: Thupaki Ramudu. Directed by: T. Prabhakar. Starring: Bithiri Sathi, Priya. Released in: 2019."
Vanavasam,Bharath Kumar P & Narendra,"Naveenraj Sankarapu, Shashi Kanth, Sravya, Sruthi",2019,Telugu,"Movie Title: Vanavasam. Directed by: Bharath Kumar P & Narendra. Starring: Naveenraj Sankarapu, Shashi Kanth, Sravya, Sruthi. Released in: 2019."
Aaviri,Ravi Babu,"Ravi Babu, Neha Chauhan, Sri Muktha",2019,Telugu,"Movie Title: Aaviri. Directed by: Ravi Babu. Starring: Ravi Babu, Neha Chauhan, Sri Muktha. Released in: 2019."
Dandupalyam 4,K. T. Nayak,"Suman Ranganathan, Mumaith Khan, Petrol Prasanna, Venkat",2019,Telugu,"Movie Title: Dandupalyam 4. Directed by: K. T. Nayak. Starring: Suman Ranganathan, Mumaith Khan, Petrol Prasanna, Venkat. Released in: 2019."
Meeku Maathrame Cheptha,Shammer Sulthan,"Tharun Bhascker Dhaassyam, Vani Bhojan, Avantika Mishra, Pavani Gangireddy, Abhinav Gomatam, Anasuya Bharadwaj",2019,Telugu,"Movie Title: Meeku Maathrame Cheptha. Directed by: Shammer Sulthan. Starring: Tharun Bhascker Dhaassyam, Vani Bhojan, Avantika Mishra, Pavani Gangireddy, Abhinav Gomatam, Anasuya Bharadwaj. Released in: 2019."
Planning,B. L. Prasad,"Mahindra, Kulkarni Mamata, Alisha, Ranga Sai, Adith Chaitanya Reddy",2019,Telugu,"Movie Title: Planning. Directed by: B. L. Prasad. Starring: Mahindra, Kulkarni Mamata, Alisha, Ranga Sai, Adith Chaitanya Reddy. Released in: 2019."
Thipparaa Meesam,Krishna Vijay,"Sree Vishnu, Nikki Tamboli, Rohini",2019,Telugu,"Movie Title: Thipparaa Meesam. Directed by: Krishna Vijay. Starring: Sree Vishnu, Nikki Tamboli, Rohini. Released in: 2019."
Konapuram Lo Jarigina Katha,K. B. Krishna,"Anil Mogili, Sunitha Marasiar, Syed Sohel Ryan",2019,Telugu,"Movie Title: Konapuram Lo Jarigina Katha. Directed by: K. B. Krishna. Starring: Anil Mogili, Sunitha Marasiar, Syed Sohel Ryan. Released in: 2019."
Raju Gari Gadhi 3,Ohmkar,"Ashwin Babu, Avika Gor, Ali, Brahmaji, Urvashi, Ajay Ghosh, Prabhas Sreenu, Hari Teja, Dhanraj",2019,Telugu,"Movie Title: Raju Gari Gadhi 3. Directed by: Ohmkar. Starring: Ashwin Babu, Avika Gor, Ali, Brahmaji, Urvashi, Ajay Ghosh, Prabhas Sreenu, Hari Teja, Dhanraj. Released in: 2019."
Tenali Ramakrishna BA. BL,G. Nageswara Reddy,"Sundeep Kishan, Hansika Motwani, Varalaxmi Sarathkumar",2019,Telugu,"Movie Title: Tenali Ramakrishna BA. BL. Directed by: G. Nageswara Reddy. Starring: Sundeep Kishan, Hansika Motwani, Varalaxmi Sarathkumar. Released in: 2019."
Raagala 24 Gantallo,Srinivasa Reddy,"Eesha Rebba, Satyadev, Sriram, Ganesh Venkatraman",2019,Telugu,"Movie Title: Raagala 24 Gantallo. Directed by: Srinivasa Reddy. Starring: Eesha Rebba, Satyadev, Sriram, Ganesh Venkatraman. Released in: 2019."
Tholu Bommalata,Vishwanath Maganti,"Rajendra Prasad, Viswant, Harshitha Chowdary, Vennela Kishore",2019,Telugu,"Movie Title: Tholu Bommalata. Directed by: Vishwanath Maganti. Starring: Rajendra Prasad, Viswant, Harshitha Chowdary, Vennela Kishore. Released in: 2019."
Pichhodu,Hemanth Srinivas,"Kranthi, K. Simar, Posani Krishna Murali, Sameer, Satya Krishna, Abhay Bethiganti, Apparao, Achanta Mahesh, Durga",2019,Telugu,"Movie Title: Pichhodu. Directed by: Hemanth Srinivas. Starring: Kranthi, K. Simar, Posani Krishna Murali, Sameer, Satya Krishna, Abhay Bethiganti, Apparao, Achanta Mahesh, Durga. Released in: 2019."
Beach Road Chetan,Chetan Maddineni,"Chetan Maddineni, Teja Reddy, Razia Abdul, Anjali, Suja Ansari",2019,Telugu,"Movie Title: Beach Road Chetan. Directed by: Chetan Maddineni. Starring: Chetan Maddineni, Teja Reddy, Razia Abdul, Anjali, Suja Ansari. Released in: 2019."
Traap,V. S. Phanindra,"Brahmaji, Mahendra, Katyayani Sharma, Shalu, Racha Ravi",2019,Telugu,"Movie Title: Traap. Directed by: V. S. Phanindra. Starring: Brahmaji, Mahendra, Katyayani Sharma, Shalu, Racha Ravi. Released in: 2019."
Ranasthalam,Adhi Aravala,"Satyam Rajesh, Jabardasth Appa Rao, Chatrapathi Sekhar, Shalu",2019,Telugu,"Movie Title: Ranasthalam. Directed by: Adhi Aravala. Starring: Satyam Rajesh, Jabardasth Appa Rao, Chatrapathi Sekhar, Shalu. Released in: 2019."
Arjun Suravaram,T. N. Santhosh,"Nikhil Siddharth, Lavanya Tripathi, Tarun Arora, Vennela Kishore",2019,Telugu,"Movie Title: Arjun Suravaram. Directed by: T. N. Santhosh. Starring: Nikhil Siddharth, Lavanya Tripathi, Tarun Arora, Vennela Kishore. Released in: 2019."
Raja Vaaru Rani Gaaru,Ravi Kiran Kola,"Kiran Abbavaram, Rahasya Gorak, Rajkumar Kasireddy, Yazurved Gurram, Snehamadhuri Sharma, Divya Narni",2019,Telugu,"Movie Title: Raja Vaaru Rani Gaaru. Directed by: Ravi Kiran Kola. Starring: Kiran Abbavaram, Rahasya Gorak, Rajkumar Kasireddy, Yazurved Gurram, Snehamadhuri Sharma, Divya Narni. Released in: 2019."
George Reddy,B. Jeevan Reddy,"Sandeep Madhav, Shrinivas Pokale, Muskaan Khubchandani, Abhay Bethiganti, Satyadev, Devika Daftardar, Pawon Ramesh, Shatru, Manoj Nandam, Thiruveer, Pawon Ramesh, Bunny Abiran, Laxman Meesala, Yadamma Raju, Jagadeesh, Sanjay Reddy",2019,Telugu,"Movie Title: George Reddy. Directed by: B. Jeevan Reddy. Starring: Sandeep Madhav, Shrinivas Pokale, Muskaan Khubchandani, Abhay Bethiganti, Satyadev, Devika Daftardar, Pawon Ramesh, Shatru, Manoj Nandam, Thiruveer, Pawon Ramesh, Bunny Abiran, Laxman Meesala, Yadamma Raju, Jagadeesh, Sanjay Reddy. Released in: 2019."
Next Enti?,Kunal Kohli,"Sundeep Kishan, Tamannaah, Navdeep, Poonam Kaur, Larissa Bonesi",2018,Telugu,"Movie Title: Next Enti?. Directed by: Kunal Kohli. Starring: Sundeep Kishan, Tamannaah, Navdeep, Poonam Kaur, Larissa Bonesi. Released in: 2018."
Kakatheeyudu,Vijay Samudra,"Taraka Ratna, Yamini, Chippy, Vinod Kumar Alva",2019,Telugu,"Movie Title: Kakatheeyudu. Directed by: Vijay Samudra. Starring: Taraka Ratna, Yamini, Chippy, Vinod Kumar Alva. Released in: 2019."
Prema Janta,Nikhilesh Thogari,"Ram Praneeth, Sumaya, Uttej",2019,Telugu,"Movie Title: Prema Janta. Directed by: Nikhilesh Thogari. Starring: Ram Praneeth, Sumaya, Uttej. Released in: 2019."
Sakala Kala Vallabhudu,Siva Ganesh,"Tanishq Reddy, Meghla Muktha, Suman, Jeeva",2019,Telugu,"Movie Title: Sakala Kala Vallabhudu. Directed by: Siva Ganesh. Starring: Tanishq Reddy, Meghla Muktha, Suman, Jeeva. Released in: 2019."
Yatra,Mahi V. Raghav,"Mammootty, Suhasini Maniratnam, Jagapathi Babu",2019,Telugu,"Movie Title: Yatra. Directed by: Mahi V. Raghav. Starring: Mammootty, Suhasini Maniratnam, Jagapathi Babu. Released in: 2019."
4 Letters,R. Raghuraj,"Eeshwar, Tuya Chakraborthy, Posani Krishna Murali, Anikitha Maharaana",2019,Telugu,"Movie Title: 4 Letters. Directed by: R. Raghuraj. Starring: Eeshwar, Tuya Chakraborthy, Posani Krishna Murali, Anikitha Maharaana. Released in: 2019."
Mithai,Prashant Kumar,"Priyadarshi Pullikonda, Kamal Kamaraju, Swetaa Verma, Gayatri Gupta",2019,Telugu,"Movie Title: Mithai. Directed by: Prashant Kumar. Starring: Priyadarshi Pullikonda, Kamal Kamaraju, Swetaa Verma, Gayatri Gupta. Released in: 2019."
N.T.R: Mahanayakudu,Krish,"Nandamuri Balakrishna, Vidya Balan, Rana Daggubati",2019,Telugu,"Movie Title: N.T.R: Mahanayakudu. Directed by: Krish. Starring: Nandamuri Balakrishna, Vidya Balan, Rana Daggubati. Released in: 2019."
Prementha Panichese Narayana,Jonnalagadda Srinivasa Rao,"Harikrishna Jonnalagadda, Akshitha, Jhansi",2019,Telugu,"Movie Title: Prementha Panichese Narayana. Directed by: Jonnalagadda Srinivasa Rao. Starring: Harikrishna Jonnalagadda, Akshitha, Jhansi. Released in: 2019."
Akkadokaduntadu,Sri Paada Viswaak,"Ram Karthik, Vinod Kumar Alva, Ravi Babu, Alekhaaya, Siva Harish",2019,Telugu,"Movie Title: Akkadokaduntadu. Directed by: Sri Paada Viswaak. Starring: Ram Karthik, Vinod Kumar Alva, Ravi Babu, Alekhaaya, Siva Harish. Released in: 2019."
Crazy Crazy Feeling,Sanjai Kartik,"Viswant Duddumpudi, Palak Lalwani",2019,Telugu,"Movie Title: Crazy Crazy Feeling. Directed by: Sanjai Kartik. Starring: Viswant Duddumpudi, Palak Lalwani. Released in: 2019."
118,K. V. Guhan,"Kalyan Ram, Nivetha Thomas, Shalini Pandey",2019,Telugu,"Movie Title: 118. Directed by: K. V. Guhan. Starring: Kalyan Ram, Nivetha Thomas, Shalini Pandey. Released in: 2019."
Eureka,Karteek Anand,"Karteek Anand, Dimple Hayathi",2019,Telugu,"Movie Title: Eureka. Directed by: Karteek Anand. Starring: Karteek Anand, Dimple Hayathi. Released in: 2019."
Aa Nimisham,Kala Rajesh,"Prasad Reddy, Ranisree",2019,Telugu,"Movie Title: Aa Nimisham. Directed by: Kala Rajesh. Starring: Prasad Reddy, Ranisree. Released in: 2019."
Ashok Reddy,Nandi Venkat Reddy,"Rajanikanthi Kathi, Rambhaa",2019,Telugu,"Movie Title: Ashok Reddy. Directed by: Nandi Venkat Reddy. Starring: Rajanikanthi Kathi, Rambhaa. Released in: 2019."
Bilalpur Police Station,Naga Sai Makham,"Srinath Maganti, Saanvie Meghana, Goreti Venkanna, R. S. Nanda",2019,Telugu,"Movie Title: Bilalpur Police Station. Directed by: Naga Sai Makham. Starring: Srinath Maganti, Saanvie Meghana, Goreti Venkanna, R. S. Nanda. Released in: 2019."
College Poragallu,Annam Chandrashekar,"Mallikarjun, Kavitha Mahato",2019,Telugu,"Movie Title: College Poragallu. Directed by: Annam Chandrashekar. Starring: Mallikarjun, Kavitha Mahato. Released in: 2019."
Jessie,Ashwani Kumar. V,"Abhinav Gomatam, Abhishek Maharshi, Ashima Narwal",2019,Telugu,"Movie Title: Jessie. Directed by: Ashwani Kumar. V. Starring: Abhinav Gomatam, Abhishek Maharshi, Ashima Narwal. Released in: 2019."
Magnet,Adishesha Sai Reddy,"Sakshi Chowdhary, Posani Krishna Murali, Jabardasth Srinu, Akshitha",2019,Telugu,"Movie Title: Magnet. Directed by: Adishesha Sai Reddy. Starring: Sakshi Chowdhary, Posani Krishna Murali, Jabardasth Srinu, Akshitha. Released in: 2019."
Manasa Vaacha,M. V. Prasad,"Tejas, Karishna Karpal, Seema Parmar",2019,Telugu,"Movie Title: Manasa Vaacha. Directed by: M. V. Prasad. Starring: Tejas, Karishna Karpal, Seema Parmar. Released in: 2019."
Gamer,Rajesh Tadakala,"Sraneeth Raj, Kalyani Patel",2019,Telugu,"Movie Title: Gamer. Directed by: Rajesh Tadakala. Starring: Sraneeth Raj, Kalyani Patel. Released in: 2019."
Bichagada Majaka,K. S. Nageswara Rao,"Arjun Reddy, Neha Deshpande, Suman, Babu Mohan",2019,Telugu,"Movie Title: Bichagada Majaka. Directed by: K. S. Nageswara Rao. Starring: Arjun Reddy, Neha Deshpande, Suman, Babu Mohan. Released in: 2019."
Mr. Majnu,Venky Atluri,Akhil AkkineniNidhhi AgerwalIzabelle LeiteKailash ReddyRaja ChemboluNaga BabuSubbarajuRao RameshJayaprakashAjay,2019,Telugu,Movie Title: Mr. Majnu. Directed by: Venky Atluri. Starring: Akhil AkkineniNidhhi AgerwalIzabelle LeiteKailash ReddyRaja ChemboluNaga BabuSubbarajuRao RameshJayaprakashAjay. Released in: 2019.
Subrahmanyapuram,Santhosh Jagarlapudi,"Sumanth, Eesha Rebba, Saikumar, Amit Sharma",2018,Telugu,"Movie Title: Subrahmanyapuram. Directed by: Santhosh Jagarlapudi. Starring: Sumanth, Eesha Rebba, Saikumar, Amit Sharma. Released in: 2018."
Bhairava Geetha,Siddhartha,"Dhananjay, Irra Mor",2018,Telugu,"Movie Title: Bhairava Geetha. Directed by: Siddhartha. Starring: Dhananjay, Irra Mor. Released in: 2018."
Anaganaga O Premakatha,Pratap Thatamsetti,"Ashwin J. Viraj, Riddhi Kumar",2018,Telugu,"Movie Title: Anaganaga O Premakatha. Directed by: Pratap Thatamsetti. Starring: Ashwin J. Viraj, Riddhi Kumar. Released in: 2018."
Husharu,Sree Harsha Konuganti,"Tejus Kancherla, Tej Kurapati, Abhinav Chunchu, Dinesh Tej, Daksha Nagarkar, Priya Vadlamani, Ramya Pasupuleti, Hemal Ingle, Rahul Ramakrishna",2018,Telugu,"Movie Title: Husharu. Directed by: Sree Harsha Konuganti. Starring: Tejus Kancherla, Tej Kurapati, Abhinav Chunchu, Dinesh Tej, Daksha Nagarkar, Priya Vadlamani, Ramya Pasupuleti, Hemal Ingle, Rahul Ramakrishna. Released in: 2018."
Antariksham 9000 KMPH,Sankalp Reddy,"Varun Tej, Lavanya Tripathi, Aditi Rao Hydari, Rahman, Satyadev, Srinivas Avasarala",2018,Telugu,"Movie Title: Antariksham 9000 KMPH. Directed by: Sankalp Reddy. Starring: Varun Tej, Lavanya Tripathi, Aditi Rao Hydari, Rahman, Satyadev, Srinivas Avasarala. Released in: 2018."
Padi Padi Leche Manasu,Hanu Raghavapudi,"Sharwanand, Sai Pallavi, Priya Raman, Sampath Raj, Kalyani Natarajan, Murali Sharma, Sunil, Vennela Kishore, Priyadarshi Pullikonda",2018,Telugu,"Movie Title: Padi Padi Leche Manasu. Directed by: Hanu Raghavapudi. Starring: Sharwanand, Sai Pallavi, Priya Raman, Sampath Raj, Kalyani Natarajan, Murali Sharma, Sunil, Vennela Kishore, Priyadarshi Pullikonda. Released in: 2018."
Bluff Master,Gopi Ganesh,"Satyadev, Nandita Swetha, Aditya Menon, Brahmaji",2018,Telugu,"Movie Title: Bluff Master. Directed by: Gopi Ganesh. Starring: Satyadev, Nandita Swetha, Aditya Menon, Brahmaji. Released in: 2018."
Idam Jagath,Anil Srikantam,"Sumanth, Anju Kurian, Adhitya, Sivaji Raja",2018,Telugu,"Movie Title: Idam Jagath. Directed by: Anil Srikantam. Starring: Sumanth, Anju Kurian, Adhitya, Sivaji Raja. Released in: 2018."
Pranam Khareedu,P. L. K. Reddy,"Prashanth, Avantika, Taraka Ratna",2019,Telugu,"Movie Title: Pranam Khareedu. Directed by: P. L. K. Reddy. Starring: Prashanth, Avantika, Taraka Ratna. Released in: 2019."
Ishtangaa,Sampath V. Rudra,"Arjun Mahi, Tanishq Rajan, Duvvasi Mohan, Thagubothu Ramesh",2018,Telugu,"Movie Title: Ishtangaa. Directed by: Sampath V. Rudra. Starring: Arjun Mahi, Tanishq Rajan, Duvvasi Mohan, Thagubothu Ramesh. Released in: 2018."
U – Kathe Hero,Kovera,"Kovera, Himansee Katragadda, Swapna Rao, Subhalekha Sudhakar, Tanikella Bharani",2018,Telugu,"Movie Title: U – Kathe Hero. Directed by: Kovera. Starring: Kovera, Himansee Katragadda, Swapna Rao, Subhalekha Sudhakar, Tanikella Bharani. Released in: 2018."
My Dear Marthandam,Harish K. V.,"Prudhviraj, Rakendu Mouli, Kalyan Vitapu, Kalpika Ganesh, Krishna Bhagavan",2018,Telugu,"Movie Title: My Dear Marthandam. Directed by: Harish K. V.. Starring: Prudhviraj, Rakendu Mouli, Kalyan Vitapu, Kalpika Ganesh, Krishna Bhagavan. Released in: 2018."
Ajay Passayyad,Prem Deepak,"Aman Singh, Jhansi, Sivannarayana",2019,Telugu,"Movie Title: Ajay Passayyad. Directed by: Prem Deepak. Starring: Aman Singh, Jhansi, Sivannarayana. Released in: 2019."
Natana,Bharathi Babu,"Mahidar, Sravya Rao, Raghu Babu, Prabhas Sreenu",2019,Telugu,"Movie Title: Natana. Directed by: Bharathi Babu. Starring: Mahidar, Sravya Rao, Raghu Babu, Prabhas Sreenu. Released in: 2019."
N.T.R: Kathanayakudu,Krish,Nandamuri BalakrishnaVidya BalanRana DaggubatiSumanthRakul Preet SinghNithya MenenHansika Motwani,2019,Telugu,Movie Title: N.T.R: Kathanayakudu. Directed by: Krish. Starring: Nandamuri BalakrishnaVidya BalanRana DaggubatiSumanthRakul Preet SinghNithya MenenHansika Motwani. Released in: 2019.
Vinaya Vidheya Rama,Boyapati Srinu,"Ram Charan, Vivek Oberoi, Kiara Advani, Prashanth, Sneha",2019,Telugu,"Movie Title: Vinaya Vidheya Rama. Directed by: Boyapati Srinu. Starring: Ram Charan, Vivek Oberoi, Kiara Advani, Prashanth, Sneha. Released in: 2019."
F2: Fun and Frustration,Anil Ravipudi,"Venkatesh, Varun Tej, Tamannaah Bhatia, Mehreen Pirzada, Prakash Raj, Nassar, Rajendra Prasad, Vennela Kishore",2019,Telugu,"Movie Title: F2: Fun and Frustration. Directed by: Anil Ravipudi. Starring: Venkatesh, Varun Tej, Tamannaah Bhatia, Mehreen Pirzada, Prakash Raj, Nassar, Rajendra Prasad, Vennela Kishore. Released in: 2019."
Kothaga Maa Prayanam,Ramana Mogili,"Yamini Bhaskar, Priyanth, Bhanu, Karunya Chowdhary, Jeeva, Giridhar",2019,Telugu,"Movie Title: Kothaga Maa Prayanam. Directed by: Ramana Mogili. Starring: Yamini Bhaskar, Priyanth, Bhanu, Karunya Chowdhary, Jeeva, Giridhar. Released in: 2019."
Manchukurisevelalo,Bala Bodepudi,"Ram Karthik, Pranali Ghoghare, Vijay Sai, Chammak Chandra",2018,Telugu,"Movie Title: Manchukurisevelalo. Directed by: Bala Bodepudi. Starring: Ram Karthik, Pranali Ghoghare, Vijay Sai, Chammak Chandra. Released in: 2018."
Burrakatha,Diamond Ratna Babu,"Aadi Saikumar, Mishti, Rajendra Prasad, Abhimanyu Singh",2019,Telugu,"Movie Title: Burrakatha. Directed by: Diamond Ratna Babu. Starring: Aadi Saikumar, Mishti, Rajendra Prasad, Abhimanyu Singh. Released in: 2019."
Where Is the Venkatalakshmi,Kishore Kumar,"Raai Laxmi, Pujita Ponnada, Ram Karthik, Praveen, Brahmaji, Madhunandan",2019,Telugu,"Movie Title: Where Is the Venkatalakshmi. Directed by: Kishore Kumar. Starring: Raai Laxmi, Pujita Ponnada, Ram Karthik, Praveen, Brahmaji, Madhunandan. Released in: 2019."
Adhrushyam,Ravi Prakash Krishnamsetty,"Jaan, Angana Roy, Kalpana, Jabardasth Appa Rao, R. P. Vinod",2019,Telugu,"Movie Title: Adhrushyam. Directed by: Ravi Prakash Krishnamsetty. Starring: Jaan, Angana Roy, Kalpana, Jabardasth Appa Rao, R. P. Vinod. Released in: 2019."
Abhinetri 2,A. L. Vijay,"Prabhu Deva, Tamannaah, Nandita Swetha, Dimple Hayathi",2019,Telugu,"Movie Title: Abhinetri 2. Directed by: A. L. Vijay. Starring: Prabhu Deva, Tamannaah, Nandita Swetha, Dimple Hayathi. Released in: 2019."
December 31,G. Kondal Rao,"Navakanth, Seetha, Saptagiri, Nutan Prasad, Posani Krishna Murali",2019,Telugu,"Movie Title: December 31. Directed by: G. Kondal Rao. Starring: Navakanth, Seetha, Saptagiri, Nutan Prasad, Posani Krishna Murali. Released in: 2019."
Falaknuma Das,Vishwak Sen,"Vishwak Sen, Saloni Mishra, Harshita Gaur, Prashanthi Charuolingah, Tharun Bhascker Dhaassyam, Abhinav Gomatam",2019,Telugu,"Movie Title: Falaknuma Das. Directed by: Vishwak Sen. Starring: Vishwak Sen, Saloni Mishra, Harshita Gaur, Prashanthi Charuolingah, Tharun Bhascker Dhaassyam, Abhinav Gomatam. Released in: 2019."
Seven,Nizar Shafi,"Havish, Nandita Swetha, Rahman, Regina Cassandra, Anisha Ambrose",2019,Telugu,"Movie Title: Seven. Directed by: Nizar Shafi. Starring: Havish, Nandita Swetha, Rahman, Regina Cassandra, Anisha Ambrose. Released in: 2019."
Hippi,Krishna,"Kartikeya Gummakonda, Digangana Suryavanshi, J. D. Chakravarthy, Brahmaji, Vennela Kishore",2019,Telugu,"Movie Title: Hippi. Directed by: Krishna. Starring: Kartikeya Gummakonda, Digangana Suryavanshi, J. D. Chakravarthy, Brahmaji, Vennela Kishore. Released in: 2019."
Ek,Sampath V. Rudra,"Bishnu Adhikari, Abhinav Sardar, Aparna Sharma, Himanshi Khurana, Suman",2019,Telugu,"Movie Title: Ek. Directed by: Sampath V. Rudra. Starring: Bishnu Adhikari, Abhinav Sardar, Aparna Sharma, Himanshi Khurana, Suman. Released in: 2019."
Game Over,Ashwin Saravanan,"Taapsee Pannu, Vinodhini Vaidyanathan, Anish Kuruvilla, Sanchana Natarajan",2019,Telugu,"Movie Title: Game Over. Directed by: Ashwin Saravanan. Starring: Taapsee Pannu, Vinodhini Vaidyanathan, Anish Kuruvilla, Sanchana Natarajan. Released in: 2019."
Vajra Kavachadhara Govinda,Arun Pawar,"Saptagiri, Vaibhavi Joshi, Veda Sastry, Jabardasth Srinu",2019,Telugu,"Movie Title: Vajra Kavachadhara Govinda. Directed by: Arun Pawar. Starring: Saptagiri, Vaibhavi Joshi, Veda Sastry, Jabardasth Srinu. Released in: 2019."
Viswamitra,Raajkiran,"Prasanna, Nanditha Raj, Ashutosh Rana, Satyam Rajesh",2019,Telugu,"Movie Title: Viswamitra. Directed by: Raajkiran. Starring: Prasanna, Nanditha Raj, Ashutosh Rana, Satyam Rajesh. Released in: 2019."
1st Rank Raju,Naresh Kumar H. N.,"Chethan Maddineni, Kashish Vohra, Prakash Raj, Vennela Kishore, Naresh",2019,Telugu,"Movie Title: 1st Rank Raju. Directed by: Naresh Kumar H. N.. Starring: Chethan Maddineni, Kashish Vohra, Prakash Raj, Vennela Kishore, Naresh. Released in: 2019."
Agent Sai Srinivasa Athreya,Swaroop RSJ,"Naveen Polishetty, Shruthi Sharma, Appaji Ambarisha Darbha",2019,Telugu,"Movie Title: Agent Sai Srinivasa Athreya. Directed by: Swaroop RSJ. Starring: Naveen Polishetty, Shruthi Sharma, Appaji Ambarisha Darbha. Released in: 2019."
Mallesham,Raj. R,"Priyadarshi Pulikonda, Ananya Nagalla, Ananda Chakrapani, Jagadish Pratap Bhandari",2019,Telugu,"Movie Title: Mallesham. Directed by: Raj. R. Starring: Priyadarshi Pulikonda, Ananya Nagalla, Ananda Chakrapani, Jagadish Pratap Bhandari. Released in: 2019."
Special – The Story of a Mind Reader,Vastav,"Ajay, Ranga, Akshatha, Jabardasth Appa Rao",2019,Telugu,"Movie Title: Special – The Story of a Mind Reader. Directed by: Vastav. Starring: Ajay, Ranga, Akshatha, Jabardasth Appa Rao. Released in: 2019."
Voter,G. S. Karthik,"Manchu Vishnu, Surabhi, Sampath Raj, Jayaprakash, Nassar, Posani Krishna Murali",2019,Telugu,"Movie Title: Voter. Directed by: G. S. Karthik. Starring: Manchu Vishnu, Surabhi, Sampath Raj, Jayaprakash, Nassar, Posani Krishna Murali. Released in: 2019."
Brochevarevarura,Vivek Athreya,"Sree Vishnu, Rahul Ramakrishna, Nivetha Thomas, Satyadev, Priyadarshi Pulikonda",2019,Telugu,"Movie Title: Brochevarevarura. Directed by: Vivek Athreya. Starring: Sree Vishnu, Rahul Ramakrishna, Nivetha Thomas, Satyadev, Priyadarshi Pulikonda. Released in: 2019."
Captain Rana Prathap,Haranath Policherla,"Haranath Policherla, Puneet Issar, Nishi Gandha",2019,Telugu,"Movie Title: Captain Rana Prathap. Directed by: Haranath Policherla. Starring: Haranath Policherla, Puneet Issar, Nishi Gandha. Released in: 2019."
Kalki,Prasanth Varma,"Dr. Rajasekhar, Nandita Swetha, Adah Sharma, Pujita Ponnada, Rahul Ramakrishna, Nassar, Ashutosh Rana",2019,Telugu,"Movie Title: Kalki. Directed by: Prasanth Varma. Starring: Dr. Rajasekhar, Nandita Swetha, Adah Sharma, Pujita Ponnada, Rahul Ramakrishna, Nassar, Ashutosh Rana. Released in: 2019."
Sita,Teja,"Kajal Aggarwal, Bellamkonda Sreenivas, Sonu Sood",2019,Telugu,"Movie Title: Sita. Directed by: Teja. Starring: Kajal Aggarwal, Bellamkonda Sreenivas, Sonu Sood. Released in: 2019."
Swayamvadha,Vivek Varma,"Aditya Alluri, Anika Rao, Dhanraj, Posani Krishna Murali",2019,Telugu,"Movie Title: Swayamvadha. Directed by: Vivek Varma. Starring: Aditya Alluri, Anika Rao, Dhanraj, Posani Krishna Murali. Released in: 2019."
Romantic Criminals,P. Sunil Kumar Reddy,"Manoj Nandam, Avantika Munni, Divya Vijju, K. Vinay",2019,Telugu,"Movie Title: Romantic Criminals. Directed by: P. Sunil Kumar Reddy. Starring: Manoj Nandam, Avantika Munni, Divya Vijju, K. Vinay. Released in: 2019."
Enthavaraalaina,Guru Chindepalli,"Advaith, Zaheeda Syam",2019,Telugu,"Movie Title: Enthavaraalaina. Directed by: Guru Chindepalli. Starring: Advaith, Zaheeda Syam. Released in: 2019."
Cheddi Gang,Kanagala Ramesh Chowdhary,"Srinivasa Reddy, Devan, Baburaj",2019,Telugu,"Movie Title: Cheddi Gang. Directed by: Kanagala Ramesh Chowdhary. Starring: Srinivasa Reddy, Devan, Baburaj. Released in: 2019."
Vinara Sodara Veera Kumara,Sateesh Chandra Nadella,"Srinivas Sai, Priyanka Jain, Uttej, Jhansi",2019,Telugu,"Movie Title: Vinara Sodara Veera Kumara. Directed by: Sateesh Chandra Nadella. Starring: Srinivas Sai, Priyanka Jain, Uttej, Jhansi. Released in: 2019."
Lakshmi's NTR,Ram Gopal Varma Agasthya Manju,"P. Vijay Kumar, Yagna Shetty, Sritej",2019,Telugu,"Movie Title: Lakshmi's NTR. Directed by: Ram Gopal Varma Agasthya Manju. Starring: P. Vijay Kumar, Yagna Shetty, Sritej. Released in: 2019."
Suryakantham,Pranith Bramandapally,"Niharika Konidela, Rahul Vijay, Shivaji Raja, Suhasini Maniratnam",2019,Telugu,"Movie Title: Suryakantham. Directed by: Pranith Bramandapally. Starring: Niharika Konidela, Rahul Vijay, Shivaji Raja, Suhasini Maniratnam. Released in: 2019."
Majili,Shiva Nirvana,"Naga Chaitanya Akkineni, Samantha Akkineni, Divyansha Kaushik, Subbaraju, Rao Ramesh, Atul Kulkarni, Posani Krishna Murali",2019,Telugu,"Movie Title: Majili. Directed by: Shiva Nirvana. Starring: Naga Chaitanya Akkineni, Samantha Akkineni, Divyansha Kaushik, Subbaraju, Rao Ramesh, Atul Kulkarni, Posani Krishna Murali. Released in: 2019."
Prema Katha Chitram 2,Hari Krishna,"Sumanth Ashwin, Nandita Swetha",2019,Telugu,"Movie Title: Prema Katha Chitram 2. Directed by: Hari Krishna. Starring: Sumanth Ashwin, Nandita Swetha. Released in: 2019."
Chitralahari,Kishore Tirumala,"Sai Dharam Tej, Kalyani Priyadarshan, Nivetha Pethuraj, Sunil, Vennela Kishore, Posani Krishna Murali, Brahmaji",2019,Telugu,"Movie Title: Chitralahari. Directed by: Kishore Tirumala. Starring: Sai Dharam Tej, Kalyani Priyadarshan, Nivetha Pethuraj, Sunil, Vennela Kishore, Posani Krishna Murali, Brahmaji. Released in: 2019."
Runam,Srinivas Gundareddy,"Gopi Krishna, Priyanka Augustine, Mahendar, Shilpa",2019,Telugu,"Movie Title: Runam. Directed by: Srinivas Gundareddy. Starring: Gopi Krishna, Priyanka Augustine, Mahendar, Shilpa. Released in: 2019."
Prematho Cheppana,Ranga Ravinder Gupta,"Udaytej, Bhanu Sri Mehra",2019,Telugu,"Movie Title: Prematho Cheppana. Directed by: Ranga Ravinder Gupta. Starring: Udaytej, Bhanu Sri Mehra. Released in: 2019."
Jersey,Gowtam Tinnanuri,"Nani, Shraddha Srinath, Sathyaraj, Sampath Raj, Harish Kalyan, Viswant",2019,Telugu,"Movie Title: Jersey. Directed by: Gowtam Tinnanuri. Starring: Nani, Shraddha Srinath, Sathyaraj, Sampath Raj, Harish Kalyan, Viswant. Released in: 2019."
Danger Love Story,Shekar Chandra,"Khayyum Gaurav, Adia, Madhulagna Das, Jabardasth Appa Rao",2019,Telugu,"Movie Title: Danger Love Story. Directed by: Shekar Chandra. Starring: Khayyum Gaurav, Adia, Madhulagna Das, Jabardasth Appa Rao. Released in: 2019."
Diksoochi,Dilip Kumar Salvadi,"Dilip Kumar Salvadi, Chandni Bhagwanani, Sammeta Gandhi, Chatrapathi Sekhar",2019,Telugu,"Movie Title: Diksoochi. Directed by: Dilip Kumar Salvadi. Starring: Dilip Kumar Salvadi, Chandni Bhagwanani, Sammeta Gandhi, Chatrapathi Sekhar. Released in: 2019."
Duppatlo Minnagu,Yandamuri Veerendranath,"Naveen Thirthahalli, Chirashree Anchan",2019,Telugu,"Movie Title: Duppatlo Minnagu. Directed by: Yandamuri Veerendranath. Starring: Naveen Thirthahalli, Chirashree Anchan. Released in: 2019."
Nuvvu Thopu Raa,B. Harinath Babu,"Sudhakar Komakula, Nithya Shetty, Nirosha",2019,Telugu,"Movie Title: Nuvvu Thopu Raa. Directed by: B. Harinath Babu. Starring: Sudhakar Komakula, Nithya Shetty, Nirosha. Released in: 2019."
Okate Life,M. Venkat,"Ramesh Choudary, Shruti Yugal, Suman, Nalla Venu",2019,Telugu,"Movie Title: Okate Life. Directed by: M. Venkat. Starring: Ramesh Choudary, Shruti Yugal, Suman, Nalla Venu. Released in: 2019."
Rangu Paduddi,S. Shyam Prasad,"Ali, Raghu Babu, Dhanraj, Suman Shetty",2019,Telugu,"Movie Title: Rangu Paduddi. Directed by: S. Shyam Prasad. Starring: Ali, Raghu Babu, Dhanraj, Suman Shetty. Released in: 2019."
Maharshi,Vamsi Paidipally,"Mahesh Babu, Pooja Hegde, Allari Naresh, Jagapathi Babu, Prakash Raj",2019,Telugu,"Movie Title: Maharshi. Directed by: Vamsi Paidipally. Starring: Mahesh Babu, Pooja Hegde, Allari Naresh, Jagapathi Babu, Prakash Raj. Released in: 2019."
ABCD: American Born Confused Desi,Sanjeev Reddy,"Allu Sirish, Rukshar Dhillon, Nagendra Babu, Master Bharath, Kota Srinivasa Rao",2019,Telugu,"Movie Title: ABCD: American Born Confused Desi. Directed by: Sanjeev Reddy. Starring: Allu Sirish, Rukshar Dhillon, Nagendra Babu, Master Bharath, Kota Srinivasa Rao. Released in: 2019."
Chikati Gadilo Chithakotudu,Santhosh P. Jayakumar,"Adith Arun, Bhagyashree Mote, Sayantani Guhathakurta, Nikki Tamboli, Posani Krishna Murali, Rajendran",2019,Telugu,"Movie Title: Chikati Gadilo Chithakotudu. Directed by: Santhosh P. Jayakumar. Starring: Adith Arun, Bhagyashree Mote, Sayantani Guhathakurta, Nikki Tamboli, Posani Krishna Murali, Rajendran. Released in: 2019."
Gulf,P. Sunil Kumar Reddy,"Chethan Maddineni, Dimple, Tanikella Bharani, Posani Krishna Murali",2017,Telugu,"Movie Title: Gulf. Directed by: P. Sunil Kumar Reddy. Starring: Chethan Maddineni, Dimple, Tanikella Bharani, Posani Krishna Murali. Released in: 2017."
Oye Ninne,Satyam Challakoti,"Bharath Margani, Srushti Dange, Thagubothu Ramesh, Thulasi Shivamani",2017,Telugu,"Movie Title: Oye Ninne. Directed by: Satyam Challakoti. Starring: Bharath Margani, Srushti Dange, Thagubothu Ramesh, Thulasi Shivamani. Released in: 2017."
Nenu Kidnap Ayyanu,Sreekara Babu,"Posani Krishna Murali, Brahmanandam, Krishna Bhagawan, Srikanth, Dheeru, Soumithri, Aditi Singh",2017,Telugu,"Movie Title: Nenu Kidnap Ayyanu. Directed by: Sreekara Babu. Starring: Posani Krishna Murali, Brahmanandam, Krishna Bhagawan, Srikanth, Dheeru, Soumithri, Aditi Singh. Released in: 2017."
Thanu Nenu,Ram Mohan,"Santosh Sobhan, Avika Gor",2015,Telugu,"Movie Title: Thanu Nenu. Directed by: Ram Mohan. Starring: Santosh Sobhan, Avika Gor. Released in: 2015."
Veediki Dookudekkuva,SatyaNarayana,"Srikanth, Kamna Jethmalani",2015,Telugu,"Movie Title: Veediki Dookudekkuva. Directed by: SatyaNarayana. Starring: Srikanth, Kamna Jethmalani. Released in: 2015."
Sankarabharanam,Uday,"Nikhil, Nanditha",2015,Telugu,"Movie Title: Sankarabharanam. Directed by: Uday. Starring: Nikhil, Nanditha. Released in: 2015."
Bengal Tiger,Sampath Nandi,"Ravi Teja, Tamannaah Bhatia, Boman Irani, Raashi Khanna",2015,Telugu,"Movie Title: Bengal Tiger. Directed by: Sampath Nandi. Starring: Ravi Teja, Tamannaah Bhatia, Boman Irani, Raashi Khanna. Released in: 2015."
Hitudu,Viplav,"Jagapathi Babu, Meera Nandan",2015,Telugu,"Movie Title: Hitudu. Directed by: Viplav. Starring: Jagapathi Babu, Meera Nandan. Released in: 2015."
Anaganaga Oka Chitram,J. Prabhakar Reddy,"Shiva, Meghashree",2015,Telugu,"Movie Title: Anaganaga Oka Chitram. Directed by: J. Prabhakar Reddy. Starring: Shiva, Meghashree. Released in: 2015."
Kaki: Sound of Warning,Manon M,"Ashok, Meghashree, Sangeetha Bhat, Kiran Pattikonda",2015,Telugu,"Movie Title: Kaki: Sound of Warning. Directed by: Manon M. Starring: Ashok, Meghashree, Sangeetha Bhat, Kiran Pattikonda. Released in: 2015."
Loafer,Puri Jagannadh,"Varun Tej, Disha Patani",2015,Telugu,"Movie Title: Loafer. Directed by: Puri Jagannadh. Starring: Varun Tej, Disha Patani. Released in: 2015."
Soukhyam,AS Ravi Kumar Chowdhary,"Gopichand, Regina Cassandra, Mukesh Rishi, Pradeep Rawat",2015,Telugu,"Movie Title: Soukhyam. Directed by: AS Ravi Kumar Chowdhary. Starring: Gopichand, Regina Cassandra, Mukesh Rishi, Pradeep Rawat. Released in: 2015."
Bhale Manchi Roju,Sriram Adittya. T,"Sudheer Babu, Wamiqa Gabbi, Dhanya Balakrishna, Sai Kumar",2015,Telugu,"Movie Title: Bhale Manchi Roju. Directed by: Sriram Adittya. T. Starring: Sudheer Babu, Wamiqa Gabbi, Dhanya Balakrishna, Sai Kumar. Released in: 2015."
Mama Manchu Alludu Kanchu,Sriniwass Reddy,"Mohan Babu, Allari Naresh, Varun Sandesh, Poorna, Meena, Ramya Krishna",2015,Telugu,"Movie Title: Mama Manchu Alludu Kanchu. Directed by: Sriniwass Reddy. Starring: Mohan Babu, Allari Naresh, Varun Sandesh, Poorna, Meena, Ramya Krishna. Released in: 2015."
Jatha Kalise,Rakesh Sashii,"Ashwin Babu, Tejaswi Madivada, Snigdha, Shakalaka Shankar, Dhanaraj",2015,Telugu,"Movie Title: Jatha Kalise. Directed by: Rakesh Sashii. Starring: Ashwin Babu, Tejaswi Madivada, Snigdha, Shakalaka Shankar, Dhanaraj. Released in: 2015."
Chitram Bhalare Vichitram,Bhanu Prakash Balusu,"Chandini Tamilarasan, Sowmya, Subhasree, Jeeva, Surya, Venugopal Rao, Prabhas Sreenu, Allari Subhashini",2016,Telugu,"Movie Title: Chitram Bhalare Vichitram. Directed by: Bhanu Prakash Balusu. Starring: Chandini Tamilarasan, Sowmya, Subhasree, Jeeva, Surya, Venugopal Rao, Prabhas Sreenu, Allari Subhashini. Released in: 2016."
Abbayitho Ammayi,Ramesh Varma,"Naga Shourya, Palak Lalwani, Rao Ramesh, Brahmanandam, Mohan",2016,Telugu,"Movie Title: Abbayitho Ammayi. Directed by: Ramesh Varma. Starring: Naga Shourya, Palak Lalwani, Rao Ramesh, Brahmanandam, Mohan. Released in: 2016."
Nenu.. Sailaja...,Kishore Tirumala,"Ram Pothineni, Keerthy Suresh, Sathyaraj, Pradeep Rawat, Prince Cecil, Rohini",2016,Telugu,"Movie Title: Nenu.. Sailaja.... Directed by: Kishore Tirumala. Starring: Ram Pothineni, Keerthy Suresh, Sathyaraj, Pradeep Rawat, Prince Cecil, Rohini. Released in: 2016."
Nannaku Prematho,Sukumar,"Jr NTR, Rakul Preet, Jagapathi Babu, Rajendra Prasad",2016,Telugu,"Movie Title: Nannaku Prematho. Directed by: Sukumar. Starring: Jr NTR, Rakul Preet, Jagapathi Babu, Rajendra Prasad. Released in: 2016."
Express Raja,Merlapaka Gandhi,"Sharwanand, Surabhi, Harish Uthaman",2016,Telugu,"Movie Title: Express Raja. Directed by: Merlapaka Gandhi. Starring: Sharwanand, Surabhi, Harish Uthaman. Released in: 2016."
Size Zero,Prakash,"Arya, Anushka, Sonal Chauhan",2015,Telugu,"Movie Title: Size Zero. Directed by: Prakash. Starring: Arya, Anushka, Sonal Chauhan. Released in: 2015."
Cheekati Rajyam,Rajesh,"Kamal Haasan, Trisha, Prakash Raj",2015,Telugu,"Movie Title: Cheekati Rajyam. Directed by: Rajesh. Starring: Kamal Haasan, Trisha, Prakash Raj. Released in: 2015."
Kumari 21F,Surya Pratap,"Raj Tarun, Heebah Patel",2015,Telugu,"Movie Title: Kumari 21F. Directed by: Surya Pratap. Starring: Raj Tarun, Heebah Patel. Released in: 2015."
Akhil,Vinayak,"Akhil Akkineni, Sayyeshaa, Rajendra Prasad, Mahesh Manjrekar, Brahmanandam, Vennela Kishore",2015,Telugu,"Movie Title: Akhil. Directed by: Vinayak. Starring: Akhil Akkineni, Sayyeshaa, Rajendra Prasad, Mahesh Manjrekar, Brahmanandam, Vennela Kishore. Released in: 2015."
Srimanthudu,Koratala Siva,"Mahesh Babu, Shruti Haasan, Jagapathi Babu, Mukesh Rishi, Rajendra Prasad, Sampath Raj, Harish Uthaman",2015,Telugu,"Movie Title: Srimanthudu. Directed by: Koratala Siva. Starring: Mahesh Babu, Shruti Haasan, Jagapathi Babu, Mukesh Rishi, Rajendra Prasad, Sampath Raj, Harish Uthaman. Released in: 2015."
Cinema Choopistha Mava,Trinadha Rao Nakkina,"Raj Tarun, Avika Gor",2015,Telugu,"Movie Title: Cinema Choopistha Mava. Directed by: Trinadha Rao Nakkina. Starring: Raj Tarun, Avika Gor. Released in: 2015."
Kick 2,Surender Reddy,"Ravi Teja, Rakul Preet Singh, Ravi Kishan, Kabir Duhan Singh, Ashish Vidyarthi, Brahmanandam, Rajpal Yadav",2015,Telugu,"Movie Title: Kick 2. Directed by: Surender Reddy. Starring: Ravi Teja, Rakul Preet Singh, Ravi Kishan, Kabir Duhan Singh, Ashish Vidyarthi, Brahmanandam, Rajpal Yadav. Released in: 2015."
Best Actors,Arun Pawar,"Nandu, Madhurima, Madhunandan, Kesha, Varshini Soundaryarajan",2015,Telugu,"Movie Title: Best Actors. Directed by: Arun Pawar. Starring: Nandu, Madhurima, Madhunandan, Kesha, Varshini Soundaryarajan. Released in: 2015."
Dynamite,Deva Katta,"Manchu Vishnu, Pranitha Subhash, J. D. Chakravarthy",2015,Telugu,"Movie Title: Dynamite. Directed by: Deva Katta. Starring: Manchu Vishnu, Pranitha Subhash, J. D. Chakravarthy. Released in: 2015."
Bhale Bhale Magadivoy,Maruthi,"Nani, Lavanya Tripathi, Murali Sharma",2015,Telugu,"Movie Title: Bhale Bhale Magadivoy. Directed by: Maruthi. Starring: Nani, Lavanya Tripathi, Murali Sharma. Released in: 2015."
Courier Boy Kalyan,Premsai,"Nithiin, Yami Gautam",2015,Telugu,"Movie Title: Courier Boy Kalyan. Directed by: Premsai. Starring: Nithiin, Yami Gautam. Released in: 2015."
Subramanyam For Sale,Harish Shankar,"Sai Dharam Tej, Regina Cassandra, Adah Sharma, Brahmanandam",2015,Telugu,"Movie Title: Subramanyam For Sale. Directed by: Harish Shankar. Starring: Sai Dharam Tej, Regina Cassandra, Adah Sharma, Brahmanandam. Released in: 2015."
Dictator,Sriwass,"Nandamuri Balakrishna, Anjali, Sonal Chauhan",2016,Telugu,"Movie Title: Dictator. Directed by: Sriwass. Starring: Nandamuri Balakrishna, Anjali, Sonal Chauhan. Released in: 2016."
Chandrika,Yogesh,"Jayram Karthik, Kamna Jethmalani, Srimukhi, Girish Karnad, Satyam Rajesh",2015,Telugu,"Movie Title: Chandrika. Directed by: Yogesh. Starring: Jayram Karthik, Kamna Jethmalani, Srimukhi, Girish Karnad, Satyam Rajesh. Released in: 2015."
Rudhramadevi,Gunasekhar,"Anushka Shetty, Allu Arjun, Rana Daggubati, Krishnam Raju, Prakash Raj",2015,Telugu,"Movie Title: Rudhramadevi. Directed by: Gunasekhar. Starring: Anushka Shetty, Allu Arjun, Rana Daggubati, Krishnam Raju, Prakash Raj. Released in: 2015."
Bruce Lee,Srinu Vaitla,"Ram Charan, Rakul Preet Singh, Kriti Kharbanda, Arun Vijay, Brahmanandam",2015,Telugu,"Movie Title: Bruce Lee. Directed by: Srinu Vaitla. Starring: Ram Charan, Rakul Preet Singh, Kriti Kharbanda, Arun Vijay, Brahmanandam. Released in: 2015."
Kanche,Krish,"Varun Tej, Pragya Jaiswal, Nikitin Dheer, Srinivas Avasarala",2015,Telugu,"Movie Title: Kanche. Directed by: Krish. Starring: Varun Tej, Pragya Jaiswal, Nikitin Dheer, Srinivas Avasarala. Released in: 2015."
Columbus,R Samala,"Sumanth Ashwin, Seerat Kapoor, Mishti Chakraborty",2015,Telugu,"Movie Title: Columbus. Directed by: R Samala. Starring: Sumanth Ashwin, Seerat Kapoor, Mishti Chakraborty. Released in: 2015."
Raju Gari Gadhi,Omkar,"Ashwin Babu, Dhanya Balakrishna",2015,Telugu,"Movie Title: Raju Gari Gadhi. Directed by: Omkar. Starring: Ashwin Babu, Dhanya Balakrishna. Released in: 2015."
Sher,Mallikarjun,"Kalyan Ram, Sonal Chauhan, Vikramjeet Virk, Mukesh Rishi",2015,Telugu,"Movie Title: Sher. Directed by: Mallikarjun. Starring: Kalyan Ram, Sonal Chauhan, Vikramjeet Virk, Mukesh Rishi. Released in: 2015."
Tripura,Raj Kiran,"Colors Swathi, Naveen Chandra, Saptagiri, Rao Ramesh",2015,Telugu,"Movie Title: Tripura. Directed by: Raj Kiran. Starring: Colors Swathi, Naveen Chandra, Saptagiri, Rao Ramesh. Released in: 2015."
Red Alert,Chandra Mahesh,"H. H. Mahadev, Anjana Menon, Suman, Vinod Kumar Alva, Posani Krishna Murali, Ali",2015,Telugu,"Movie Title: Red Alert. Directed by: Chandra Mahesh. Starring: H. H. Mahadev, Anjana Menon, Suman, Vinod Kumar Alva, Posani Krishna Murali, Ali. Released in: 2015."
Shivam,Srinivas Reddy,"Ram, Raashi Khanna, Abhimanyu Singh",2015,Telugu,"Movie Title: Shivam. Directed by: Srinivas Reddy. Starring: Ram, Raashi Khanna, Abhimanyu Singh. Released in: 2015."
Mirchi Lanti Kurradu,Jayanag,"Abijeet, Pragya Jaiswal",2015,Telugu,"Movie Title: Mirchi Lanti Kurradu. Directed by: Jayanag. Starring: Abijeet, Pragya Jaiswal. Released in: 2015."
Soggade Chinni Nayana,Kalyan Krishna,"Nagarjuna, Ramya Krishnan, Lavanya Tripathi, Nassar, Sampath Raj, Brahmanandam",2016,Telugu,"Movie Title: Soggade Chinni Nayana. Directed by: Kalyan Krishna. Starring: Nagarjuna, Ramya Krishnan, Lavanya Tripathi, Nassar, Sampath Raj, Brahmanandam. Released in: 2016."
Seethamma Andalu Ramayya Sitralu,Gavireddy Srinivas Reddy,"Raj Tarun, Arthana, Aadarsh, Raja Ravindra",2016,Telugu,"Movie Title: Seethamma Andalu Ramayya Sitralu. Directed by: Gavireddy Srinivas Reddy. Starring: Raj Tarun, Arthana, Aadarsh, Raja Ravindra. Released in: 2016."
Romance With Finance,Rajju Kumpatla,"Merina Abraham, Satish Babu",2016,Telugu,"Movie Title: Romance With Finance. Directed by: Rajju Kumpatla. Starring: Merina Abraham, Satish Babu. Released in: 2016."
Run,Anil Kanneganti,"Sundeep Kishan, Anisha Ambrose, Bobby Simha",2016,Telugu,"Movie Title: Run. Directed by: Anil Kanneganti. Starring: Sundeep Kishan, Anisha Ambrose, Bobby Simha. Released in: 2016."
Oopiri,Vamsi Paidipally,"Nagarjuna, Karthi, Tamannaah",2016,Telugu,"Movie Title: Oopiri. Directed by: Vamsi Paidipally. Starring: Nagarjuna, Karthi, Tamannaah. Released in: 2016."
Mohabbat Mein,Mahesh Surya,"Karthik, Hamida",2016,Telugu,"Movie Title: Mohabbat Mein. Directed by: Mahesh Surya. Starring: Karthik, Hamida. Released in: 2016."
Ammayi Aaruguru,G. Muraliprasad,"Ramachandra, Aashalatha, Ravi",2016,Telugu,"Movie Title: Ammayi Aaruguru. Directed by: G. Muraliprasad. Starring: Ramachandra, Aashalatha, Ravi. Released in: 2016."
Meera,Santhosh Eubulus,"Aditya Anand, Ishika Singh",2016,Telugu,"Movie Title: Meera. Directed by: Santhosh Eubulus. Starring: Aditya Anand, Ishika Singh. Released in: 2016."
7 To 4,Vijay Sekhar Sankranth,"Anand Bachu, Raj Bala, Radhika, Loukya",2016,Telugu,"Movie Title: 7 To 4. Directed by: Vijay Sekhar Sankranth. Starring: Anand Bachu, Raj Bala, Radhika, Loukya. Released in: 2016."
Attack,Ram Gopal Varma,"Manchu Manoj, Surabhi, Jagapati Babu, Prakash Raj, Abhimanyu Singh, Poonam Kaur",2016,Telugu,"Movie Title: Attack. Directed by: Ram Gopal Varma. Starring: Manchu Manoj, Surabhi, Jagapati Babu, Prakash Raj, Abhimanyu Singh, Poonam Kaur. Released in: 2016."
Savitri,Pavan Sadineni,"Nara Rohit, Nanditha Raj",2016,Telugu,"Movie Title: Savitri. Directed by: Pavan Sadineni. Starring: Nara Rohit, Nanditha Raj. Released in: 2016."
Sardaar Gabbar Singh,K. S. Ravindra,"Pawan Kalyan, Kajal Aggarwal, Sharad Kelkar",2016,Telugu,"Movie Title: Sardaar Gabbar Singh. Directed by: K. S. Ravindra. Starring: Pawan Kalyan, Kajal Aggarwal, Sharad Kelkar. Released in: 2016."
Eedo Rakam Aado Rakam,G. Nageswara Reddy,"Manchu Vishnu, Raj Tarun, Hebah Patel, Sonarika Bhadoria",2016,Telugu,"Movie Title: Eedo Rakam Aado Rakam. Directed by: G. Nageswara Reddy. Starring: Manchu Vishnu, Raj Tarun, Hebah Patel, Sonarika Bhadoria. Released in: 2016."
Sarrainodu,Boyapati Srinu,"Allu Arjun, Srikanth, Aadhi Pinisetty, Rakul Preet Singh, Catherine Tresa, Pradeep Rawat, Sai Kumar, Jayaprakash, Brahmanandam",2016,Telugu,"Movie Title: Sarrainodu. Directed by: Boyapati Srinu. Starring: Allu Arjun, Srikanth, Aadhi Pinisetty, Rakul Preet Singh, Catherine Tresa, Pradeep Rawat, Sai Kumar, Jayaprakash, Brahmanandam. Released in: 2016."
Raja Cheyyi Vesthe,Pradeep,"Nara Rohit, Isha Talwar, Taraka Ratna",2016,Telugu,"Movie Title: Raja Cheyyi Vesthe. Directed by: Pradeep. Starring: Nara Rohit, Isha Talwar, Taraka Ratna. Released in: 2016."
Supreme,Anil Ravipudi,"Sai Dharam Tej, Raashi Khanna, Master Mikhail Gandhi, Rajendra Prasad, Kabir Duhan Singh, Ravi Kishan, Sai Kumar",2016,Telugu,"Movie Title: Supreme. Directed by: Anil Ravipudi. Starring: Sai Dharam Tej, Raashi Khanna, Master Mikhail Gandhi, Rajendra Prasad, Kabir Duhan Singh, Ravi Kishan, Sai Kumar. Released in: 2016."
Brahmotsavam,Srikanth Addala,"Mahesh Babu, Kajal Aggarwal, Samantha Ruth Prabhu, Pranitha Subhash",2016,Telugu,"Movie Title: Brahmotsavam. Directed by: Srikanth Addala. Starring: Mahesh Babu, Kajal Aggarwal, Samantha Ruth Prabhu, Pranitha Subhash. Released in: 2016."
A Aa,Trivikram Srinivas,"Nithiin, Samantha, Naresh, Srinivas Avasarala",2016,Telugu,"Movie Title: A Aa. Directed by: Trivikram Srinivas. Starring: Nithiin, Samantha, Naresh, Srinivas Avasarala. Released in: 2016."
Sri Sri,Muppalaneni Siva,"Krishna, Vijay Nirmala",2016,Telugu,"Movie Title: Sri Sri. Directed by: Muppalaneni Siva. Starring: Krishna, Vijay Nirmala. Released in: 2016."
Dandakaranyam,R. Narayana Murthy,"R. Narayana Murthy, Gaddar",2016,Telugu,"Movie Title: Dandakaranyam. Directed by: R. Narayana Murthy. Starring: R. Narayana Murthy, Gaddar. Released in: 2016."
Seesa,Mohamad Issack,"Sivaji, Chaswa, Namratha",2016,Telugu,"Movie Title: Seesa. Directed by: Mohamad Issack. Starring: Sivaji, Chaswa, Namratha. Released in: 2016."
Drishya Kavyam,Bella Ramakrishna Reddy,"Ram Karthik, Kashmira Kulkarni",2016,Telugu,"Movie Title: Drishya Kavyam. Directed by: Bella Ramakrishna Reddy. Starring: Ram Karthik, Kashmira Kulkarni. Released in: 2016."
Nenu Maa College,S. S. Dhakar,"Manoj Nandan, Sisha, Srihari",2016,Telugu,"Movie Title: Nenu Maa College. Directed by: S. S. Dhakar. Starring: Manoj Nandan, Sisha, Srihari. Released in: 2016."
Lajja,Narasimha Nandi,"Madhumitha, Varun, Shiva",2016,Telugu,"Movie Title: Lajja. Directed by: Narasimha Nandi. Starring: Madhumitha, Varun, Shiva. Released in: 2016."
Speedunnodu,Bhimaneni Srinivasa Rao,"Bellamkonda Sreenivas, Sonarika Bhadoria",2016,Telugu,"Movie Title: Speedunnodu. Directed by: Bhimaneni Srinivasa Rao. Starring: Bellamkonda Sreenivas, Sonarika Bhadoria. Released in: 2016."
Vennello Hai Hai,Vamsy,"Ajmal, Nikitha Narayan",2016,Telugu,"Movie Title: Vennello Hai Hai. Directed by: Vamsy. Starring: Ajmal, Nikitha Narayan. Released in: 2016."
Krishna Gaadi Veera Prema Gaadha,Hanu Raghavapudi,"Nani, Mehreen Pirzada, Sampath Raj, Murali Sharma, Harish Uthaman",2016,Telugu,"Movie Title: Krishna Gaadi Veera Prema Gaadha. Directed by: Hanu Raghavapudi. Starring: Nani, Mehreen Pirzada, Sampath Raj, Murali Sharma, Harish Uthaman. Released in: 2016."
Garam,Madan,"Aadi, Adah Sharma, Brahmanandam",2016,Telugu,"Movie Title: Garam. Directed by: Madan. Starring: Aadi, Adah Sharma, Brahmanandam. Released in: 2016."
Krishnashtami,Vasu Varma,"Sunil, Nikki Galrani, Dimple Chopade",2016,Telugu,"Movie Title: Krishnashtami. Directed by: Vasu Varma. Starring: Sunil, Nikki Galrani, Dimple Chopade. Released in: 2016."
Malupu,Sathya Prabhas Pinisetty,"Aadhi, Nikki Galrani, Mithun Chakraborty, Richa Pallod, Pasupathy",2016,Telugu,"Movie Title: Malupu. Directed by: Sathya Prabhas Pinisetty. Starring: Aadhi, Nikki Galrani, Mithun Chakraborty, Richa Pallod, Pasupathy. Released in: 2016."
Kshanam,Ravikanth,"Adivi Sesh, Adah Sharma, Anasuya",2016,Telugu,"Movie Title: Kshanam. Directed by: Ravikanth. Starring: Adivi Sesh, Adah Sharma, Anasuya. Released in: 2016."
Lacchimdeviki O Lekkundi,Jagadish Talasila,"Lavanya Tripathi, Naveen Chandra",2016,Telugu,"Movie Title: Lacchimdeviki O Lekkundi. Directed by: Jagadish Talasila. Starring: Lavanya Tripathi, Naveen Chandra. Released in: 2016."
Eluka Majaka,Relangi Narasimha Rao,"Vennela Kishore, Brahmanandam, Pavani",2016,Telugu,"Movie Title: Eluka Majaka. Directed by: Relangi Narasimha Rao. Starring: Vennela Kishore, Brahmanandam, Pavani. Released in: 2016."
Terror,Sathish Kasetty,"Srikanth, Nikhita Thukral, Prudhvi, Nassar",2016,Telugu,"Movie Title: Terror. Directed by: Sathish Kasetty. Starring: Srikanth, Nikhita Thukral, Prudhvi, Nassar. Released in: 2016."
Veeri Veeri Gu,M V Sagar,"Rudra, Venne, Raghu Babu",2016,Telugu,"Movie Title: Veeri Veeri Gu. Directed by: M V Sagar. Starring: Rudra, Venne, Raghu Babu. Released in: 2016."
Guntur Talkies,Praveen Sattaru,"Siddu Jonnalagadda, Rashmi Gautham, Shraddha Das",2016,Telugu,"Movie Title: Guntur Talkies. Directed by: Praveen Sattaru. Starring: Siddu Jonnalagadda, Rashmi Gautham, Shraddha Das. Released in: 2016."
Kalyana Vaibhogame,Nandini Reddy,"Naga Shourya, Malavika Nair, Raasi",2016,Telugu,"Movie Title: Kalyana Vaibhogame. Directed by: Nandini Reddy. Starring: Naga Shourya, Malavika Nair, Raasi. Released in: 2016."
Shourya,K. Dasaradh,"Manoj Manchu, Regina Cassandra, Prakash Raj",2016,Telugu,"Movie Title: Shourya. Directed by: K. Dasaradh. Starring: Manoj Manchu, Regina Cassandra, Prakash Raj. Released in: 2016."
Tuntari,Kumar Nagendra,"Nara Rohit, Latha Hegde, Kabir Duhan Singh",2016,Telugu,"Movie Title: Tuntari. Directed by: Kumar Nagendra. Starring: Nara Rohit, Latha Hegde, Kabir Duhan Singh. Released in: 2016."
Tulasi Dalam,R. P. Patnaik,"Nischal, Vandana Gupta, R. P. Patnaik",2016,Telugu,"Movie Title: Tulasi Dalam. Directed by: R. P. Patnaik. Starring: Nischal, Vandana Gupta, R. P. Patnaik. Released in: 2016."
O Sthree Repu Raa,T. Ashok Kumar Reddy,"Ashish Gandhi, Diksha Panth, Shruthi Mol",2016,Telugu,"Movie Title: O Sthree Repu Raa. Directed by: T. Ashok Kumar Reddy. Starring: Ashish Gandhi, Diksha Panth, Shruthi Mol. Released in: 2016."
Padesave,Chuniya,"Karthik Raju, Nithya Shetty, Sam",2016,Telugu,"Movie Title: Padesave. Directed by: Chuniya. Starring: Karthik Raju, Nithya Shetty, Sam. Released in: 2016."
Okka Ammayi Thappa,Rajasimha Tadinada,"Sundeep Kishan, Nithya Menen, Ravi Kishan, Ali, Prudhviraj",2016,Telugu,"Movie Title: Okka Ammayi Thappa. Directed by: Rajasimha Tadinada. Starring: Sundeep Kishan, Nithya Menen, Ravi Kishan, Ali, Prudhviraj. Released in: 2016."
James Bond,Sai Kishore Macha,"Allari Naresh, Sakshi Chaudhary",2015,Telugu,"Movie Title: James Bond. Directed by: Sai Kishore Macha. Starring: Allari Naresh, Sakshi Chaudhary. Released in: 2015."
The Bells,Nellutla Praveen Chander,"Ryan Rahul, Neha Deshpande",2015,Telugu,"Movie Title: The Bells. Directed by: Nellutla Praveen Chander. Starring: Ryan Rahul, Neha Deshpande. Released in: 2015."
Lava Kusa,Jaya Sreesivan,"Varun Sandesh, Richa Panai",2015,Telugu,"Movie Title: Lava Kusa. Directed by: Jaya Sreesivan. Starring: Varun Sandesh, Richa Panai. Released in: 2015."
Gopala Gopala,Kishore Kumar,"Venkatesh, Pawan Kalyan, Shriya Saran, Mithun Chakraborthy",2015,Telugu,"Movie Title: Gopala Gopala. Directed by: Kishore Kumar. Starring: Venkatesh, Pawan Kalyan, Shriya Saran, Mithun Chakraborthy. Released in: 2015."
Pataas,Anil Ravipudi,"Nandamuri Kalyan Ram, Shruti Sodhi, Sai Kumar, Ashutosh Rana",2015,Telugu,"Movie Title: Pataas. Directed by: Anil Ravipudi. Starring: Nandamuri Kalyan Ram, Shruti Sodhi, Sai Kumar, Ashutosh Rana. Released in: 2015."
Beeruva,Kanmani,"Sundeep Kishan, Surabhi",2015,Telugu,"Movie Title: Beeruva. Directed by: Kanmani. Starring: Sundeep Kishan, Surabhi. Released in: 2015."
Intelligent Idiots,Balaji Sanala,"Posani Krishna Murali, Vikram Shekar, Prabhjeet Kaur, Saptagiri",2015,Telugu,"Movie Title: Intelligent Idiots. Directed by: Balaji Sanala. Starring: Posani Krishna Murali, Vikram Shekar, Prabhjeet Kaur, Saptagiri. Released in: 2015."
Top Rankers,Gollapati Nageshwara Rao,"Rajendra Prasad, Sony Charistha",2015,Telugu,"Movie Title: Top Rankers. Directed by: Gollapati Nageshwara Rao. Starring: Rajendra Prasad, Sony Charistha. Released in: 2015."
Ladies & Gentleman,P B Manjunath,"Adivi Sesh, Chaitanya Krishna, Kamal Kamaraju, Nikitha Narayan",2015,Telugu,"Movie Title: Ladies & Gentleman. Directed by: P B Manjunath. Starring: Adivi Sesh, Chaitanya Krishna, Kamal Kamaraju, Nikitha Narayan. Released in: 2015."
O Manasa,Sahaja Rao,"Ajay, Aparna Bajpai",2015,Telugu,"Movie Title: O Manasa. Directed by: Sahaja Rao. Starring: Ajay, Aparna Bajpai. Released in: 2015."
Dorakadu,Varaprasad,"Sivaji, Gayathri Iyer, Suman, Ajay, Babu Mohan",2015,Telugu,"Movie Title: Dorakadu. Directed by: Varaprasad. Starring: Sivaji, Gayathri Iyer, Suman, Ajay, Babu Mohan. Released in: 2015."
Gaddam Gang,Santhosh P. Jayakumar,"Rajasekhar, Sheena Shahabadi, Naresh, Seetha",2015,Telugu,"Movie Title: Gaddam Gang. Directed by: Santhosh P. Jayakumar. Starring: Rajasekhar, Sheena Shahabadi, Naresh, Seetha. Released in: 2015."
Malli Malli Idi Rani Roju,Kranthi Madhav,"Sharwanand, Nithya Menen, Tejaswi Madivada, Nassar, Pavitra Lokesh",2015,Telugu,"Movie Title: Malli Malli Idi Rani Roju. Directed by: Kranthi Madhav. Starring: Sharwanand, Nithya Menen, Tejaswi Madivada, Nassar, Pavitra Lokesh. Released in: 2015."
Moodu Mukkallo Cheppalante,Madhumitha,"Rakendu Mouli, Aditi Chengappa, Venkatesh Harinathan",2015,Telugu,"Movie Title: Moodu Mukkallo Cheppalante. Directed by: Madhumitha. Starring: Rakendu Mouli, Aditi Chengappa, Venkatesh Harinathan. Released in: 2015."
Pesarattu,Mahesh Kathi,"Nandu, Nikitha Narayan, Sampoornesh Babu",2015,Telugu,"Movie Title: Pesarattu. Directed by: Mahesh Kathi. Starring: Nandu, Nikitha Narayan, Sampoornesh Babu. Released in: 2015."
Temper,Puri Jagannadh,"N. T. Rama Rao Jr., Kajal Aggarwal, Prakash Raj",2015,Telugu,"Movie Title: Temper. Directed by: Puri Jagannadh. Starring: N. T. Rama Rao Jr., Kajal Aggarwal, Prakash Raj. Released in: 2015."
Paddanandi Premalo Mari,Mahesh Upputuri,"Varun Sandesh, Vithika Sheru",2015,Telugu,"Movie Title: Paddanandi Premalo Mari. Directed by: Mahesh Upputuri. Starring: Varun Sandesh, Vithika Sheru. Released in: 2015."
Bandipotu,Mohan Krishna Indraganti,"Allari Naresh, Eesha Rebba, Srinivas Avasarala, Rao Ramesh, Tanikella Bharani",2015,Telugu,"Movie Title: Bandipotu. Directed by: Mohan Krishna Indraganti. Starring: Allari Naresh, Eesha Rebba, Srinivas Avasarala, Rao Ramesh, Tanikella Bharani. Released in: 2015."
Nuvvu Nenu Okatavudaam,P. Narasimha Reddy,"Ranjith Swamy, Sana, Ali, Jaya Prakash Reddy",2015,Telugu,"Movie Title: Nuvvu Nenu Okatavudaam. Directed by: P. Narasimha Reddy. Starring: Ranjith Swamy, Sana, Ali, Jaya Prakash Reddy. Released in: 2015."
Mana Kurralle,Veera Sankar,"Arvind Krishna, Rachana Malhotra, Krishnudu, Roopa Kaur",2015,Telugu,"Movie Title: Mana Kurralle. Directed by: Veera Sankar. Starring: Arvind Krishna, Rachana Malhotra, Krishnudu, Roopa Kaur. Released in: 2015."
A Shyam Gopal Varma Film,Rakesh Srinivas,"Shafi, Zoya Khan, L. B. Sriram, Jaya Prakash Reddy",2015,Telugu,"Movie Title: A Shyam Gopal Varma Film. Directed by: Rakesh Srinivas. Starring: Shafi, Zoya Khan, L. B. Sriram, Jaya Prakash Reddy. Released in: 2015."
Chinnadana Nee Kosam,A. Karunakaran,"Nithiin, Mishti, Nassar, Naresh, Sithara, Ali",2014,Telugu,"Movie Title: Chinnadana Nee Kosam. Directed by: A. Karunakaran. Starring: Nithiin, Mishti, Nassar, Naresh, Sithara, Ali. Released in: 2014."
Mukunda,Srikanth Addala,"Varun Tej, Pooja Hegde, Prakash Raj",2014,Telugu,"Movie Title: Mukunda. Directed by: Srikanth Addala. Starring: Varun Tej, Pooja Hegde, Prakash Raj. Released in: 2014."
Atreya,Shanthikumar Chilumula,"Aditya, Anuhya, Sri Raj, Jeeva, Meenakshi",2014,Telugu,"Movie Title: Atreya. Directed by: Shanthikumar Chilumula. Starring: Aditya, Anuhya, Sri Raj, Jeeva, Meenakshi. Released in: 2014."
Ice Cream 2,Ram Gopal Varma,"J. D. Chakravarthy, Naveena, Tanikella Bharani, Jeeva",2014,Telugu,"Movie Title: Ice Cream 2. Directed by: Ram Gopal Varma. Starring: J. D. Chakravarthy, Naveena, Tanikella Bharani, Jeeva. Released in: 2014."
Rowdy Fellow,Krishna Chaitanya,"Nara Rohit, Vishakha Singh, Nandini Rai, Rao Ramesh",2014,Telugu,"Movie Title: Rowdy Fellow. Directed by: Krishna Chaitanya. Starring: Nara Rohit, Vishakha Singh, Nandini Rai, Rao Ramesh. Released in: 2014."
Naa Bangaaru Talli,Rajesh Touchriver,"Siddique, Anjali Patil, Lakshmi Menon, Rathna Shekar Reddy",2014,Telugu,"Movie Title: Naa Bangaaru Talli. Directed by: Rajesh Touchriver. Starring: Siddique, Anjali Patil, Lakshmi Menon, Rathna Shekar Reddy. Released in: 2014."
33 Prema Kathalu,Siva Ganesh,"Vivek, Sunitha Marasiar, Sravani",2014,Telugu,"Movie Title: 33 Prema Kathalu. Directed by: Siva Ganesh. Starring: Vivek, Sunitha Marasiar, Sravani. Released in: 2014."
Yamaleela 2,S. V. Krishna Reddy,"Dr.K.V.Satish, Diah Nicolas, Sadha, Mohan Babu, Brahmanandam, Nisha Kothari, Sayaji Shinde, Ali, Ashish Vidyarthi",2014,Telugu,"Movie Title: Yamaleela 2. Directed by: S. V. Krishna Reddy. Starring: Dr.K.V.Satish, Diah Nicolas, Sadha, Mohan Babu, Brahmanandam, Nisha Kothari, Sayaji Shinde, Ali, Ashish Vidyarthi. Released in: 2014."
Rough,C. H. Subba Reddy,"Aadi, Rakul Preet Singh, Srihari, Raghu Babu",2014,Telugu,"Movie Title: Rough. Directed by: C. H. Subba Reddy. Starring: Aadi, Rakul Preet Singh, Srihari, Raghu Babu. Released in: 2014."
Ala Ela,Aneesh Krishna,"Rahul Ravindran, Bhanu Sri Mehra, Vennela Kishore, Shaani Salman, Khushi, Heebah Patel",2014,Telugu,"Movie Title: Ala Ela. Directed by: Aneesh Krishna. Starring: Rahul Ravindran, Bhanu Sri Mehra, Vennela Kishore, Shaani Salman, Khushi, Heebah Patel. Released in: 2014."
Gayakudu,Kamal. G,"Ali Reza, Shriya Sharma, Santosh Pawan, M S Narayana, Sapta Giri",2015,Telugu,"Movie Title: Gayakudu. Directed by: Kamal. G. Starring: Ali Reza, Shriya Sharma, Santosh Pawan, M S Narayana, Sapta Giri. Released in: 2015."
Sri Vasavi Kanyaka Parameswari Charitra,Sripada Ramachandra Rao,"Suman, Ramya Krishna",2014,Telugu,"Movie Title: Sri Vasavi Kanyaka Parameswari Charitra. Directed by: Sripada Ramachandra Rao. Starring: Suman, Ramya Krishna. Released in: 2014."
Lakshmi Raave Maa Intiki,Nandyala Ravi,"Naga Shourya, Avika Gor",2014,Telugu,"Movie Title: Lakshmi Raave Maa Intiki. Directed by: Nandyala Ravi. Starring: Naga Shourya, Avika Gor. Released in: 2014."
The End,Rahul Sankrityan,"Yuva Chandraa, Sudhir Reddy, Gazal Somaiah, Pavani Reddy",2014,Telugu,"Movie Title: The End. Directed by: Rahul Sankrityan. Starring: Yuva Chandraa, Sudhir Reddy, Gazal Somaiah, Pavani Reddy. Released in: 2014."
Vundile Manchi Kalam Mundu Mundura,Arun Daasyam,"Sudhakar Komakula, Avantika Mohan",2014,Telugu,"Movie Title: Vundile Manchi Kalam Mundu Mundura. Directed by: Arun Daasyam. Starring: Sudhakar Komakula, Avantika Mohan. Released in: 2014."
Choosinodiki Choosinanta,Anil Vatupalli,"Sivaji, Nagendra Babu, Leslie Tripathy",2014,Telugu,"Movie Title: Choosinodiki Choosinanta. Directed by: Anil Vatupalli. Starring: Sivaji, Nagendra Babu, Leslie Tripathy. Released in: 2014."
Ee Varsham Sakshiga,Ramana Mogili,"Varun Sandesh, Haripriya",2014,Telugu,"Movie Title: Ee Varsham Sakshiga. Directed by: Ramana Mogili. Starring: Varun Sandesh, Haripriya. Released in: 2014."
Saheba Subramanyam,Sasikiran Naryana,"Dilip Kumar, Priyanka Gor, Rao Ramesh",2014,Telugu,"Movie Title: Saheba Subramanyam. Directed by: Sasikiran Naryana. Starring: Dilip Kumar, Priyanka Gor, Rao Ramesh. Released in: 2014."
Panchabhoothalu Sakshiga,Kalicharan Maadina,"Kalicharan, Manashwini, Chitram srinu, Bindu",2014,Telugu,"Movie Title: Panchabhoothalu Sakshiga. Directed by: Kalicharan Maadina. Starring: Kalicharan, Manashwini, Chitram srinu, Bindu. Released in: 2014."
O Manishi Katha,Radha Swamy Avula,"Jagapati Babu, Kalyani",2014,Telugu,"Movie Title: O Manishi Katha. Directed by: Radha Swamy Avula. Starring: Jagapati Babu, Kalyani. Released in: 2014."
Chakkiligintha,Vema Reddy,"Sumanth Ashwin, Rehana",2014,Telugu,"Movie Title: Chakkiligintha. Directed by: Vema Reddy. Starring: Sumanth Ashwin, Rehana. Released in: 2014."
Baahubali: The Beginning,S.S. Rajamouli,"Prabhas, Rana, Tamannaah, Anushka Shetty, Satyaraj, Ramya Krishnan, Nassar",2015,Telugu,"Movie Title: Baahubali: The Beginning. Directed by: S.S. Rajamouli. Starring: Prabhas, Rana, Tamannaah, Anushka Shetty, Satyaraj, Ramya Krishnan, Nassar. Released in: 2015."
Bham Bolenath,Karthik Varma Dandu,"Navdeep, Naveen Chandra, Pooja Jhaveri",2015,Telugu,"Movie Title: Bham Bolenath. Directed by: Karthik Varma Dandu. Starring: Navdeep, Naveen Chandra, Pooja Jhaveri. Released in: 2015."
Surya vs Surya,Karthik Ghattamaneni,"Nikhil Siddharth, Tanikella Bharani, Tridha Choudhary",2015,Telugu,"Movie Title: Surya vs Surya. Directed by: Karthik Ghattamaneni. Starring: Nikhil Siddharth, Tanikella Bharani, Tridha Choudhary. Released in: 2015."
Mosagallaku Mosagadu,AN Bose,"Sudheer Babu, Nandini Rai, Abhimanyu",2015,Telugu,"Movie Title: Mosagallaku Mosagadu. Directed by: AN Bose. Starring: Sudheer Babu, Nandini Rai, Abhimanyu. Released in: 2015."
365 Days,RGV,"Nandoo, Anaika Soti",2015,Telugu,"Movie Title: 365 Days. Directed by: RGV. Starring: Nandoo, Anaika Soti. Released in: 2015."
Pandaga Chesko,Gopichand Malineni,"Ram, Rakul, Sonal Chauhan, Brahmanandam, Sampath Raj, Abhimanyu Singh",2015,Telugu,"Movie Title: Pandaga Chesko. Directed by: Gopichand Malineni. Starring: Ram, Rakul, Sonal Chauhan, Brahmanandam, Sampath Raj, Abhimanyu Singh. Released in: 2015."
Andhra Pori,Raj Mudiraju,"Akash Puri, Ulka Gupta",2015,Telugu,"Movie Title: Andhra Pori. Directed by: Raj Mudiraju. Starring: Akash Puri, Ulka Gupta. Released in: 2015."
Asura,Krishna Vijay,"Nara Rohit, Priya Banerjee",2015,Telugu,"Movie Title: Asura. Directed by: Krishna Vijay. Starring: Nara Rohit, Priya Banerjee. Released in: 2015."
Singam 123,Akshat Sharma,Sampoornesh Babu,2015,Telugu,Movie Title: Singam 123. Directed by: Akshat Sharma. Starring: Sampoornesh Babu. Released in: 2015.
Jyothi Lakshmi,Puri Jagannadh,Charmy Kaur,2015,Telugu,Movie Title: Jyothi Lakshmi. Directed by: Puri Jagannadh. Starring: Charmy Kaur. Released in: 2015.
Kerintha,Kiran,"Sumanth, Sri Divya, Tejaswi",2015,Telugu,"Movie Title: Kerintha. Directed by: Kiran. Starring: Sumanth, Sri Divya, Tejaswi. Released in: 2015."
Krishnamma Kalipindi Iddarini,R. Chandru,"Sudheer Babu, Nanditha, M.S. Narayana, Saptagiri",2015,Telugu,"Movie Title: Krishnamma Kalipindi Iddarini. Directed by: R. Chandru. Starring: Sudheer Babu, Nanditha, M.S. Narayana, Saptagiri. Released in: 2015."
Tippu,Jagadish,"Karthik, Kanika, Chalapathi Rao, Krishna Bhagavan",2015,Telugu,"Movie Title: Tippu. Directed by: Jagadish. Starring: Karthik, Kanika, Chalapathi Rao, Krishna Bhagavan. Released in: 2015."
Vinavayya Ramayya,Prasad,"Anvesh, Kruthika, Prakash Raj, Brahmanandam",2015,Telugu,"Movie Title: Vinavayya Ramayya. Directed by: Prasad. Starring: Anvesh, Kruthika, Prakash Raj, Brahmanandam. Released in: 2015."
Jadoogadu,Yogie,"Naga Shourya, Sonarika, Ajay, Kota Srinivasa Rao, Saptagiri",2015,Telugu,"Movie Title: Jadoogadu. Directed by: Yogie. Starring: Naga Shourya, Sonarika, Ajay, Kota Srinivasa Rao, Saptagiri. Released in: 2015."
Tiger,Anand,"Sundeep Kishan, Seerat Kapoor, Rahul Ravindran",2015,Telugu,"Movie Title: Tiger. Directed by: Anand. Starring: Sundeep Kishan, Seerat Kapoor, Rahul Ravindran. Released in: 2015."
Where Is Vidya Balan,Srinivas,"Prince, Sethi",2015,Telugu,"Movie Title: Where Is Vidya Balan. Directed by: Srinivas. Starring: Prince, Sethi. Released in: 2015."
Mantra 2,Satish,"Charmme Kaur, Chethan Cheenu",2015,Telugu,"Movie Title: Mantra 2. Directed by: Satish. Starring: Charmme Kaur, Chethan Cheenu. Released in: 2015."
Superstar Kidnap,A.Sushanth Reddy,"Nandu, Aadarsh Balakrishna, Bhupal, Poonam Kaur",2015,Telugu,"Movie Title: Superstar Kidnap. Directed by: A.Sushanth Reddy. Starring: Nandu, Aadarsh Balakrishna, Bhupal, Poonam Kaur. Released in: 2015."
Dhee Ante Dhee,Srinivasa Rao,"Srikanth, Sonia Mann, Posani Krishna Murali, Brahmanandam",2015,Telugu,"Movie Title: Dhee Ante Dhee. Directed by: Srinivasa Rao. Starring: Srikanth, Sonia Mann, Posani Krishna Murali, Brahmanandam. Released in: 2015."
Lion,Satyadeva,"Nandamuri Balakrishna, Trisha Krishnan, Radhika Apte, Prakash Raj",2015,Telugu,"Movie Title: Lion. Directed by: Satyadeva. Starring: Nandamuri Balakrishna, Trisha Krishnan, Radhika Apte, Prakash Raj. Released in: 2015."
Dagudumootha Dandakor,R.K Malineni,"Rajendra Prasad, Sara Arjun, Ravi Prakash",2015,Telugu,"Movie Title: Dagudumootha Dandakor. Directed by: R.K Malineni. Starring: Rajendra Prasad, Sara Arjun, Ravi Prakash. Released in: 2015."
Rajahmundry ki 50 km duramloo,Vijay Surya,"Hemanth, Nairuthi,",2015,Telugu,"Movie Title: Rajahmundry ki 50 km duramloo. Directed by: Vijay Surya. Starring: Hemanth, Nairuthi,. Released in: 2015."
Naakaithe Nachindi,Trinadh Kosuru,"Sri Balaji, Soni Charistha, Rishika Jairath, Krishna",2015,Telugu,"Movie Title: Naakaithe Nachindi. Directed by: Trinadh Kosuru. Starring: Sri Balaji, Soni Charistha, Rishika Jairath, Krishna. Released in: 2015."
Anandam Malli Modalaindi,Akash,"Jai Akash, Jiya Khan, Alekhya, Thagubothu Ramesh",2015,Telugu,"Movie Title: Anandam Malli Modalaindi. Directed by: Akash. Starring: Jai Akash, Jiya Khan, Alekhya, Thagubothu Ramesh. Released in: 2015."
Tommy,Raja Vannemreddy,"Rajendra Prasad, Seetha, Deepak, Mumtaj, Suresh, Raghu Babu",2015,Telugu,"Movie Title: Tommy. Directed by: Raja Vannemreddy. Starring: Rajendra Prasad, Seetha, Deepak, Mumtaj, Suresh, Raghu Babu. Released in: 2015."
Thappatadugu,Sri Aarun,"Surya Teja, Naveena Jackson, Lakshman Meesala, Surabhi",2015,Telugu,"Movie Title: Thappatadugu. Directed by: Sri Aarun. Starring: Surya Teja, Naveena Jackson, Lakshman Meesala, Surabhi. Released in: 2015."
Calling Bell,Panna Royal,"Ravi Verma, mamatha Rahuth, Vriti Khanna, Kishore, Jeeva, Chanti, Shankar, Venu",2015,Telugu,"Movie Title: Calling Bell. Directed by: Panna Royal. Starring: Ravi Verma, mamatha Rahuth, Vriti Khanna, Kishore, Jeeva, Chanti, Shankar, Venu. Released in: 2015."
Drinker Sai,Kiran Tirumalasetti,DharmaAishwarya SharmaPosani Krishna MuraliSrikanth Iyengar,2024,Telugu,Movie Title: Drinker Sai. Directed by: Kiran Tirumalasetti. Starring: DharmaAishwarya SharmaPosani Krishna MuraliSrikanth Iyengar. Released in: 2024.
Yevade Subramanyam,Nag Ashwin,"Nani, Vijay Deverakonda, Malavika Nair, Ritu Varma",2015,Telugu,"Movie Title: Yevade Subramanyam. Directed by: Nag Ashwin. Starring: Nani, Vijay Deverakonda, Malavika Nair, Ritu Varma. Released in: 2015."
Janda Pai Kapiraju,Samuthirakani,"Nani, Amala Paul, Ragini Dwivedi, Tanikella Bharani",2015,Telugu,"Movie Title: Janda Pai Kapiraju. Directed by: Samuthirakani. Starring: Nani, Amala Paul, Ragini Dwivedi, Tanikella Bharani. Released in: 2015."
Ramleela,Kiran,"Havish, Abijeet, Nanditha Raj",2015,Telugu,"Movie Title: Ramleela. Directed by: Kiran. Starring: Havish, Abijeet, Nanditha Raj. Released in: 2015."
Rey,YVS Chowdary,"Sai Dharam Tej, Saiyami Kher, Shraddha Das, Tanikella Bharani",2015,Telugu,"Movie Title: Rey. Directed by: YVS Chowdary. Starring: Sai Dharam Tej, Saiyami Kher, Shraddha Das, Tanikella Bharani. Released in: 2015."
Avunu 2,Ravi Babu,"Harshvardhan Rane, Poorna, Ravi Babu, Sanjjanaa, Nikita Thukral",2015,Telugu,"Movie Title: Avunu 2. Directed by: Ravi Babu. Starring: Harshvardhan Rane, Poorna, Ravi Babu, Sanjjanaa, Nikita Thukral. Released in: 2015."
S/O Satyamurthy,Trivikram Srinivas,"Allu Arjun, Upendra, Samantha, Nithya Menen, Sneha, Adah Sharma, Prakash Raj, Rajendra Prasad",2015,Telugu,"Movie Title: S/O Satyamurthy. Directed by: Trivikram Srinivas. Starring: Allu Arjun, Upendra, Samantha, Nithya Menen, Sneha, Adah Sharma, Prakash Raj, Rajendra Prasad. Released in: 2015."
Budugu,Manmohan,"Lakshmi Manchu, Indraja, Sridhar, Sana, Indu, Vani",2015,Telugu,"Movie Title: Budugu. Directed by: Manmohan. Starring: Lakshmi Manchu, Indraja, Sridhar, Sana, Indu, Vani. Released in: 2015."
Varadhi,Kartikeya,"Kranthi, Sri Divya",2015,Telugu,"Movie Title: Varadhi. Directed by: Kartikeya. Starring: Kranthi, Sri Divya. Released in: 2015."
Noothi Lo Kappalu,Chanti Gnamami,"Rajendra Prasad, Pari Singh",2015,Telugu,"Movie Title: Noothi Lo Kappalu. Directed by: Chanti Gnamami. Starring: Rajendra Prasad, Pari Singh. Released in: 2015."
Kai Raja Kai,Siva Ganesh,"Josh Ravi, Maanas, Ram Khanna, Shravya, Shamili",2015,Telugu,"Movie Title: Kai Raja Kai. Directed by: Siva Ganesh. Starring: Josh Ravi, Maanas, Ram Khanna, Shravya, Shamili. Released in: 2015."
Dohchay,Sudheer Varma,"Naga Chaitanya, Kriti Sanon, Brahmanandam, Rao Ramesh",2015,Telugu,"Movie Title: Dohchay. Directed by: Sudheer Varma. Starring: Naga Chaitanya, Kriti Sanon, Brahmanandam, Rao Ramesh. Released in: 2015."
Dongaata,Vamsi Krishna,"Lakshmi Manchu, Adivi Sesh, Brahmanandam, Pragathi",2015,Telugu,"Movie Title: Dongaata. Directed by: Vamsi Krishna. Starring: Lakshmi Manchu, Adivi Sesh, Brahmanandam, Pragathi. Released in: 2015."
Jil,Radha Krishna,"Gopichand, Raashi Khanna, Kabir Duhan Singh, Harish Uthaman",2015,Telugu,"Movie Title: Jil. Directed by: Radha Krishna. Starring: Gopichand, Raashi Khanna, Kabir Duhan Singh, Harish Uthaman. Released in: 2015."
Parvathipuram,M.A. Chowdary,"Madan, Srushti Dange, Tapashree, Kushi Sharma, Leena David",2016,Telugu,"Movie Title: Parvathipuram. Directed by: M.A. Chowdary. Starring: Madan, Srushti Dange, Tapashree, Kushi Sharma, Leena David. Released in: 2016."
Right Right,J. B. Murali krishna,"Sumanth Ashwin, Pooja Jhaveri, Pavani Gangireddy, Nassar",2016,Telugu,"Movie Title: Right Right. Directed by: J. B. Murali krishna. Starring: Sumanth Ashwin, Pooja Jhaveri, Pavani Gangireddy, Nassar. Released in: 2016."
Gentleman,Mohan Krishna Indraganti,"Nani, Niveda Thomas, Surabhi, Srinivas Avasarala, Tanikella Bharani, Vennela Kishore",2016,Telugu,"Movie Title: Gentleman. Directed by: Mohan Krishna Indraganti. Starring: Nani, Niveda Thomas, Surabhi, Srinivas Avasarala, Tanikella Bharani, Vennela Kishore. Released in: 2016."
Rakshaka Bhatudu,Vamsi Krishna Akella,"Richa Panai, Brahmaji, Brahmanandam, Prabhakar",2017,Telugu,"Movie Title: Rakshaka Bhatudu. Directed by: Vamsi Krishna Akella. Starring: Richa Panai, Brahmaji, Brahmanandam, Prabhakar. Released in: 2017."
Venkatapuram,Venu Madikanti,"Rahul Haridas, Mahima Makwana, Ajay",2017,Telugu,"Movie Title: Venkatapuram. Directed by: Venu Madikanti. Starring: Rahul Haridas, Mahima Makwana, Ajay. Released in: 2017."
Keshava,Sudheer Varma,"Nikhil Siddharth, Ritu Varma, Isha Koppikar, Rao Ramesh",2017,Telugu,"Movie Title: Keshava. Directed by: Sudheer Varma. Starring: Nikhil Siddharth, Ritu Varma, Isha Koppikar, Rao Ramesh. Released in: 2017."
Mixture Potlam,Sathish Kumar M. V.,"Shweta Basu Prasad, Jayanth, Geethanjali Thasya, Posani Krishna Murali, Bhanuchander",2017,Telugu,"Movie Title: Mixture Potlam. Directed by: Sathish Kumar M. V.. Starring: Shweta Basu Prasad, Jayanth, Geethanjali Thasya, Posani Krishna Murali, Bhanuchander. Released in: 2017."
Tik Tak,Haranath Policherla,"Haranath Policherla, Mounika, Nishi Gandha",2017,Telugu,"Movie Title: Tik Tak. Directed by: Haranath Policherla. Starring: Haranath Policherla, Mounika, Nishi Gandha. Released in: 2017."
Gopyam,Ballem Venu Madhav,"Tharun Sharma, Indu Priya, Annapoorna",2017,Telugu,"Movie Title: Gopyam. Directed by: Ballem Venu Madhav. Starring: Tharun Sharma, Indu Priya, Annapoorna. Released in: 2017."
Neelimalai,Suryakiran Eladi,"Anand Krishna, Vrushali Gosavi, Ali, Satya Prakash",2017,Telugu,"Movie Title: Neelimalai. Directed by: Suryakiran Eladi. Starring: Anand Krishna, Vrushali Gosavi, Ali, Satya Prakash. Released in: 2017."
O Pilla Nee Valla,Kishore,"Krishna Chaitanya, Rajesh Rathod, Monica Singh",2017,Telugu,"Movie Title: O Pilla Nee Valla. Directed by: Kishore. Starring: Krishna Chaitanya, Rajesh Rathod, Monica Singh. Released in: 2017."
Rarandoi Veduka Chudham,Kalyan Krishna Kurasala,"Naga Chaitanya, Rakul Preet Singh, Jagapathi Babu, Sampath Raj, Irshad, Vennela Kishore",2017,Telugu,"Movie Title: Rarandoi Veduka Chudham. Directed by: Kalyan Krishna Kurasala. Starring: Naga Chaitanya, Rakul Preet Singh, Jagapathi Babu, Sampath Raj, Irshad, Vennela Kishore. Released in: 2017."
Sriramudinta Srikrishnudanta,Naresh Penta,"Sekhar Varma, Deepthi Shetty, Madhusudhanan Rao, Madhumani Nidu",2017,Telugu,"Movie Title: Sriramudinta Srikrishnudanta. Directed by: Naresh Penta. Starring: Sekhar Varma, Deepthi Shetty, Madhusudhanan Rao, Madhumani Nidu. Released in: 2017."
Andhhagadu,Veligonda Srinivas,"Raj Tarun, Hebah Patel, Rajendra Prasad, Ashish Vidyarthi, Sayaji Shinde",2017,Telugu,"Movie Title: Andhhagadu. Directed by: Veligonda Srinivas. Starring: Raj Tarun, Hebah Patel, Rajendra Prasad, Ashish Vidyarthi, Sayaji Shinde. Released in: 2017."
Fashion Designer s/o Ladies Tailor,Vamsy,"Sumanth Ashwin, Anisha Ambrose, Manali Rathod, Manasa Himavarsha",2017,Telugu,"Movie Title: Fashion Designer s/o Ladies Tailor. Directed by: Vamsy. Starring: Sumanth Ashwin, Anisha Ambrose, Manali Rathod, Manasa Himavarsha. Released in: 2017."
Neelampati Ammoru,Thota Krishnamurthy,"Sai Kiran, Suman, Sri Latha",2017,Telugu,"Movie Title: Neelampati Ammoru. Directed by: Thota Krishnamurthy. Starring: Sai Kiran, Suman, Sri Latha. Released in: 2017."
Ami Thumi,Mohan Krishna Indraganti,"Srinivas Avasarala, Eesha Rebba, Adivi Sesh, Tanikella Bharani, Vennela Kishore",2017,Telugu,"Movie Title: Ami Thumi. Directed by: Mohan Krishna Indraganti. Starring: Srinivas Avasarala, Eesha Rebba, Adivi Sesh, Tanikella Bharani, Vennela Kishore. Released in: 2017."
Kaadhali,Pattabhi R. Chilukuri,"Pooja K. Doshi, Sai Ronak, Harish Kalyan, Mohan Raman",2017,Telugu,"Movie Title: Kaadhali. Directed by: Pattabhi R. Chilukuri. Starring: Pooja K. Doshi, Sai Ronak, Harish Kalyan, Mohan Raman. Released in: 2017."
Pelliki Mundu Prema Katha,Madhu Gopu,"Chethan Cheenu, Sunaina, Thagubothu Ramesh",2017,Telugu,"Movie Title: Pelliki Mundu Prema Katha. Directed by: Madhu Gopu. Starring: Chethan Cheenu, Sunaina, Thagubothu Ramesh. Released in: 2017."
Raja Meeru Keka,Krishna Kishore,"Taraka Ratna, Revanth, Noel Sean, Lasya",2017,Telugu,"Movie Title: Raja Meeru Keka. Directed by: Krishna Kishore. Starring: Taraka Ratna, Revanth, Noel Sean, Lasya. Released in: 2017."
Radha,Chandra Mohan,"Sharwanand, Lavanya Tripathi, Aksha Pardasany",2017,Telugu,"Movie Title: Radha. Directed by: Chandra Mohan. Starring: Sharwanand, Lavanya Tripathi, Aksha Pardasany. Released in: 2017."
Babu Baga Busy,Naveen Medaram,"Srinivas Avasarala, Tejaswi Madivada, Mishti Chakraborty, Sreemukhi",2017,Telugu,"Movie Title: Babu Baga Busy. Directed by: Naveen Medaram. Starring: Srinivas Avasarala, Tejaswi Madivada, Mishti Chakraborty, Sreemukhi. Released in: 2017."
Baahubali: The Conclusion,S. S. Rajamouli,"Prabhas, Anushka Shetty, Ramya Krishna, Rana Daggubati, Tamannaah, Sathyaraj",2017,Telugu,"Movie Title: Baahubali: The Conclusion. Directed by: S. S. Rajamouli. Starring: Prabhas, Anushka Shetty, Ramya Krishna, Rana Daggubati, Tamannaah, Sathyaraj. Released in: 2017."
Lover Boy,Sanjeev Naidu,"Sanjeev Naidu, Sonia Chowdhary",2017,Telugu,"Movie Title: Lover Boy. Directed by: Sanjeev Naidu. Starring: Sanjeev Naidu, Sonia Chowdhary. Released in: 2017."
Nenorakam,Sudharshan Salendra,"Sai Ram Shankar, Reshmi Menon, R. Sarath Kumar",2017,Telugu,"Movie Title: Nenorakam. Directed by: Sudharshan Salendra. Starring: Sai Ram Shankar, Reshmi Menon, R. Sarath Kumar. Released in: 2017."
Pichiga Nachav,V. Sesibhushan,"Sanjeev, Chetana Uttej, Nandu, Karunya",2017,Telugu,"Movie Title: Pichiga Nachav. Directed by: V. Sesibhushan. Starring: Sanjeev, Chetana Uttej, Nandu, Karunya. Released in: 2017."
Katamarayudu,Kishore Kumar Pardasani,"Pawan Kalyan, Shruti Hassan, Tarun Arora",2017,Telugu,"Movie Title: Katamarayudu. Directed by: Kishore Kumar Pardasani. Starring: Pawan Kalyan, Shruti Hassan, Tarun Arora. Released in: 2017."
Kannayya,Vipul,"Vipul, Harshita Singh Panwar",2017,Telugu,"Movie Title: Kannayya. Directed by: Vipul. Starring: Vipul, Harshita Singh Panwar. Released in: 2017."
Nuvvu Evaro Nenu Evaro,Bhaskar,"Suman Shetty, Meghana Rai",2017,Telugu,"Movie Title: Nuvvu Evaro Nenu Evaro. Directed by: Bhaskar. Starring: Suman Shetty, Meghana Rai. Released in: 2017."
Cine Mahal - Rojuki 4 Aatalu,Laxman Varma,"Syed Sohel, Thejaswini, Siddhansh, Jeeva",2017,Telugu,"Movie Title: Cine Mahal - Rojuki 4 Aatalu. Directed by: Laxman Varma. Starring: Syed Sohel, Thejaswini, Siddhansh, Jeeva. Released in: 2017."
Guru,Sudha Kongara Prasad,"Daggubati Venkatesh, Ritika Singh",2017,Telugu,"Movie Title: Guru. Directed by: Sudha Kongara Prasad. Starring: Daggubati Venkatesh, Ritika Singh. Released in: 2017."
Rogue,Puri Jagannadh,"Ishaan, Mannara Chopra, Angela Krislinzki, Thakur Anoop Singh, Posani Krishna Murali, Ajaz Khan",2017,Telugu,"Movie Title: Rogue. Directed by: Puri Jagannadh. Starring: Ishaan, Mannara Chopra, Angela Krislinzki, Thakur Anoop Singh, Posani Krishna Murali, Ajaz Khan. Released in: 2017."
Duvvada Jagannadham,Harish Shankar,"Allu Arjun, Pooja Hegde",2017,Telugu,"Movie Title: Duvvada Jagannadham. Directed by: Harish Shankar. Starring: Allu Arjun, Pooja Hegde. Released in: 2017."
Aranyamlo,Sudarshan Reddy Palvai,"Rohit, Shalu, Charan Naidu",2017,Telugu,"Movie Title: Aranyamlo. Directed by: Sudarshan Reddy Palvai. Starring: Rohit, Shalu, Charan Naidu. Released in: 2017."
Kathrina Kareena Madyalo Kamalhaasan,Ratna Korepally,"Mamatha Rahuth, Sasanka Mouli, Chithram Sreenu",2017,Telugu,"Movie Title: Kathrina Kareena Madyalo Kamalhaasan. Directed by: Ratna Korepally. Starring: Mamatha Rahuth, Sasanka Mouli, Chithram Sreenu. Released in: 2017."
Lakshmi Devi Samarpinchu Nede Chudandi,Jakee Atheek,"Naresh, Aamani, Akhil, Charan, Kiran, Sonu, Poonam, Srikoti, Naga Babu",2017,Telugu,"Movie Title: Lakshmi Devi Samarpinchu Nede Chudandi. Directed by: Jakee Atheek. Starring: Naresh, Aamani, Akhil, Charan, Kiran, Sonu, Poonam, Srikoti, Naga Babu. Released in: 2017."
Nuvvu Nenu Osey Orey,Ravichandra Kannikanti,"Arjun Mahi, Ashwini, Prudhviraj",2017,Telugu,"Movie Title: Nuvvu Nenu Osey Orey. Directed by: Ravichandra Kannikanti. Starring: Arjun Mahi, Ashwini, Prudhviraj. Released in: 2017."
Saranam Gacchami,Premaraj Enumula,"Naveen Sanjay, Tanishq Tiwari, Posani Krishna Murali",2017,Telugu,"Movie Title: Saranam Gacchami. Directed by: Premaraj Enumula. Starring: Naveen Sanjay, Tanishq Tiwari, Posani Krishna Murali. Released in: 2017."
Mister,Srinu Vaitla,"Varun Tej, Lavanya Tripathi, Hebah Patel",2017,Telugu,"Movie Title: Mister. Directed by: Srinu Vaitla. Starring: Varun Tej, Lavanya Tripathi, Hebah Patel. Released in: 2017."
Dhada Puttistha,Harish. E,"Vinni Viyan, Neha Deshpande, Harini, Aanya",2017,Telugu,"Movie Title: Dhada Puttistha. Directed by: Harish. E. Starring: Vinni Viyan, Neha Deshpande, Harini, Aanya. Released in: 2017."
Iddari Madhya 18,Nani Acharya,"Ram Karthik, Bhanu Tripatri",2017,Telugu,"Movie Title: Iddari Madhya 18. Directed by: Nani Acharya. Starring: Ram Karthik, Bhanu Tripatri. Released in: 2017."
Lanka,Sri Muni,"Raasi, Sai Ronak, Ena Saha, Shiju, Supreeth, Leena Siddhu, Satyam Rajesh, Satha, Sudarshan",2017,Telugu,"Movie Title: Lanka. Directed by: Sri Muni. Starring: Raasi, Sai Ronak, Ena Saha, Shiju, Supreeth, Leena Siddhu, Satyam Rajesh, Satha, Sudarshan. Released in: 2017."
Chinni Chinni Asalu Nalo Regene,Santhosh Nelanti,"Keerthi Manu, Sonia Deepti, Pavan, Thagubothu Ramesh",2017,Telugu,"Movie Title: Chinni Chinni Asalu Nalo Regene. Directed by: Santhosh Nelanti. Starring: Keerthi Manu, Sonia Deepti, Pavan, Thagubothu Ramesh. Released in: 2017."
Maa Abbayi,Kumar Vatti,"Sree Vishnu, Chitra Shukla",2017,Telugu,"Movie Title: Maa Abbayi. Directed by: Kumar Vatti. Starring: Sree Vishnu, Chitra Shukla. Released in: 2017."
Jayadev,Jayanth C. Paranjee,"Ganta Ravi, Malvika Raaj, Vinod Kumar Alva, Posani Krishna Murali, Vennela Kishore",2017,Telugu,"Movie Title: Jayadev. Directed by: Jayanth C. Paranjee. Starring: Ganta Ravi, Malvika Raaj, Vinod Kumar Alva, Posani Krishna Murali, Vennela Kishore. Released in: 2017."
Ninnu Kori,Shiva Nirvana,"Nani, Niveda Thomas, Aadhi Pinisetty, Tanikella Bharani, Murali Sharma, Rajashree, Neetu Chandra",2017,Telugu,"Movie Title: Ninnu Kori. Directed by: Shiva Nirvana. Starring: Nani, Niveda Thomas, Aadhi Pinisetty, Tanikella Bharani, Murali Sharma, Rajashree, Neetu Chandra. Released in: 2017."
Arjun Reddy,Sandeep Reddy Vanga,"Vijay Deverakonda, Shalini Pandey, Kanchana, Rahul Ramakrishna",2017,Telugu,"Movie Title: Arjun Reddy. Directed by: Sandeep Reddy Vanga. Starring: Vijay Deverakonda, Shalini Pandey, Kanchana, Rahul Ramakrishna. Released in: 2017."
VIP 2,Soundarya Rajinikanth,"Dhanush, Kajol, Amala Paul",2017,Telugu,"Movie Title: VIP 2. Directed by: Soundarya Rajinikanth. Starring: Dhanush, Kajol, Amala Paul. Released in: 2017."
Nee Preme Naa Pranam,Rajasekhar,"Lucky, Sireesha, Vizag Dhanaraj,",2017,Telugu,"Movie Title: Nee Preme Naa Pranam. Directed by: Rajasekhar. Starring: Lucky, Sireesha, Vizag Dhanaraj,. Released in: 2017."
Paisa Vasool,Puri Jagannadh,"Nandamuri Balakrishna, Shriya Saran, Vikramjeet Virk, Musskan Sethi",2017,Telugu,"Movie Title: Paisa Vasool. Directed by: Puri Jagannadh. Starring: Nandamuri Balakrishna, Shriya Saran, Vikramjeet Virk, Musskan Sethi. Released in: 2017."
Shalini,Sheraz,"Amogh Deshapathi, Archana Chowdapur, Lucky Ekari",2017,Telugu,"Movie Title: Shalini. Directed by: Sheraz. Starring: Amogh Deshapathi, Archana Chowdapur, Lucky Ekari. Released in: 2017."
Vellipomakey,Ali Mohammed,"Vishwak Sen, Supraja, Swetha",2017,Telugu,"Movie Title: Vellipomakey. Directed by: Ali Mohammed. Starring: Vishwak Sen, Supraja, Swetha. Released in: 2017."
Meda Meeda Abbayi,G. Prajith,"Allari Naresh, Nikhila Vimal, Srinivas Avasarala, Satyam Rajesh",2017,Telugu,"Movie Title: Meda Meeda Abbayi. Directed by: G. Prajith. Starring: Allari Naresh, Nikhila Vimal, Srinivas Avasarala, Satyam Rajesh. Released in: 2017."
Yuddham Sharanam,Krishna Marimuthu,"Naga Chaitanya, Lavanya Tripathi, Srikanth, Rao Ramesh",2017,Telugu,"Movie Title: Yuddham Sharanam. Directed by: Krishna Marimuthu. Starring: Naga Chaitanya, Lavanya Tripathi, Srikanth, Rao Ramesh. Released in: 2017."
Kathalo Rajakumari,Mahesh Surapaneni,"Nara Rohit, Naga Shourya, Namitha Pramod, Srinivas Avasarala",2017,Telugu,"Movie Title: Kathalo Rajakumari. Directed by: Mahesh Surapaneni. Starring: Nara Rohit, Naga Shourya, Namitha Pramod, Srinivas Avasarala. Released in: 2017."
Srivalli,V. Vijayendra Prasad,"Rajath Krishna, Neha Hinge, Rajeev Kanakala, Araham Khan, Sufi Syed, Hema",2017,Telugu,"Movie Title: Srivalli. Directed by: V. Vijayendra Prasad. Starring: Rajath Krishna, Neha Hinge, Rajeev Kanakala, Araham Khan, Sufi Syed, Hema. Released in: 2017."
Ungarala Rambabu,Kranthi Madhav,"Sunil, Miya, Prakash Raj, Vennela Kishore, Posani Krishna Murali, Ali, Rajeev Kanakala, Raja Ravindra",2017,Telugu,"Movie Title: Ungarala Rambabu. Directed by: Kranthi Madhav. Starring: Sunil, Miya, Prakash Raj, Vennela Kishore, Posani Krishna Murali, Ali, Rajeev Kanakala, Raja Ravindra. Released in: 2017."
Veedevadu,Tatineni Satya,"Sachiin J. Joshi, Esha Gupta, Prabhu, Kishore, Srinivasa Reddy",2017,Telugu,"Movie Title: Veedevadu. Directed by: Tatineni Satya. Starring: Sachiin J. Joshi, Esha Gupta, Prabhu, Kishore, Srinivasa Reddy. Released in: 2017."
Jai Lava Kusa,K. S. Ravindra,"N. T. Rama Rao Jr., Raashi Khanna, Niveda Thomas, Ronit Roy, Nanditha Raj, Hamsa Nandini, Posani Krishna Murali, Sai Kumar, Pradeep Rawat, Nassar, Abhimanyu Singh, Harish Uthaman",2017,Telugu,"Movie Title: Jai Lava Kusa. Directed by: K. S. Ravindra. Starring: N. T. Rama Rao Jr., Raashi Khanna, Niveda Thomas, Ronit Roy, Nanditha Raj, Hamsa Nandini, Posani Krishna Murali, Sai Kumar, Pradeep Rawat, Nassar, Abhimanyu Singh, Harish Uthaman. Released in: 2017."
Spyder,AR Murugadoss,"Mahesh Babu, Rakul Preet Singh, S. J. Surya, Bharath, RJ Balaji, Shaji Chen, Priyadarshi Pullikonda, Sayaji Shinde, Nagineedu, Jayaprakash, Dheepa Ramanujam, Ajay Rathnam, Hareesh Peradi, Ravi, Sendrayan",2017,Telugu,"Movie Title: Spyder. Directed by: AR Murugadoss. Starring: Mahesh Babu, Rakul Preet Singh, S. J. Surya, Bharath, RJ Balaji, Shaji Chen, Priyadarshi Pullikonda, Sayaji Shinde, Nagineedu, Jayaprakash, Dheepa Ramanujam, Ajay Rathnam, Hareesh Peradi, Ravi, Sendrayan. Released in: 2017."
Mahanubhavudu,Maruthi,"Sharwanand, Mehreen Pirzada, Vennela Kishore, Nassar, Raghu Babu, Kalyani Natarajan",2017,Telugu,"Movie Title: Mahanubhavudu. Directed by: Maruthi. Starring: Sharwanand, Mehreen Pirzada, Vennela Kishore, Nassar, Raghu Babu, Kalyani Natarajan. Released in: 2017."
Lavanya With Love Boys,Vaddepalli Krishna,"Paavani, Parameshwar Hivrale",2017,Telugu,"Movie Title: Lavanya With Love Boys. Directed by: Vaddepalli Krishna. Starring: Paavani, Parameshwar Hivrale. Released in: 2017."
Bava Maradallu,Gangarapu Lakshman Murthy,Mohan Krishna,2017,Telugu,Movie Title: Bava Maradallu. Directed by: Gangarapu Lakshman Murthy. Starring: Mohan Krishna. Released in: 2017.
Preminche Panilo Vunna,Pradeep Manchala,"Raghuram Dronavajjala, Bindu Barbie",2017,Telugu,"Movie Title: Preminche Panilo Vunna. Directed by: Pradeep Manchala. Starring: Raghuram Dronavajjala, Bindu Barbie. Released in: 2017."
Prathi Kshanam,G. M. K. Reddy,"Maneesh, Tejaswini Prakash, Veda Sastry",2017,Telugu,"Movie Title: Prathi Kshanam. Directed by: G. M. K. Reddy. Starring: Maneesh, Tejaswini Prakash, Veda Sastry. Released in: 2017."
Anando Brahma,Mahi V Raghav,"Taapsee Pannu, Srinivasa Reddy, Vennela Kishore, Thagubothu Ramesh, Shakalaka Shankar",2017,Telugu,"Movie Title: Anando Brahma. Directed by: Mahi V Raghav. Starring: Taapsee Pannu, Srinivasa Reddy, Vennela Kishore, Thagubothu Ramesh, Shakalaka Shankar. Released in: 2017."
Nene Raju Nene Mantri,Teja,"Rana Daggubati, Kajal Aggarwal, Catherine Tresa, Navdeep, Ashutosh Rana, Pradeep Rawat",2017,Telugu,"Movie Title: Nene Raju Nene Mantri. Directed by: Teja. Starring: Rana Daggubati, Kajal Aggarwal, Catherine Tresa, Navdeep, Ashutosh Rana, Pradeep Rawat. Released in: 2017."
Rakshasi,Panna Royal,"Abhimanyu Singh, Poorna, Panna Royal, Baby Dhanvi, Thagubothu Ramesh",2017,Telugu,"Movie Title: Rakshasi. Directed by: Panna Royal. Starring: Abhimanyu Singh, Poorna, Panna Royal, Baby Dhanvi, Thagubothu Ramesh. Released in: 2017."
Rendu Rellu Aaru,Nandu,"Anil Mallela, Mahima, Aishwarya Gorak, Naresh",2017,Telugu,"Movie Title: Rendu Rellu Aaru. Directed by: Nandu. Starring: Anil Mallela, Mahima, Aishwarya Gorak, Naresh. Released in: 2017."
Dr. Chakravarthy,Shekkhar Suri,"Richard Rishi, Sonia Mann, Lena",2017,Telugu,"Movie Title: Dr. Chakravarthy. Directed by: Shekkhar Suri. Starring: Richard Rishi, Sonia Mann, Lena. Released in: 2017."
Patel S. I. R.,Vasu Parimi,"Jagapati Babu, Padmapriya Janakiraman, Tanya Hope, Subbaraju, Posani Krishna Murali, Raghu Babu",2017,Telugu,"Movie Title: Patel S. I. R.. Directed by: Vasu Parimi. Starring: Jagapati Babu, Padmapriya Janakiraman, Tanya Hope, Subbaraju, Posani Krishna Murali, Raghu Babu. Released in: 2017."
Shamanthakamani,Sriram Adittya,"Nara Rohit, Sudheer Babu, Sundeep Kishan, Aadi Saikumar, Rajendra Prasad",2017,Telugu,"Movie Title: Shamanthakamani. Directed by: Sriram Adittya. Starring: Nara Rohit, Sudheer Babu, Sundeep Kishan, Aadi Saikumar, Rajendra Prasad. Released in: 2017."
Fidaa,Sekhar Kammula,"Varun Tej, Sai Pallavi, Satyam Rajesh",2017,Telugu,"Movie Title: Fidaa. Directed by: Sekhar Kammula. Starring: Varun Tej, Sai Pallavi, Satyam Rajesh. Released in: 2017."
Kala Varam Aaye,Sampath V. Kumar,"Vibheesh, Priyanka Jawalkar, Chandra Mohan, Sanjeev",2017,Telugu,"Movie Title: Kala Varam Aaye. Directed by: Sampath V. Kumar. Starring: Vibheesh, Priyanka Jawalkar, Chandra Mohan, Sanjeev. Released in: 2017."
Maya Mall,Govind Lalam,"Dilip Kumar, Eesha Rebba, Deeksha Panth, Thagubothu Ramesh",2017,Telugu,"Movie Title: Maya Mall. Directed by: Govind Lalam. Starring: Dilip Kumar, Eesha Rebba, Deeksha Panth, Thagubothu Ramesh. Released in: 2017."
Khayyum Bhai,Bharath,"Katta Rambabu, Taraka Ratna, Priya Harshitha",2017,Telugu,"Movie Title: Khayyum Bhai. Directed by: Bharath. Starring: Katta Rambabu, Taraka Ratna, Priya Harshitha. Released in: 2017."
Vaisakham,Jaya. B,"Harish, Avantika Mishra, Balireddy Pruthviraj",2017,Telugu,"Movie Title: Vaisakham. Directed by: Jaya. B. Starring: Harish, Avantika Mishra, Balireddy Pruthviraj. Released in: 2017."
Naku Nene Thopu Turumu,Sivamani Reddy,"Ashok Sunkara, Manasa Chalapathi Rao, Suman Shetty",2017,Telugu,"Movie Title: Naku Nene Thopu Turumu. Directed by: Sivamani Reddy. Starring: Ashok Sunkara, Manasa Chalapathi Rao, Suman Shetty. Released in: 2017."
Darsakudu,Jakka Hari Prasad,"Ashok Bandreddi, Eesha Rebba, Poojitha Ponnada",2017,Telugu,"Movie Title: Darsakudu. Directed by: Jakka Hari Prasad. Starring: Ashok Bandreddi, Eesha Rebba, Poojitha Ponnada. Released in: 2017."
Green Card,Rums,"Shatrughna Rayapati, Stephany, Chalapathi Rao",2017,Telugu,"Movie Title: Green Card. Directed by: Rums. Starring: Shatrughna Rayapati, Stephany, Chalapathi Rao. Released in: 2017."
Idem Deyyam,V. Ravi Varma,"Racha Ravi, Kirak RP, Rachana Smith, Ruchi",2017,Telugu,"Movie Title: Idem Deyyam. Directed by: V. Ravi Varma. Starring: Racha Ravi, Kirak RP, Rachana Smith, Ruchi. Released in: 2017."
Nakshatram,Krishna Vamsi,"Sundeep Kishan, Sai Dharam Tej, Regina Cassandra, Pragya Jaiswal, Prakash Raj, Tanish",2017,Telugu,"Movie Title: Nakshatram. Directed by: Krishna Vamsi. Starring: Sundeep Kishan, Sai Dharam Tej, Regina Cassandra, Pragya Jaiswal, Prakash Raj, Tanish. Released in: 2017."
Vasham,Srikanth Challa,"Nanda Kishore, Vasudev Rao, Swethaa Varma",2017,Telugu,"Movie Title: Vasham. Directed by: Srikanth Challa. Starring: Nanda Kishore, Vasudev Rao, Swethaa Varma. Released in: 2017."
LIE,Hanu Raghavapudi,"Nithiin, Arjun Sarja, Megha Akash, Ravi Kishan, Nassar",2017,Telugu,"Movie Title: LIE. Directed by: Hanu Raghavapudi. Starring: Nithiin, Arjun Sarja, Megha Akash, Ravi Kishan, Nassar. Released in: 2017."
Jaya Janaki Nayaka,Boyapati Srinu,"Bellamkonda Sreenivas, Rakul Preet Singh, Jagapathi Babu, Pragya Jaiswal",2017,Telugu,"Movie Title: Jaya Janaki Nayaka. Directed by: Boyapati Srinu. Starring: Bellamkonda Sreenivas, Rakul Preet Singh, Jagapathi Babu, Pragya Jaiswal. Released in: 2017."
Goutham Nanda,Sampath Nandi,"Gopichand, Hansika Motwani, Catherine Tresa, Sachin Khedekar, Mukesh Rishi, Nikitin Dheer, Ajay",2017,Telugu,"Movie Title: Goutham Nanda. Directed by: Sampath Nandi. Starring: Gopichand, Hansika Motwani, Catherine Tresa, Sachin Khedekar, Mukesh Rishi, Nikitin Dheer, Ajay. Released in: 2017."
Happy Birthday,Pallela Veerareddy,"Chennamaneni Sridhar, Jyoti Sethi, Sanjjanaa, Sravan Raghavendra",2017,Telugu,"Movie Title: Happy Birthday. Directed by: Pallela Veerareddy. Starring: Chennamaneni Sridhar, Jyoti Sethi, Sanjjanaa, Sravan Raghavendra. Released in: 2017."
Lakshmi Bomb,Karthikeya Gopalakrishna,"Lakshmi Manchu, Prabhakar, Posani Krishna Murali, Hema, Bharath Reddy",2017,Telugu,"Movie Title: Lakshmi Bomb. Directed by: Karthikeya Gopalakrishna. Starring: Lakshmi Manchu, Prabhakar, Posani Krishna Murali, Hema, Bharath Reddy. Released in: 2017."
Chitrangada,G. Ashok,"Anjali, Sakshi Gulati, Saptagiri, Raja Ravindra",2017,Telugu,"Movie Title: Chitrangada. Directed by: G. Ashok. Starring: Anjali, Sakshi Gulati, Saptagiri, Raja Ravindra. Released in: 2017."
Avasaraniko Abaddam,Suresh KV,"Lokesh, Rajesh, Shashank, Geethanjali",2016,Telugu,"Movie Title: Avasaraniko Abaddam. Directed by: Suresh KV. Starring: Lokesh, Rajesh, Shashank, Geethanjali. Released in: 2016."
Janatha Garage,Koratala Siva,"Mohanlal, Jr. NTR, Samantha Ruth Prabhu, Nithya Menon",2016,Telugu,"Movie Title: Janatha Garage. Directed by: Koratala Siva. Starring: Mohanlal, Jr. NTR, Samantha Ruth Prabhu, Nithya Menon. Released in: 2016."
Jyo Achyutananda,Srinivas Avasarala,"Nara Rohit, Naga Shourya, Regina Cassandra",2016,Telugu,"Movie Title: Jyo Achyutananda. Directed by: Srinivas Avasarala. Starring: Nara Rohit, Naga Shourya, Regina Cassandra. Released in: 2016."
Hora Hori,Teja,"Dileep Reddy, Daksha Nagarkar",2016,Telugu,"Movie Title: Hora Hori. Directed by: Teja. Starring: Dileep Reddy, Daksha Nagarkar. Released in: 2016."
Nirmala Convent,G. Naga Koteshwar Rao,"Roshan Meka, Shriya Sharma, Nagarjuna",2016,Telugu,"Movie Title: Nirmala Convent. Directed by: G. Naga Koteshwar Rao. Starring: Roshan Meka, Shriya Sharma, Nagarjuna. Released in: 2016."
Siddhartha,K V Dayanand Reddy,"Sagar, Sakshi Chaudhary, Kota Srinivasa Rao",2016,Telugu,"Movie Title: Siddhartha. Directed by: K V Dayanand Reddy. Starring: Sagar, Sakshi Chaudhary, Kota Srinivasa Rao. Released in: 2016."
Ghatana,Sripriya,"Nithya Menen, Krish J. Sathaar",2016,Telugu,"Movie Title: Ghatana. Directed by: Sripriya. Starring: Nithya Menen, Krish J. Sathaar. Released in: 2016."
Majnu,Virinchi Varma,"Nani, Anu Emmanuel",2016,Telugu,"Movie Title: Majnu. Directed by: Virinchi Varma. Starring: Nani, Anu Emmanuel. Released in: 2016."
Hyper,Santosh Srinivas,"Ram Pothineni, Raashi Khanna, Sathyaraj, Rao Ramesh",2016,Telugu,"Movie Title: Hyper. Directed by: Santosh Srinivas. Starring: Ram Pothineni, Raashi Khanna, Sathyaraj, Rao Ramesh. Released in: 2016."
Nee Jathaleka,Lawerence Dasari,"Naga Shourya, Parul Gulati, Sarayu",2016,Telugu,"Movie Title: Nee Jathaleka. Directed by: Lawerence Dasari. Starring: Naga Shourya, Parul Gulati, Sarayu. Released in: 2016."
Jaguar,Mahadev,"Nikhil Gowda, Deepti Sati, Jagapati Babu, Rao Ramesh, Ramya Krishna, Sampath Raj, Adithya Menon",2016,Telugu,"Movie Title: Jaguar. Directed by: Mahadev. Starring: Nikhil Gowda, Deepti Sati, Jagapati Babu, Rao Ramesh, Ramya Krishna, Sampath Raj, Adithya Menon. Released in: 2016."
Abhinetri,A. L. Vijay,"Prabhu Deva, Tamannaah, Sonu Sood",2016,Telugu,"Movie Title: Abhinetri. Directed by: A. L. Vijay. Starring: Prabhu Deva, Tamannaah, Sonu Sood. Released in: 2016."
Eedu Gold Ehe,Veeru Potla,"Sunil, Richa Panai, Sushma Raj, Naresh, Puneet Issar",2016,Telugu,"Movie Title: Eedu Gold Ehe. Directed by: Veeru Potla. Starring: Sunil, Richa Panai, Sushma Raj, Naresh, Puneet Issar. Released in: 2016."
Mana Oori Ramayanam,Prakash Raj,"Prakash Raj, Priyamani, Prudhviraj, Satyadev",2016,Telugu,"Movie Title: Mana Oori Ramayanam. Directed by: Prakash Raj. Starring: Prakash Raj, Priyamani, Prudhviraj, Satyadev. Released in: 2016."
Premam,Chandoo Mondeti,"Naga Chaitanya, Shruti Hassan, Anupama Parameswaran",2016,Telugu,"Movie Title: Premam. Directed by: Chandoo Mondeti. Starring: Naga Chaitanya, Shruti Hassan, Anupama Parameswaran. Released in: 2016."
Ism,Puri Jagannadh,"Nandamuri Kalyan Ram, Aditi Arya, Jagapati Babu",2016,Telugu,"Movie Title: Ism. Directed by: Puri Jagannadh. Starring: Nandamuri Kalyan Ram, Aditi Arya, Jagapati Babu. Released in: 2016."
L7,Mukund Pande,"Adith Arun, Pooja Jhaveri, Vennela Kishore",2016,Telugu,"Movie Title: L7. Directed by: Mukund Pande. Starring: Adith Arun, Pooja Jhaveri, Vennela Kishore. Released in: 2016."
Banthi Poola Janaki,Nellutla Praveen Chander,"Dhanraj, Diksha Panth, Sudheer, Chandra",2016,Telugu,"Movie Title: Banthi Poola Janaki. Directed by: Nellutla Praveen Chander. Starring: Dhanraj, Diksha Panth, Sudheer, Chandra. Released in: 2016."
Chuttalabbai,Veerabhadram Chowdary,"Aadi, Namitha Pramod",2016,Telugu,"Movie Title: Chuttalabbai. Directed by: Veerabhadram Chowdary. Starring: Aadi, Namitha Pramod. Released in: 2016."
Aatadukundam Raa,G. Nageswara Reddy,"Sushanth, Sonam Bajwa",2016,Telugu,"Movie Title: Aatadukundam Raa. Directed by: G. Nageswara Reddy. Starring: Sushanth, Sonam Bajwa. Released in: 2016."
Thikka,Sunil Reddy,"Sai Dharam Tej, Mannara Chopra, Rajendra Prasad",2016,Telugu,"Movie Title: Thikka. Directed by: Sunil Reddy. Starring: Sai Dharam Tej, Mannara Chopra, Rajendra Prasad. Released in: 2016."
Premikudu,Kala Sundeep,"Maanas N, Sanam Shetty, Shakalaka Shankar, Paruchuri Venkateswara Rao, Bhanu Chander",2016,Telugu,"Movie Title: Premikudu. Directed by: Kala Sundeep. Starring: Maanas N, Sanam Shetty, Shakalaka Shankar, Paruchuri Venkateswara Rao, Bhanu Chander. Released in: 2016."
Meeku Meere Maaku Meme,Hussain Sha Kiran,"Tarun Shetty, Avantika Mishra, Jenny Honey, Kireeti Damaraju",2016,Telugu,"Movie Title: Meeku Meere Maaku Meme. Directed by: Hussain Sha Kiran. Starring: Tarun Shetty, Avantika Mishra, Jenny Honey, Kireeti Damaraju. Released in: 2016."
Guppedantha Prema,Vinod Lingala,"Sai Ronak, Aditi Singh",2016,Telugu,"Movie Title: Guppedantha Prema. Directed by: Vinod Lingala. Starring: Sai Ronak, Aditi Singh. Released in: 2016."
Oka Manasu,Rama Raju Gottimukkala,"Naga Shourya, Niharika Konidela, Rao Ramesh, Srinivas Avasarala",2016,Telugu,"Movie Title: Oka Manasu. Directed by: Rama Raju Gottimukkala. Starring: Naga Shourya, Niharika Konidela, Rao Ramesh, Srinivas Avasarala. Released in: 2016."
Kundanapu Bomma,Mullapudi Vara,"Chandini Chowdary, Sudhakar Komakula, Sudheer Varma, Aalapati Lakshmi",2016,Telugu,"Movie Title: Kundanapu Bomma. Directed by: Mullapudi Vara. Starring: Chandini Chowdary, Sudhakar Komakula, Sudheer Varma, Aalapati Lakshmi. Released in: 2016."
Rajadhi Raja,Cheran,"Sharwanand, Nithya Menen, Prakash Raj, Santhanam",2016,Telugu,"Movie Title: Rajadhi Raja. Directed by: Cheran. Starring: Sharwanand, Nithya Menen, Prakash Raj, Santhanam. Released in: 2016."
Arddhanaari,Bhanushanker Chowdary,"Arjun Yajath, Mouryaani",2016,Telugu,"Movie Title: Arddhanaari. Directed by: Bhanushanker Chowdary. Starring: Arjun Yajath, Mouryaani. Released in: 2016."
Rojulu Marayi,Murali Krishna Mudidani,"Chethan, Parwatheesham, Kruthika Jayakumar, Tejaswi Madivada",2016,Telugu,"Movie Title: Rojulu Marayi. Directed by: Murali Krishna Mudidani. Starring: Chethan, Parwatheesham, Kruthika Jayakumar, Tejaswi Madivada. Released in: 2016."
Nandini Nursing Home,P. V. Giri,"Nawin Vijay Krishna, Shravya, Nithya Naresh, Shakalaka Shankar, Jaya Prakash Reddy, Vennela Kishore",2016,Telugu,"Movie Title: Nandini Nursing Home. Directed by: P. V. Giri. Starring: Nawin Vijay Krishna, Shravya, Nithya Naresh, Shakalaka Shankar, Jaya Prakash Reddy, Vennela Kishore. Released in: 2016."
Antham,GSSP Kalyan,"Rashmi Gautam, Charandeep",2016,Telugu,"Movie Title: Antham. Directed by: GSSP Kalyan. Starring: Rashmi Gautam, Charandeep. Released in: 2016."
Selfie Raja,G. Eshwar Reddy,"Allari Naresh, Sakshi Chaudhary, Kamna Jethmalani, Saptagiri",2016,Telugu,"Movie Title: Selfie Raja. Directed by: G. Eshwar Reddy. Starring: Allari Naresh, Sakshi Chaudhary, Kamna Jethmalani, Saptagiri. Released in: 2016."
Nayaki,Goverdhan Reddy,"Trisha, Ganesh Venkatraman",2016,Telugu,"Movie Title: Nayaki. Directed by: Goverdhan Reddy. Starring: Trisha, Ganesh Venkatraman. Released in: 2016."
Pelli Choopulu,Tharun Bhascker Dhaassyam,"Vijay Deverakonda, Ritu Varma",2016,Telugu,"Movie Title: Pelli Choopulu. Directed by: Tharun Bhascker Dhaassyam. Starring: Vijay Deverakonda, Ritu Varma. Released in: 2016."
Jakkanna,Vamshi Krishna Akella,"Sunil, Mannara Chopra, Kabir Duhan Singh, Posani Krishna Murali",2016,Telugu,"Movie Title: Jakkanna. Directed by: Vamshi Krishna Akella. Starring: Sunil, Mannara Chopra, Kabir Duhan Singh, Posani Krishna Murali. Released in: 2016."
Manamantha,Chandra Sekhar Yeleti,"Mohanlal, Gautami, Viswant Duddumpudi, Anisha Ambrose, S. P. Balasubrahmanyam",2016,Telugu,"Movie Title: Manamantha. Directed by: Chandra Sekhar Yeleti. Starring: Mohanlal, Gautami, Viswant Duddumpudi, Anisha Ambrose, S. P. Balasubrahmanyam. Released in: 2016."
Srirastu Subhamastu,Parasuram,"Allu Sirish, Lavanya Tripathi, Prakash Raj, Sumalatha, Rao Ramesh, Sumithra, Subbaraju",2016,Telugu,"Movie Title: Srirastu Subhamastu. Directed by: Parasuram. Starring: Allu Sirish, Lavanya Tripathi, Prakash Raj, Sumalatha, Rao Ramesh, Sumithra, Subbaraju. Released in: 2016."
Babu Bangaram,Maruthi,"Venkatesh, Nayanthara",2016,Telugu,"Movie Title: Babu Bangaram. Directed by: Maruthi. Starring: Venkatesh, Nayanthara. Released in: 2016."
Bommala Ramaram,Nishanth Pudhari,"Soori, Roopa Reddy, Priyadarshi Pullikonda, Thiruveer",2016,Telugu,"Movie Title: Bommala Ramaram. Directed by: Nishanth Pudhari. Starring: Soori, Roopa Reddy, Priyadarshi Pullikonda, Thiruveer. Released in: 2016."
Iddaram,Sudhakar Vinukonda,"Sanjeev, Sai Krupa",2016,Telugu,"Movie Title: Iddaram. Directed by: Sudhakar Vinukonda. Starring: Sanjeev, Sai Krupa. Released in: 2016."
Shankara,Thathineni Satya Prakash,"Nara Rohith, Regina Cassandra, M. S. Narayana, John Vijay, Rajeev Kanakala",2016,Telugu,"Movie Title: Shankara. Directed by: Thathineni Satya Prakash. Starring: Nara Rohith, Regina Cassandra, M. S. Narayana, John Vijay, Rajeev Kanakala. Released in: 2016."
Thanu Vachenanta,Venkat Kancherla,"Rashmi Gautam, Teja Kakumanu, Dhanya Balakrishna, Chalaki Chanti",2016,Telugu,"Movie Title: Thanu Vachenanta. Directed by: Venkat Kancherla. Starring: Rashmi Gautam, Teja Kakumanu, Dhanya Balakrishna, Chalaki Chanti. Released in: 2016."
Aavu Puli Madhyalo Prabhas Pelli,Ravi Pachipala,"Kalakeya Prabhakar, Ravi Teja, Ashwini Chandrasekhar",2016,Telugu,"Movie Title: Aavu Puli Madhyalo Prabhas Pelli. Directed by: Ravi Pachipala. Starring: Kalakeya Prabhakar, Ravi Teja, Ashwini Chandrasekhar. Released in: 2016."
Padamati Sandhyaragam London Lo,Vamshi Muniganti,"Mirabel Stuart, Chaitu Shantharam, Shahela Rani",2017,Telugu,"Movie Title: Padamati Sandhyaragam London Lo. Directed by: Vamshi Muniganti. Starring: Mirabel Stuart, Chaitu Shantharam, Shahela Rani. Released in: 2017."
Ye Rojaithey Chusaano,G. Bala,"Manoj Nandam, Suma, Smithika Acharya, Monika Singh",2017,Telugu,"Movie Title: Ye Rojaithey Chusaano. Directed by: G. Bala. Starring: Manoj Nandam, Suma, Smithika Acharya, Monika Singh. Released in: 2017."
Khaidi No. 150,V.V. Vinayak,"Chiranjeevi, Kajal Aggarwal, Tarun Arora",2017,Telugu,"Movie Title: Khaidi No. 150. Directed by: V.V. Vinayak. Starring: Chiranjeevi, Kajal Aggarwal, Tarun Arora. Released in: 2017."
Gautamiputra Satakarni,Krish,"Nandamuri Balakrishna, Shriya Saran, Hema Malini",2017,Telugu,"Movie Title: Gautamiputra Satakarni. Directed by: Krish. Starring: Nandamuri Balakrishna, Shriya Saran, Hema Malini. Released in: 2017."
Head Constable Venkataramaiah,Chadalavada Srinivasa Rao,"R. Narayana Murthy, Jayasudha",2017,Telugu,"Movie Title: Head Constable Venkataramaiah. Directed by: Chadalavada Srinivasa Rao. Starring: R. Narayana Murthy, Jayasudha. Released in: 2017."
Shatamanam Bhavati,Satish Vegesna,"Sharwanand, Anupama Parameswaran, Prakash Raj, Jayasudha",2017,Telugu,"Movie Title: Shatamanam Bhavati. Directed by: Satish Vegesna. Starring: Sharwanand, Anupama Parameswaran, Prakash Raj, Jayasudha. Released in: 2017."
Luckunnodu,Raj Kiran,"Manchu Vishnu, Hansika Motwani",2017,Telugu,"Movie Title: Luckunnodu. Directed by: Raj Kiran. Starring: Manchu Vishnu, Hansika Motwani. Released in: 2017."
Nenu Local,Trinadha Rao Nakkina,"Nani, Keerthy Suresh, Naveen Chandra, Sachin Khedekar",2017,Telugu,"Movie Title: Nenu Local. Directed by: Trinadha Rao Nakkina. Starring: Nani, Keerthy Suresh, Naveen Chandra, Sachin Khedekar. Released in: 2017."
No.1 Hero Rajendar Love Stori,Rajendar,"Rajendar, Sri Devi",2017,Telugu,"Movie Title: No.1 Hero Rajendar Love Stori. Directed by: Rajendar. Starring: Rajendar, Sri Devi. Released in: 2017."
Ika..Se..Love,Dungroth Nagaraj,"Sai Ravi, Deepthi",2017,Telugu,"Movie Title: Ika..Se..Love. Directed by: Dungroth Nagaraj. Starring: Sai Ravi, Deepthi. Released in: 2017."
Ghazi,Sankalp Reddy,"Daggubati Rana, Taapsee Pannu, Kay Kay Menon, Atul Kulkarni",2017,Telugu,"Movie Title: Ghazi. Directed by: Sankalp Reddy. Starring: Daggubati Rana, Taapsee Pannu, Kay Kay Menon, Atul Kulkarni. Released in: 2017."
Vajralu Kavala Nayana,Radha Krishna,"Anil Buragani, Nikitha Bhist, Kasi Sivakumar",2017,Telugu,"Movie Title: Vajralu Kavala Nayana. Directed by: Radha Krishna. Starring: Anil Buragani, Nikitha Bhist, Kasi Sivakumar. Released in: 2017."
C/o Godavari,Raja Rammohan,"Deepu Naidu, Rohit Sirigiri, Shruthi Varma, Posani Krishna Murali, Prabhas Sreenu, Suman",2017,Telugu,"Movie Title: C/o Godavari. Directed by: Raja Rammohan. Starring: Deepu Naidu, Rohit Sirigiri, Shruthi Varma, Posani Krishna Murali, Prabhas Sreenu, Suman. Released in: 2017."
Winner,Gopichand Malineni,"Sai Dharam Tej, Rakul Preet Singh, Jagapati Babu",2017,Telugu,"Movie Title: Winner. Directed by: Gopichand Malineni. Starring: Sai Dharam Tej, Rakul Preet Singh, Jagapati Babu. Released in: 2017."
Dwaraka,Srinivas Ravindra,"Vijay Deverakonda, Pooja Jhaveri, Prakash Raj, Prudhviraj, Murali Sharma",2017,Telugu,"Movie Title: Dwaraka. Directed by: Srinivas Ravindra. Starring: Vijay Deverakonda, Pooja Jhaveri, Prakash Raj, Prudhviraj, Murali Sharma. Released in: 2017."
Gunturodu,S. K. Satya,"Manchu Manoj, Pragya Jaiswal, Rajendra Prasad, Sampath Raj, Kota Srinivasa Rao",2017,Telugu,"Movie Title: Gunturodu. Directed by: S. K. Satya. Starring: Manchu Manoj, Pragya Jaiswal, Rajendra Prasad, Sampath Raj, Kota Srinivasa Rao. Released in: 2017."
Kittu Unnadu Jagratha,Vamsi Krishna,"Raj Tarun, Anu Emmanuel, Arbaaz Khan",2017,Telugu,"Movie Title: Kittu Unnadu Jagratha. Directed by: Vamsi Krishna. Starring: Raj Tarun, Anu Emmanuel, Arbaaz Khan. Released in: 2017."
Aakatayi,Rom Bhimana,"Aashish Raj, Rukshar Mir, Suman, Pradeep Rawat, Posani Krishna Murali, Brahmanandam",2017,Telugu,"Movie Title: Aakatayi. Directed by: Rom Bhimana. Starring: Aashish Raj, Rukshar Mir, Suman, Pradeep Rawat, Posani Krishna Murali, Brahmanandam. Released in: 2017."
Om Namo Venkatesaya,K. Raghavendra Rao,"Nagarjuna Akkineni, Anushka Shetty, Jagapathi Babu, Saurabh Raj Jain",2017,Telugu,"Movie Title: Om Namo Venkatesaya. Directed by: K. Raghavendra Rao. Starring: Nagarjuna Akkineni, Anushka Shetty, Jagapathi Babu, Saurabh Raj Jain. Released in: 2017."
Disco Raja,Vi Anand,Ravi TejaPayal RajputNabha NateshTanya HopeBobby SimhaSunilVennela KishoreSatyaRamkiNareshBharath ReddyRaghu BabuAnnapurnaGiri BabuShishir Sharma,2020,Telugu,Movie Title: Disco Raja. Directed by: Vi Anand. Starring: Ravi TejaPayal RajputNabha NateshTanya HopeBobby SimhaSunilVennela KishoreSatyaRamkiNareshBharath ReddyRaghu BabuAnnapurnaGiri BabuShishir Sharma. Released in: 2020.
Inkenti Nuvve Cheppu,Siva Sri,"Prashanth Bodetti, Manikanta Sunny, Pujitha, Suman",2017,Telugu,"Movie Title: Inkenti Nuvve Cheppu. Directed by: Siva Sri. Starring: Prashanth Bodetti, Manikanta Sunny, Pujitha, Suman. Released in: 2017."
Nenosta,Parand Kalyan,"Gnan Prakash, Surya Srinivas, Priyanka Pallavi",2016,Telugu,"Movie Title: Nenosta. Directed by: Parand Kalyan. Starring: Gnan Prakash, Surya Srinivas, Priyanka Pallavi. Released in: 2016."
Manalo Okkadu,R. P. Patnaik,"R. P. Patnaik, Anita Hassanandani Reddy",2016,Telugu,"Movie Title: Manalo Okkadu. Directed by: R. P. Patnaik. Starring: R. P. Patnaik, Anita Hassanandani Reddy. Released in: 2016."
Naruda Donoruda,Mallik Ram,"Sumanth, Pallavi Subhash, Tanikella Bharani",2016,Telugu,"Movie Title: Naruda Donoruda. Directed by: Mallik Ram. Starring: Sumanth, Pallavi Subhash, Tanikella Bharani. Released in: 2016."
Sahasam Swasaga Sagipo,Gautham Vasudev Menon,"Naga Chaitanya, Manjima Mohan, Baba Sehgal",2016,Telugu,"Movie Title: Sahasam Swasaga Sagipo. Directed by: Gautham Vasudev Menon. Starring: Naga Chaitanya, Manjima Mohan, Baba Sehgal. Released in: 2016."
Ekkadiki Pothavu Chinnavada,Vi Anand,"Nikhil Siddharth, Hebah Patel, Nandita Swetha, Avika Gor",2016,Telugu,"Movie Title: Ekkadiki Pothavu Chinnavada. Directed by: Vi Anand. Starring: Nikhil Siddharth, Hebah Patel, Nandita Swetha, Avika Gor. Released in: 2016."
Jayammu Nischayammu Raa,Shiva Raj Kanumuri,"Srinivasa Reddy, Shamna Kasim, Posani Krishna Murali, Sree Vishnu, Ravi Varma, Krishnudu",2016,Telugu,"Movie Title: Jayammu Nischayammu Raa. Directed by: Shiva Raj Kanumuri. Starring: Srinivasa Reddy, Shamna Kasim, Posani Krishna Murali, Sree Vishnu, Ravi Varma, Krishnudu. Released in: 2016."
Aata,Raaj Kumar Reddy,"Shradda Das, Gayathri Iyer",2016,Telugu,"Movie Title: Aata. Directed by: Raaj Kumar Reddy. Starring: Shradda Das, Gayathri Iyer. Released in: 2016."
Araku Road Lo,Wassudev,"Sairam Shankar, Nikesha Patel",2016,Telugu,"Movie Title: Araku Road Lo. Directed by: Wassudev. Starring: Sairam Shankar, Nikesha Patel. Released in: 2016."
Dhruva,Surender Reddy,"Ram Charan, Rakul Preet Singh, Aravind Swamy",2016,Telugu,"Movie Title: Dhruva. Directed by: Surender Reddy. Starring: Ram Charan, Rakul Preet Singh, Aravind Swamy. Released in: 2016."
Evaro Tanevaro,S. Babji,"Naveen Gautham, Sarayu, Chalapathi Rao, Priyanka",2017,Telugu,"Movie Title: Evaro Tanevaro. Directed by: S. Babji. Starring: Naveen Gautham, Sarayu, Chalapathi Rao, Priyanka. Released in: 2017."
Meelo Evaru Koteeswarudu,E. Satthibabu,"Naveen Chandra, Shruti Sodhi, Saloni Aswani, Dhanraj, Raghu Babu, Prabhas Sreenu, Pruthviraj Balireddy",2016,Telugu,"Movie Title: Meelo Evaru Koteeswarudu. Directed by: E. Satthibabu. Starring: Naveen Chandra, Shruti Sodhi, Saloni Aswani, Dhanraj, Raghu Babu, Prabhas Sreenu, Pruthviraj Balireddy. Released in: 2016."
Naanna Nenu Naa Boyfriends,Bhaskar Bandi,"Hebah Patel, Tejaswi Madivada, Noel Sean, Parvateesam, Rao Ramesh, Sana",2016,Telugu,"Movie Title: Naanna Nenu Naa Boyfriends. Directed by: Bhaskar Bandi. Starring: Hebah Patel, Tejaswi Madivada, Noel Sean, Parvateesam, Rao Ramesh, Sana. Released in: 2016."
Saptagiri Express,Arun Pawar,"Saptagiri, Roshini Prakash, Ali, Posani Krishna Murali, Shayaji Shinde, Shakalaka Shankar",2016,Telugu,"Movie Title: Saptagiri Express. Directed by: Arun Pawar. Starring: Saptagiri, Roshini Prakash, Ali, Posani Krishna Murali, Shayaji Shinde, Shakalaka Shankar. Released in: 2016."
Vangaveeti,Ram Gopal Varma,"Sandeep Kumar, Vamsi Nakkanti, Vamsi Changanti, Naina Ganguly, Kautilya",2016,Telugu,"Movie Title: Vangaveeti. Directed by: Ram Gopal Varma. Starring: Sandeep Kumar, Vamsi Nakkanti, Vamsi Changanti, Naina Ganguly, Kautilya. Released in: 2016."
Sarabha,Narsimha Rao,"Aakash Kumar Sehdev, Mishti Chakravarty, Jayaprada, Nassar",2016,Telugu,"Movie Title: Sarabha. Directed by: Narsimha Rao. Starring: Aakash Kumar Sehdev, Mishti Chakravarty, Jayaprada, Nassar. Released in: 2016."
Pittagoda,Anudeep K. V.,"Vishwadev, Punarnavi Bhupalam",2016,Telugu,"Movie Title: Pittagoda. Directed by: Anudeep K. V.. Starring: Vishwadev, Punarnavi Bhupalam. Released in: 2016."
Appatlo Okadundevadu,Saagar K Chandra,"Nara Rohith, Sree Vishnu, Tanya Hope, Rajeev Kanakala, Posani Krishna Murali",2016,Telugu,"Movie Title: Appatlo Okadundevadu. Directed by: Saagar K Chandra. Starring: Nara Rohith, Sree Vishnu, Tanya Hope, Rajeev Kanakala, Posani Krishna Murali. Released in: 2016."
Karam Dosa,Trivikram Gajulapalli,"Shivakumar Ramachandravarapu, Surya Srinivas, Y. Kasi Viswanath",2016,Telugu,"Movie Title: Karam Dosa. Directed by: Trivikram Gajulapalli. Starring: Shivakumar Ramachandravarapu, Surya Srinivas, Y. Kasi Viswanath. Released in: 2016."
Intlo Deyyam Nakem Bhayam,G. Nageswara Reddy,"Allari Naresh, Kruthika Jayakumar, Rajendra Prasad",2016,Telugu,"Movie Title: Intlo Deyyam Nakem Bhayam. Directed by: G. Nageswara Reddy. Starring: Allari Naresh, Kruthika Jayakumar, Rajendra Prasad. Released in: 2016."
Janaki Ramudu,T. Satish Babu,"Mouryaani, Naveen Sanjay, Arjun Yajath",2016,Telugu,"Movie Title: Janaki Ramudu. Directed by: T. Satish Babu. Starring: Mouryaani, Naveen Sanjay, Arjun Yajath. Released in: 2016."
DubSmash,Keshav Depur,Pavan KrishnaSuprajaGetup Srinu,2020,Telugu,Movie Title: DubSmash. Directed by: Keshav Depur. Starring: Pavan KrishnaSuprajaGetup Srinu. Released in: 2020.
Aswathama,Ramana Teja,Naga ShauryaMehreen PirzadaJisshu SenguptaHarish UthamanSargun Kaur LuthraPrince CecilAadarsh BalakrishnaPosani Krishna Murali,2020,Telugu,Movie Title: Aswathama. Directed by: Ramana Teja. Starring: Naga ShauryaMehreen PirzadaJisshu SenguptaHarish UthamanSargun Kaur LuthraPrince CecilAadarsh BalakrishnaPosani Krishna Murali. Released in: 2020.
Choosi Choodangaane,Sesha Sindhu Rao,Shiva KandukuriVarsha BollammaMalavika SatheesanPavitra LokeshAnish KuruvillaGururaj ManepalliVenkatesh KakumanuRajesh Khanna,2020,Telugu,Movie Title: Choosi Choodangaane. Directed by: Sesha Sindhu Rao. Starring: Shiva KandukuriVarsha BollammaMalavika SatheesanPavitra LokeshAnish KuruvillaGururaj ManepalliVenkatesh KakumanuRajesh Khanna. Released in: 2020.
RAM (Rapid Action Mission),Mihiraam Vynatheya,Surya AyyalasomayajuluDhanya BalakrishnaBhanu ChanderP. Sai KumarSubhalekha Sudhakar,2024,Telugu,Movie Title: RAM (Rapid Action Mission). Directed by: Mihiraam Vynatheya. Starring: Surya AyyalasomayajuluDhanya BalakrishnaBhanu ChanderP. Sai KumarSubhalekha Sudhakar. Released in: 2024.
Ambajipeta Marriage Band,Dushyanth Katikineni,SuhasSharanya PradeepShivani NagaramJagadeesh Prathap Bandari,2024,Telugu,Movie Title: Ambajipeta Marriage Band. Directed by: Dushyanth Katikineni. Starring: SuhasSharanya PradeepShivani NagaramJagadeesh Prathap Bandari. Released in: 2024.
Bootcut Balaraju,Sree Koneti,Syed Sohel RyanMegha LekhaSunil,2024,Telugu,Movie Title: Bootcut Balaraju. Directed by: Sree Koneti. Starring: Syed Sohel RyanMegha LekhaSunil. Released in: 2024.
Dheera,Vikranth Srinivas,Laksh ChadalavadaSoniya BansalNeha Pathan,2024,Telugu,Movie Title: Dheera. Directed by: Vikranth Srinivas. Starring: Laksh ChadalavadaSoniya BansalNeha Pathan. Released in: 2024.
Game On,Dayanandh,Geet AnandNeha SolankiVasanthi KrishnanAdithya MenonSubhalekha Sudhakar,2024,Telugu,Movie Title: Game On. Directed by: Dayanandh. Starring: Geet AnandNeha SolankiVasanthi KrishnanAdithya MenonSubhalekha Sudhakar. Released in: 2024.
Happy Ending,Kowshik Bheemidi,Yash PuriApoorva RaoVishnu OiAjay GhoshJhansi,2024,Telugu,Movie Title: Happy Ending. Directed by: Kowshik Bheemidi. Starring: Yash PuriApoorva RaoVishnu OiAjay GhoshJhansi. Released in: 2024.
I Hate You,Anji Ram,Karthik RajuMokkshaSherry AgarwalPriyanka Kholgade,2024,Telugu,Movie Title: I Hate You. Directed by: Anji Ram. Starring: Karthik RajuMokkshaSherry AgarwalPriyanka Kholgade. Released in: 2024.
Kismat,Srinath Badineni,Naresh AgastyaAbhinav GomatamVishwadev RachakondaRiya SumanSrinivas AvasaralaAjay Ghosh,2024,Telugu,Movie Title: Kismat. Directed by: Srinath Badineni. Starring: Naresh AgastyaAbhinav GomatamVishwadev RachakondaRiya SumanSrinivas AvasaralaAjay Ghosh. Released in: 2024.
Mechanic,Muni Sahekara,Mani Sai TejaRekha NiroshaTanikella Bharani,2024,Telugu,Movie Title: Mechanic. Directed by: Muni Sahekara. Starring: Mani Sai TejaRekha NiroshaTanikella Bharani. Released in: 2024.
Yatra 2,Mahi V. Raghav,MammoottyJiivaSubhalekha SudhakarMahesh Manjrekar,2024,Telugu,Movie Title: Yatra 2. Directed by: Mahi V. Raghav. Starring: MammoottyJiivaSubhalekha SudhakarMahesh Manjrekar. Released in: 2024.
Eagle,Karthik Gattamneni,Ravi TejaAnupama ParameswaranKavya ThaparNavdeepMadhooSrinivas Avasarala,2024,Telugu,Movie Title: Eagle. Directed by: Karthik Gattamneni. Starring: Ravi TejaAnupama ParameswaranKavya ThaparNavdeepMadhooSrinivas Avasarala. Released in: 2024.
Sheeshmahal,Camp Sasi,Rahul RamakrishnaCamp SasiRohit PenumatsaRahul Penumatsa,2024,Telugu,Movie Title: Sheeshmahal. Directed by: Camp Sasi. Starring: Rahul RamakrishnaCamp SasiRohit PenumatsaRahul Penumatsa. Released in: 2024.
Raajadhani Files,Bhanu Shankar,Vinod Kumar AlvaVani ViswanathAkilan PushparajVishal Patni,2024,Telugu,Movie Title: Raajadhani Files. Directed by: Bhanu Shankar. Starring: Vinod Kumar AlvaVani ViswanathAkilan PushparajVishal Patni. Released in: 2024.
Bhamakalapam 2,Abhimanyu Tadimeti,PriyamaniSharanya PradeepRaghu MukherjeeSeerat Kapoor,2024,Telugu,Movie Title: Bhamakalapam 2. Directed by: Abhimanyu Tadimeti. Starring: PriyamaniSharanya PradeepRaghu MukherjeeSeerat Kapoor. Released in: 2024.
I Hate Love,Venkatesh Vipparthi,Subbu MudhunuriSeelam SrivalliRavi Mallidi,2024,Telugu,Movie Title: I Hate Love. Directed by: Venkatesh Vipparthi. Starring: Subbu MudhunuriSeelam SrivalliRavi Mallidi. Released in: 2024.
Ooru Peru Bhairavakona,Vi Anand,Sundeep KishanVarsha BollammaKavya ThaparVennela KishoreHarsha Chemudu,2024,Telugu,Movie Title: Ooru Peru Bhairavakona. Directed by: Vi Anand. Starring: Sundeep KishanVarsha BollammaKavya ThaparVennela KishoreHarsha Chemudu. Released in: 2024.
Ground,Suraj,Harinath Raj KuntamukkulaTejaswini MaragoniNagaraj BadhavathVasishta Kunde,2024,Telugu,Movie Title: Ground. Directed by: Suraj. Starring: Harinath Raj KuntamukkulaTejaswini MaragoniNagaraj BadhavathVasishta Kunde. Released in: 2024.
Prema Yuddham,Syama Sundara Babu,Thagaram SiddardhaRoopika Apoorva SagarSuman,2024,Telugu,Movie Title: Prema Yuddham. Directed by: Syama Sundara Babu. Starring: Thagaram SiddardhaRoopika Apoorva SagarSuman. Released in: 2024.
Premalo,Chandu Koduri,Chandu KoduriCharishma SreekarSivaji Raja,2024,Telugu,Movie Title: Premalo. Directed by: Chandu Koduri. Starring: Chandu KoduriCharishma SreekarSivaji Raja. Released in: 2024.
Mudo Kannu,Surath Rambabu,P. Sai KumarNiroshaSrinivasa Reddy,2024,Telugu,Movie Title: Mudo Kannu. Directed by: Surath Rambabu. Starring: P. Sai KumarNiroshaSrinivasa Reddy. Released in: 2024.
Before Marriage,A. Sreedhar Reddy,Bharath BandaruNaveena ReddyHima Sailaja,2024,Telugu,Movie Title: Before Marriage. Directed by: A. Sreedhar Reddy. Starring: Bharath BandaruNaveena ReddyHima Sailaja. Released in: 2024.
Devil: The British Secret Agent,Abhishek Nama,Nandamuri Kalyan Ram · Samyuktha Menon · Edward Sonnenblick · Elnaaz Norouzi,2023,Telugu,Movie Title: Devil: The British Secret Agent. Directed by: Abhishek Nama. Starring: Nandamuri Kalyan Ram · Samyuktha Menon · Edward Sonnenblick · Elnaaz Norouzi. Released in: 2023.
Right,Gubaala Shankar,Kaushal MandaMukhtar KhanAamaniLeesha Eclairs,2023,Telugu,Movie Title: Right. Directed by: Gubaala Shankar. Starring: Kaushal MandaMukhtar KhanAamaniLeesha Eclairs. Released in: 2023.
Umapathi,Satya Dwarapudi,Anuragh KonidenaAvika GorPosani Krishna MuraliThulasi Shivamani,2023,Telugu,Movie Title: Umapathi. Directed by: Satya Dwarapudi. Starring: Anuragh KonidenaAvika GorPosani Krishna MuraliThulasi Shivamani. Released in: 2023.
Sarkaaru Noukari,Ganganamoni Shekar,Akash GoparajuBhavana VazhapandalMani ChandanaTanikella BharaniSammeta Gandhi,2024,Telugu,Movie Title: Sarkaaru Noukari. Directed by: Ganganamoni Shekar. Starring: Akash GoparajuBhavana VazhapandalMani ChandanaTanikella BharaniSammeta Gandhi. Released in: 2024.
1134,Ssharadh Chandra Tadimeti,Krishna MadupuGangadhar ReddyPhani BhargavPhani SharmaSuneal Patel,2024,Telugu,Movie Title: 1134. Directed by: Ssharadh Chandra Tadimeti. Starring: Krishna MadupuGangadhar ReddyPhani BhargavPhani SharmaSuneal Patel. Released in: 2024.
14 Days Love,Nagaraj Bodem,Manoj PutturChandini BagawananiRaja RavindraShanoor Sana,2024,Telugu,Movie Title: 14 Days Love. Directed by: Nagaraj Bodem. Starring: Manoj PutturChandini BagawananiRaja RavindraShanoor Sana. Released in: 2024.
Deenamma Jeevitham,Yalla Murali Krishna,Dev BallaniPriya ChohanSaritha Chohan,2024,Telugu,Movie Title: Deenamma Jeevitham. Directed by: Yalla Murali Krishna. Starring: Dev BallaniPriya ChohanSaritha Chohan. Released in: 2024.
Double Engine,Rohit Penumatsa,Muni MyatariAjith MohanRohit NarsimhaRaju Shivaratri,2024,Telugu,Movie Title: Double Engine. Directed by: Rohit Penumatsa. Starring: Muni MyatariAjith MohanRohit NarsimhaRaju Shivaratri. Released in: 2024.
Masthu Shades Unnai Raa,Thiru,Abhinav GomatamVaishaliNizhalgal RaviMoinAli Reza,2024,Telugu,Movie Title: Masthu Shades Unnai Raa. Directed by: Thiru. Starring: Abhinav GomatamVaishaliNizhalgal RaviMoinAli Reza. Released in: 2024.
Plantman: Mokka Manishi,Santhosh Babu,Chandrashekar PulaputraSonali PanigrahyYadamma RajuNandem Shekar,2024,Telugu,Movie Title: Plantman: Mokka Manishi. Directed by: Santhosh Babu. Starring: Chandrashekar PulaputraSonali PanigrahyYadamma RajuNandem Shekar. Released in: 2024.
Raghava Reddy,Sanjeev Megoti,Siva KantamaneniNandita SwethaRaasi,2024,Telugu,Movie Title: Raghava Reddy. Directed by: Sanjeev Megoti. Starring: Siva KantamaneniNandita SwethaRaasi. Released in: 2024.
Shaan (Love War),Busa Kumar Yadav,Busa Kumar YadavPriya DeshpangVelagandula Suchitra,2024,Telugu,Movie Title: Shaan (Love War). Directed by: Busa Kumar Yadav. Starring: Busa Kumar YadavPriya DeshpangVelagandula Suchitra. Released in: 2024.
Guntur Kaaram,Trivikram Srinivas,Mahesh BabuSreeleelaMeenakshi ChaudharyJagapathi BabuRamya KrishnanJayaramPrakash Raj,2024,Telugu,Movie Title: Guntur Kaaram. Directed by: Trivikram Srinivas. Starring: Mahesh BabuSreeleelaMeenakshi ChaudharyJagapathi BabuRamya KrishnanJayaramPrakash Raj. Released in: 2024.
Hanu-Man,Prasanth Varma,Teja SajjaAmritha AiyerVaralaxmi SarathkumarSamuthirakaniVinay Rai,2024,Telugu,Movie Title: Hanu-Man. Directed by: Prasanth Varma. Starring: Teja SajjaAmritha AiyerVaralaxmi SarathkumarSamuthirakaniVinay Rai. Released in: 2024.
Saindhav,Sailesh Kolanu,VenkateshNawazuddin SiddiquiAryaShraddha SrinathRuhani SharmaAndrea Jeremiah,2024,Telugu,Movie Title: Saindhav. Directed by: Sailesh Kolanu. Starring: VenkateshNawazuddin SiddiquiAryaShraddha SrinathRuhani SharmaAndrea Jeremiah. Released in: 2024.
Naa Saami Ranga,Vijay Binni,NagarjunaAshika RanganathAllari NareshRaj TarunRukshar DhillonMirnaa Menon,2024,Telugu,Movie Title: Naa Saami Ranga. Directed by: Vijay Binni. Starring: NagarjunaAshika RanganathAllari NareshRaj TarunRukshar DhillonMirnaa Menon. Released in: 2024.
Kotha Rangula Prapancham,Prudhvi Raj,Kranthi KrishnaSreelu DasariPrudhvi RajGeetha Singh,2024,Telugu,Movie Title: Kotha Rangula Prapancham. Directed by: Prudhvi Raj. Starring: Kranthi KrishnaSreelu DasariPrudhvi RajGeetha Singh. Released in: 2024.
105 Minuttess,Raju Dussa,Hansika Motwani,2024,Telugu,Movie Title: 105 Minuttess. Directed by: Raju Dussa. Starring: Hansika Motwani. Released in: 2024.
Prema Katha,Shivashakti Red De,Kishore Shanthi DhinakaranDiya SeetepalliVinay MahadevNethra Reddy,2024,Telugu,Movie Title: Prema Katha. Directed by: Shivashakti Red De. Starring: Kishore Shanthi DhinakaranDiya SeetepalliVinay MahadevNethra Reddy. Released in: 2024.
Currency Nagar,Vennela Kumar Pothepalli,Gautam KumarSudharshanMahesh YadlapalliSpandana Somanna,2023,Telugu,Movie Title: Currency Nagar. Directed by: Vennela Kumar Pothepalli. Starring: Gautam KumarSudharshanMahesh YadlapalliSpandana Somanna. Released in: 2023.
Mukhya Gamanika,Venu Muralidhar Vadnala,Viran MuttamsettyLavannya SahukaraAryan Ippili,2024,Telugu,Movie Title: Mukhya Gamanika. Directed by: Venu Muralidhar Vadnala. Starring: Viran MuttamsettyLavannya SahukaraAryan Ippili. Released in: 2024.
Siddharth Roy,V. Yeshasvi,Deepak SarojTanvi NegiNandini Yallareddy,2024,Telugu,Movie Title: Siddharth Roy. Directed by: V. Yeshasvi. Starring: Deepak SarojTanvi NegiNandini Yallareddy. Released in: 2024.
Mix Up,Aakash Bikki,Kamal KamarajuAkshara GowdaAadarsh BalakrishnaPooja Jhaveri,2024,Telugu,Movie Title: Mix Up. Directed by: Aakash Bikki. Starring: Kamal KamarajuAkshara GowdaAadarsh BalakrishnaPooja Jhaveri. Released in: 2024.
Ravikula Raghurama,Chandra Sekhar Kanuri,Gowtham VarmaDeepshika Umapathy,2024,Telugu,Movie Title: Ravikula Raghurama. Directed by: Chandra Sekhar Kanuri. Starring: Gowtham VarmaDeepshika Umapathy. Released in: 2024.
Razakar,Yata Satyanarayana,Raj ArjunBobby SimhaTej SapruMakarand DeshpandeVedhikaAnasuya BharadwajIndraja,2024,Telugu,Movie Title: Razakar. Directed by: Yata Satyanarayana. Starring: Raj ArjunBobby SimhaTej SapruMakarand DeshpandeVedhikaAnasuya BharadwajIndraja. Released in: 2024.
Sharathulu Varthisthai,Akshara,Chaitanya RaoBhoomi ShettyNanda KishoreBojjapalli Venkey,2024,Telugu,Movie Title: Sharathulu Varthisthai. Directed by: Akshara. Starring: Chaitanya RaoBhoomi ShettyNanda KishoreBojjapalli Venkey. Released in: 2024.
Tantra,Srinivas Gopisetti,Ananya NagallaDhanush RaghumudriSaloni AswaniTemper VamsiMeesala Lakshman,2024,Telugu,Movie Title: Tantra. Directed by: Srinivas Gopisetti. Starring: Ananya NagallaDhanush RaghumudriSaloni AswaniTemper VamsiMeesala Lakshman. Released in: 2024.
Vey Dharuvey,Naveen Reddy,Sai Raam ShankarYasha ShivakumarSunilSatyam Rajesh,2024,Telugu,Movie Title: Vey Dharuvey. Directed by: Naveen Reddy. Starring: Sai Raam ShankarYasha ShivakumarSunilSatyam Rajesh. Released in: 2024.
Haddhu Ledhu Raa,Rajashekkar Raavi,Ashish GandhiHrithikaVarsha ViswanathTanikella BharaniRajeev Kanakala,2024,Telugu,Movie Title: Haddhu Ledhu Raa. Directed by: Rajashekkar Raavi. Starring: Ashish GandhiHrithikaVarsha ViswanathTanikella BharaniRajeev Kanakala. Released in: 2024.
Ananya,Prasad Raju Bommidi,Jairaman JutthigaChandana LopintiSuman,2024,Telugu,Movie Title: Ananya. Directed by: Prasad Raju Bommidi. Starring: Jairaman JutthigaChandana LopintiSuman. Released in: 2024.
Lineman,Raghu Shastry,ThrigunKaajal KunderB. JayashreeNiviksha NaiduHarini Srikanth,2024,Telugu,Movie Title: Lineman. Directed by: Raghu Shastry. Starring: ThrigunKaajal KunderB. JayashreeNiviksha NaiduHarini Srikanth. Released in: 2024.
Om Bheem Bush,Harsha Konuganti,Sree VishnuRahul RamakrishnaPriyadarshi,2024,Telugu,Movie Title: Om Bheem Bush. Directed by: Harsha Konuganti. Starring: Sree VishnuRahul RamakrishnaPriyadarshi. Released in: 2024.
Vande Bharat Save India,Mallam Ramesh,SumanKaushik MekalaAnkitha MulerSubbaraya SarmaJenny,2024,Telugu,Movie Title: Vande Bharat Save India. Directed by: Mallam Ramesh. Starring: SumanKaushik MekalaAnkitha MulerSubbaraya SarmaJenny. Released in: 2024.
Agricos,Vaspula Narasimha,Dinil RahulTeena SravyaUttaradi Lokesh,2024,Telugu,Movie Title: Agricos. Directed by: Vaspula Narasimha. Starring: Dinil RahulTeena SravyaUttaradi Lokesh. Released in: 2024.
Kaliyugam Pattanamlo,Ramakhanth Reddy,Vishva KarthikeyaAayushi PatellAnish KuruvillaChitra Shukla,2024,Telugu,Movie Title: Kaliyugam Pattanamlo. Directed by: Ramakhanth Reddy. Starring: Vishva KarthikeyaAayushi PatellAnish KuruvillaChitra Shukla. Released in: 2024.
Thalakona,Nagesh Naradasi,Apsara RaniAjay Ghosh,2024,Telugu,Movie Title: Thalakona. Directed by: Nagesh Naradasi. Starring: Apsara RaniAjay Ghosh. Released in: 2024.
Tillu Square,Mallik Ram,Siddhu JonnalagaddaAnupama Parameswaran,2024,Telugu,Movie Title: Tillu Square. Directed by: Mallik Ram. Starring: Siddhu JonnalagaddaAnupama Parameswaran. Released in: 2024.
Bahumukham,HarShiv Karthik,HarShiv KarthikSwarnima SinghMaria Martynova,2024,Telugu,Movie Title: Bahumukham. Directed by: HarShiv Karthik. Starring: HarShiv KarthikSwarnima SinghMaria Martynova. Released in: 2024.
Bharathanatyam,KVR Mahendra,Surya Teja AelayMeenakshi GoswamiViva HarshaHarsha VardhanAjay GhoshMast AliGangavva,2024,Telugu,Movie Title: Bharathanatyam. Directed by: KVR Mahendra. Starring: Surya Teja AelayMeenakshi GoswamiViva HarshaHarsha VardhanAjay GhoshMast AliGangavva. Released in: 2024.
Maya,Ramesh Nani,Ester NoronhaSuresh Kondeti,2024,Telugu,Movie Title: Maya. Directed by: Ramesh Nani. Starring: Ester NoronhaSuresh Kondeti. Released in: 2024.
Lambasingi – A Pure Love Story,Naveen Gandhi,Bharath RajDivi Vadthya,2024,Telugu,Movie Title: Lambasingi – A Pure Love Story. Directed by: Naveen Gandhi. Starring: Bharath RajDivi Vadthya. Released in: 2024.
Faction Leni Seema Katha,Vasu Pannuri,Ramu BVinay ThopuriKhagendra Chitta,2024,Telugu,Movie Title: Faction Leni Seema Katha. Directed by: Vasu Pannuri. Starring: Ramu BVinay ThopuriKhagendra Chitta. Released in: 2024.
Raju Gari Ammayi Naidu Gari Abbayi,Satya Raj,Ravi Teja NunnaNeha JurelNagineedu,2024,Telugu,Movie Title: Raju Gari Ammayi Naidu Gari Abbayi. Directed by: Satya Raj. Starring: Ravi Teja NunnaNeha JurelNagineedu. Released in: 2024.
Sundaram Master,Kalyan Santosh,Harsha ChemuduDivya Sripada,2024,Telugu,Movie Title: Sundaram Master. Directed by: Kalyan Santosh. Starring: Harsha ChemuduDivya Sripada. Released in: 2024.
Thappinchuku Thiruguvadu Dhanyudu Sumathi,Narayana Chenna,Priyadarshi PulikondaM. G. ShyamSrindaManikandan R. AchariNiranjana AnoopBhadram,2024,Telugu,Movie Title: Thappinchuku Thiruguvadu Dhanyudu Sumathi. Directed by: Narayana Chenna. Starring: Priyadarshi PulikondaM. G. ShyamSrindaManikandan R. AchariNiranjana AnoopBhadram. Released in: 2024.
Bhoothaddam Bhaskar Narayana,Purushotham Raaj,Shiva KandukuriRashi SinghArun KumarDevi Prasad,2024,Telugu,Movie Title: Bhoothaddam Bhaskar Narayana. Directed by: Purushotham Raaj. Starring: Shiva KandukuriRashi SinghArun KumarDevi Prasad. Released in: 2024.
Chaari 111,TG Keerthi Kumar,Vennela KishoreMurali SharmaSamyuktha Viswanathan,2024,Telugu,Movie Title: Chaari 111. Directed by: TG Keerthi Kumar. Starring: Vennela KishoreMurali SharmaSamyuktha Viswanathan. Released in: 2024.
Inti No. 13,Panna Royal,Naveed BabuShivangi MehraAnandarajTanikella BharaniPrudhvi RajNellore Sudharshan,2024,Telugu,Movie Title: Inti No. 13. Directed by: Panna Royal. Starring: Naveed BabuShivangi MehraAnandarajTanikella BharaniPrudhvi RajNellore Sudharshan. Released in: 2024.
Maa Oori Raja Reddy,Ravi Basara,NihanVaishnavi Kamble,2024,Telugu,Movie Title: Maa Oori Raja Reddy. Directed by: Ravi Basara. Starring: NihanVaishnavi Kamble. Released in: 2024.
Operation Valentine[β],Shakti Pratap Singh Hada,Varun TejManushi ChhillarMir Sarwar,2024,Telugu,Movie Title: Operation Valentine[β]. Directed by: Shakti Pratap Singh Hada. Starring: Varun TejManushi ChhillarMir Sarwar. Released in: 2024.
Radha Madhavam,Eshaku Dasari,Vinayak DesaiAparna DeviMeka Ramakrishna,2024,Telugu,Movie Title: Radha Madhavam. Directed by: Eshaku Dasari. Starring: Vinayak DesaiAparna DeviMeka Ramakrishna. Released in: 2024.
Premalo Iddaru,Mulagapaka Babu Rao,Veera Anjaneya KumarDivya PalemPalasa Srinu,2024,Telugu,Movie Title: Premalo Iddaru. Directed by: Mulagapaka Babu Rao. Starring: Veera Anjaneya KumarDivya PalemPalasa Srinu. Released in: 2024.
S-99,Jagan Mohan Chindam,Jagan Mohan ChindamSwetaa VarmaDayanand Reddy,2024,Telugu,Movie Title: S-99. Directed by: Jagan Mohan Chindam. Starring: Jagan Mohan ChindamSwetaa VarmaDayanand Reddy. Released in: 2024.
Valari,M Mrithika Santhoshini,Ritika SinghSriramUttejSubbaraju,2024,Telugu,Movie Title: Valari. Directed by: M Mrithika Santhoshini. Starring: Ritika SinghSriramUttejSubbaraju. Released in: 2024.
Babu No.1 Bullshit Guy,Laxman Varma MLR,Arjun KalyanLaxman Varma MLRKushitha KallapuSonali Panigre,2024,Telugu,Movie Title: Babu No.1 Bullshit Guy. Directed by: Laxman Varma MLR. Starring: Arjun KalyanLaxman Varma MLRKushitha KallapuSonali Panigre. Released in: 2024.
Bhimaa,Harsha,GopichandPriya Bhavani ShankarMalvika SharmaNassarVennela KishoreNaresh,2024,Telugu,Movie Title: Bhimaa. Directed by: Harsha. Starring: GopichandPriya Bhavani ShankarMalvika SharmaNassarVennela KishoreNaresh. Released in: 2024.
Bullet,Choudappa,Ravi VarmaSanjana SinghAlok JainManisha Dev,2024,Telugu,Movie Title: Bullet. Directed by: Choudappa. Starring: Ravi VarmaSanjana SinghAlok JainManisha Dev. Released in: 2024.
Gaami,Vidyadhar Kagita,Vishwak SenChandini Chowdary,2024,Telugu,Movie Title: Gaami. Directed by: Vidyadhar Kagita. Starring: Vishwak SenChandini Chowdary. Released in: 2024.
Record Break,Chadalavada Srinivasa Rao,NihaarRaghda IftekharSatya KrishnanChalapathi Rao,2024,Telugu,Movie Title: Record Break. Directed by: Chadalavada Srinivasa Rao. Starring: NihaarRaghda IftekharSatya KrishnanChalapathi Rao. Released in: 2024.
Shapatham,Ram Gopal Varma,Ajmal AmeerManasa RadhakrishnanDhanunjay PrabhuneSurabhi PrabhavatiVasu Inturi,2024,Telugu,Movie Title: Shapatham. Directed by: Ram Gopal Varma. Starring: Ajmal AmeerManasa RadhakrishnanDhanunjay PrabhuneSurabhi PrabhavatiVasu Inturi. Released in: 2024.
We Love Bad Boys,Raju Rajendra Prasad,Ajay KumarRomika SharmaVamsi YakasiriAditya Shashank NeetiRoshni Sahota,2024,Telugu,Movie Title: We Love Bad Boys. Directed by: Raju Rajendra Prasad. Starring: Ajay KumarRomika SharmaVamsi YakasiriAditya Shashank NeetiRoshni Sahota. Released in: 2024.
Vyuham,Ram Gopal Varma,Ajmal AmeerManasa RadhakrishnanDhanunjay PrabhuneSurabhi PrabhavatiVasu Inturi,2024,Telugu,Movie Title: Vyuham. Directed by: Ram Gopal Varma. Starring: Ajmal AmeerManasa RadhakrishnanDhanunjay PrabhuneSurabhi PrabhavatiVasu Inturi. Released in: 2024.
The Family Star,Parasuram,Vijay DeverakondaMrunal Thakur,2024,Telugu,Movie Title: The Family Star. Directed by: Parasuram. Starring: Vijay DeverakondaMrunal Thakur. Released in: 2024.
Bubblegum,Ravikanth Perepu,Roshan KanakalaMaanasa ChoudharyAnu HassanViva Harsha,2023,Telugu,Movie Title: Bubblegum. Directed by: Ravikanth Perepu. Starring: Roshan KanakalaMaanasa ChoudharyAnu HassanViva Harsha. Released in: 2023.
Salaar: Part 1 – Ceasefire,Prashanth Neel,PrabhasPrithviraj SukumaranShruti HaasanJagapathi Babu,2023,Telugu,Movie Title: Salaar: Part 1 – Ceasefire. Directed by: Prashanth Neel. Starring: PrabhasPrithviraj SukumaranShruti HaasanJagapathi Babu. Released in: 2023.
Ashtadigbandhanam,Baba P. R.,Surya Bharath ChandraVishika KotaRanjith NarayanMani Patel,2023,Telugu,Movie Title: Ashtadigbandhanam. Directed by: Baba P. R.. Starring: Surya Bharath ChandraVishika KotaRanjith NarayanMani Patel. Released in: 2023.
Cheater,Barla Narayana,Chandrakanth DuttaRekha NiroshaNarendra Andekar,2023,Telugu,Movie Title: Cheater. Directed by: Barla Narayana. Starring: Chandrakanth DuttaRekha NiroshaNarendra Andekar. Released in: 2023.
Matti Katha,Pavan Kadiyala,Ajay VedMaya MannuBalveer Singh,2023,Telugu,Movie Title: Matti Katha. Directed by: Pavan Kadiyala. Starring: Ajay VedMaya MannuBalveer Singh. Released in: 2023.
Nachinavadu,Laxman Chinna,Laxman ChinnaKavya RameshLalitha Naik,2023,Telugu,Movie Title: Nachinavadu. Directed by: Laxman Chinna. Starring: Laxman ChinnaKavya RameshLalitha Naik. Released in: 2023.
Nelluri Nerajana,Subramanyam Chigurupati,Aqsa KhanJeevaRayala Harischandra,2023,Telugu,Movie Title: Nelluri Nerajana. Directed by: Subramanyam Chigurupati. Starring: Aqsa KhanJeevaRayala Harischandra. Released in: 2023.
Oye Idiot,Venkat Kadali,Yeshwanth YejjavarapuTripti Shankhdhar,2023,Telugu,Movie Title: Oye Idiot. Directed by: Venkat Kadali. Starring: Yeshwanth YejjavarapuTripti Shankhdhar. Released in: 2023.
Rudramkota,Ramu Kona,Anil ArkaVibhisha JaanuAlekhya Gadamboina,2023,Telugu,Movie Title: Rudramkota. Directed by: Ramu Kona. Starring: Anil ArkaVibhisha JaanuAlekhya Gadamboina. Released in: 2023.
Varevva Jathagallu,Satya Saladi,Boddhani Sai PawanVemi Mamatha ReddyPolla PriyankaPosani Krishna Murali,2023,Telugu,Movie Title: Varevva Jathagallu. Directed by: Satya Saladi. Starring: Boddhani Sai PawanVemi Mamatha ReddyPolla PriyankaPosani Krishna Murali. Released in: 2023.
Skanda: The Attacker,Boyapati Srinu,Ram PothineniSree Leela,2023,Telugu,Movie Title: Skanda: The Attacker. Directed by: Boyapati Srinu. Starring: Ram PothineniSree Leela. Released in: 2023.
Peddha Kapu 1,Srikanth Addala,Virat KarrnaPragathi SrivatsavRao RameshTanikella Bharani,2023,Telugu,Movie Title: Peddha Kapu 1. Directed by: Srikanth Addala. Starring: Virat KarrnaPragathi SrivatsavRao RameshTanikella Bharani. Released in: 2023.
GTA (Guns Trance Action),Deepak Sidhanth,Chaithanya PasupuletiHeena RaiSudharshanSrikanth Iyengar,2023,Telugu,Movie Title: GTA (Guns Trance Action). Directed by: Deepak Sidhanth. Starring: Chaithanya PasupuletiHeena RaiSudharshanSrikanth Iyengar. Released in: 2023.
Mama Mascheendra,Harsha Vardhan,Sudheer BabuHarsha VardhanEesha RebbaMirnalini Ravi,2023,Telugu,Movie Title: Mama Mascheendra. Directed by: Harsha Vardhan. Starring: Sudheer BabuHarsha VardhanEesha RebbaMirnalini Ravi. Released in: 2023.
Mad,Kalyan Shankar,Narne NithinSangeeth SobhanRam NithinGouri PriyaAnkithikaGopikaa Udyan,2023,Telugu,Movie Title: Mad. Directed by: Kalyan Shankar. Starring: Narne NithinSangeeth SobhanRam NithinGouri PriyaAnkithikaGopikaa Udyan. Released in: 2023.
Month of Madhu,Srikanth Nagothi,Naveen ChandraSwati ReddyShreya NavileHarsha ChemuduRaja Chembolu,2023,Telugu,Movie Title: Month of Madhu. Directed by: Srikanth Nagothi. Starring: Naveen ChandraSwati ReddyShreya NavileHarsha ChemuduRaja Chembolu. Released in: 2023.
Nene Saroja,Sreeman Gummadavelli,Kaushik BabuSaanvi MeghanaSumanChandra Mohan,2023,Telugu,Movie Title: Nene Saroja. Directed by: Sreeman Gummadavelli. Starring: Kaushik BabuSaanvi MeghanaSumanChandra Mohan. Released in: 2023.
Rules Ranjann,Rathinam Krishna,Kiran AbbavaramNeha ShettyMeher ChahalVennela KishoreSubbaraju,2023,Telugu,Movie Title: Rules Ranjann. Directed by: Rathinam Krishna. Starring: Kiran AbbavaramNeha ShettyMeher ChahalVennela KishoreSubbaraju. Released in: 2023.
Yendira Ee Panchayithi,Gangadhar. T,Bharath BadeVishika LaxmanKasi Vishwanath,2023,Telugu,Movie Title: Yendira Ee Panchayithi. Directed by: Gangadhar. T. Starring: Bharath BadeVishika LaxmanKasi Vishwanath. Released in: 2023.
Sodara Sodarimanulara,Raghupati Reddy,Kamal KamarajuAparna DeviKalakeya Prabhakar,2023,Telugu,Movie Title: Sodara Sodarimanulara. Directed by: Raghupati Reddy. Starring: Kamal KamarajuAparna DeviKalakeya Prabhakar. Released in: 2023.
Ramanna Youth,Abhay Bethiganti,Abhay BethigantiThagubothu RameshAnil Geela,2023,Telugu,Movie Title: Ramanna Youth. Directed by: Abhay Bethiganti. Starring: Abhay BethigantiThagubothu RameshAnil Geela. Released in: 2023.
Changure Bangaru Raja,Sathish Varma,Karthik RathnamGoldie NissyNithya Sree,2023,Telugu,Movie Title: Changure Bangaru Raja. Directed by: Sathish Varma. Starring: Karthik RathnamGoldie NissyNithya Sree. Released in: 2023.
Thurum Khanlu,Nakinamoni Shivakalyan,Shreeram NimmalaPalamuru DevarajIshwarya VullingalaAvinash Chowdary,2023,Telugu,Movie Title: Thurum Khanlu. Directed by: Nakinamoni Shivakalyan. Starring: Shreeram NimmalaPalamuru DevarajIshwarya VullingalaAvinash Chowdary. Released in: 2023.
Mistake,Bharrath Komalapati,Abhinav SardharAjay KathurvarSujith KumarTeja AinampudiKarishma Kumar,2023,Telugu,Movie Title: Mistake. Directed by: Bharrath Komalapati. Starring: Abhinav SardharAjay KathurvarSujith KumarTeja AinampudiKarishma Kumar. Released in: 2023.
Rajugari Kodipulao,Shiva Kona,Shiva KonaNeha DeshpandePrachi ThakerPrabhakar Podakandla,2023,Telugu,Movie Title: Rajugari Kodipulao. Directed by: Shiva Kona. Starring: Shiva KonaNeha DeshpandePrachi ThakerPrabhakar Podakandla. Released in: 2023.
Bhola Shankar,Meher Ramesh,ChiranjeeviTamannaahKeerthy SureshSushanthMurali SharmaRao RameshVennela KishoreShawar AliP. Ravi ShankarRaghu BabuTulasi ShivamaniPragathiSreemukhiBithiri SathiSatya AkkalaRashmi GautamUttej,2023,Telugu,Movie Title: Bhola Shankar. Directed by: Meher Ramesh. Starring: ChiranjeeviTamannaahKeerthy SureshSushanthMurali SharmaRao RameshVennela KishoreShawar AliP. Ravi ShankarRaghu BabuTulasi ShivamaniPragathiSreemukhiBithiri SathiSatya AkkalaRashmi GautamUttej. Released in: 2023.
Ustaad,Phanideep,Sri Simha KoduriKavya KalyanramGautham Vasudev MenonAnu HassanVenkatesh Maha,2023,Telugu,Movie Title: Ustaad. Directed by: Phanideep. Starring: Sri Simha KoduriKavya KalyanramGautham Vasudev MenonAnu HassanVenkatesh Maha. Released in: 2023.
Jilebi,K. Vijaya Bhaskar,Sree KamalShivani RajashekarRajendra PrasadMurli Sharma,2023,Telugu,Movie Title: Jilebi. Directed by: K. Vijaya Bhaskar. Starring: Sree KamalShivani RajashekarRajendra PrasadMurli Sharma. Released in: 2023.
Madhilo Madhi,Prakash Palla,Jai NemukuriSweety SwathiSrinivasa Rao PallaSiri Ravulachari,2023,Telugu,Movie Title: Madhilo Madhi. Directed by: Prakash Palla. Starring: Jai NemukuriSweety SwathiSrinivasa Rao PallaSiri Ravulachari. Released in: 2023.
Mr. Pregnant,Srinivas Vinjanampati,Syed SohelRoopa KoduvayurSuhasini ManiratnamRaja RavindraBrahmaji,2023,Telugu,Movie Title: Mr. Pregnant. Directed by: Srinivas Vinjanampati. Starring: Syed SohelRoopa KoduvayurSuhasini ManiratnamRaja RavindraBrahmaji. Released in: 2023.
Prem Kumar,Abhishek Maharshi,Santosh SobhanRashi SinghKrishna ChaitanyaRuchitha Sadineni,2023,Telugu,Movie Title: Prem Kumar. Directed by: Abhishek Maharshi. Starring: Santosh SobhanRashi SinghKrishna ChaitanyaRuchitha Sadineni. Released in: 2023.
Tantiram,Muthyala Meher Deepak,Srikanth GurramPriyanka SharmaAvinash Yelandur,2023,Telugu,Movie Title: Tantiram. Directed by: Muthyala Meher Deepak. Starring: Srikanth GurramPriyanka SharmaAvinash Yelandur. Released in: 2023.
Bedurulanka 2012,Clax,Kartikeya GummakondaNeha ShettyAjay GhoshVennela Kishore,2023,Telugu,Movie Title: Bedurulanka 2012. Directed by: Clax. Starring: Kartikeya GummakondaNeha ShettyAjay GhoshVennela Kishore. Released in: 2023.
Em Chesthunnav?,Bharath Mithra,Vijay RajkumarNeha PathanAmitha RanganathAamaniRajiv Kanakala,2023,Telugu,Movie Title: Em Chesthunnav?. Directed by: Bharath Mithra. Starring: Vijay RajkumarNeha PathanAmitha RanganathAamaniRajiv Kanakala. Released in: 2023.
Gandeevadhari Arjuna,Praveen Sattaru,Varun TejSakshi VaidyaVinay RaiVimala RamanNarein,2023,Telugu,Movie Title: Gandeevadhari Arjuna. Directed by: Praveen Sattaru. Starring: Varun TejSakshi VaidyaVinay RaiVimala RamanNarein. Released in: 2023.
Nene Naa,Caarthick Raju,Regina CassandraAkshara GowdaVennela Kishore,2023,Telugu,Movie Title: Nene Naa. Directed by: Caarthick Raju. Starring: Regina CassandraAkshara GowdaVennela Kishore. Released in: 2023.
Rent (Not For Sale),Raguvardhan Reddy,Amit TiwariVanitha ReddyManisha JashnaniBhel Prasad,2023,Telugu,Movie Title: Rent (Not For Sale). Directed by: Raguvardhan Reddy. Starring: Amit TiwariVanitha ReddyManisha JashnaniBhel Prasad. Released in: 2023.
Kushi,Shiva Nirvana,Vijay DeverakondaSamanthaMurali SharmaVennela KishoreRahul RamakrishnaPujita PonnadaAliRohiniSharanya Pradeep,2023,Telugu,Movie Title: Kushi. Directed by: Shiva Nirvana. Starring: Vijay DeverakondaSamanthaMurali SharmaVennela KishoreRahul RamakrishnaPujita PonnadaAliRohiniSharanya Pradeep. Released in: 2023.
Prema Deshapu Yuvarani,Sai Suneel Nimmala,Yamin RaazViraat KarthikPriyanka Rewri,2023,Telugu,Movie Title: Prema Deshapu Yuvarani. Directed by: Sai Suneel Nimmala. Starring: Yamin RaazViraat KarthikPriyanka Rewri. Released in: 2023.
Miss Shetty Mr Polishetty,Mahesh Babu P.,Naveen PolishettyAnushka ShettyMurali SharmaNasserJayasudha,2023,Telugu,Movie Title: Miss Shetty Mr Polishetty. Directed by: Mahesh Babu P.. Starring: Naveen PolishettyAnushka ShettyMurali SharmaNasserJayasudha. Released in: 2023.
Govindaa Bhaja Govindaa,Surya Karthikeya,Surya TejaPriya SrinivasKamal Teja Narla,2023,Telugu,Movie Title: Govindaa Bhaja Govindaa. Directed by: Surya Karthikeya. Starring: Surya TejaPriya SrinivasKamal Teja Narla. Released in: 2023.
Daksha,Vivekananda Vikranth,Thallada SaikrishnaAayush TejasKota NakshatraAyra Anu,2023,Telugu,Movie Title: Daksha. Directed by: Vivekananda Vikranth. Starring: Thallada SaikrishnaAayush TejasKota NakshatraAyra Anu. Released in: 2023.
Badmash Gallaki Bumper Offer,Ravi Chavali,Santhosh KalwacherlaIndrasenaPragya NayanNaveena Reddy,2023,Telugu,Movie Title: Badmash Gallaki Bumper Offer. Directed by: Ravi Chavali. Starring: Santhosh KalwacherlaIndrasenaPragya NayanNaveena Reddy. Released in: 2023.
Bhagavanth Kesari,Anil Ravipudi,Nandamuri BalakrishnaKajal AggarwalSree LeelaArjun Rampal,2023,Telugu,Movie Title: Bhagavanth Kesari. Directed by: Anil Ravipudi. Starring: Nandamuri BalakrishnaKajal AggarwalSree LeelaArjun Rampal. Released in: 2023.
Krishna Rama,Raj Madiraju,Rajendra PrasadGautamiAnanya Sharma Ongram,2023,Telugu,Movie Title: Krishna Rama. Directed by: Raj Madiraju. Starring: Rajendra PrasadGautamiAnanya Sharma Ongram. Released in: 2023.
The Trial,Raam Ganni,Spandana PalliVamsi KotuYug Ram,2023,Telugu,Movie Title: The Trial. Directed by: Raam Ganni. Starring: Spandana PalliVamsi KotuYug Ram. Released in: 2023.
Atharva,Mahesh Reddy,Karthik RajuSimran ChoudharyKabir Duhan Singh,2023,Telugu,Movie Title: Atharva. Directed by: Mahesh Reddy. Starring: Karthik RajuSimran ChoudharyKabir Duhan Singh. Released in: 2023.
Calling Sahasra,Arun Vikkirala,Sudigali SudheerDollyshaSpandana PalliSiva Balaji,2023,Telugu,Movie Title: Calling Sahasra. Directed by: Arun Vikkirala. Starring: Sudigali SudheerDollyshaSpandana PalliSiva Balaji. Released in: 2023.
Palle Gootiki Pandagocchindhi,Tirumalarao Kancharana,Rohit KrishnaNikita BishtSumanSaikumar Pudipeddi,2023,Telugu,Movie Title: Palle Gootiki Pandagocchindhi. Directed by: Tirumalarao Kancharana. Starring: Rohit KrishnaNikita BishtSumanSaikumar Pudipeddi. Released in: 2023.
Upendra Gadi Adda,Aryan Subhan Shaik,Upendra KancharlaSavithri KrishnaKireeti Damaraju,2023,Telugu,Movie Title: Upendra Gadi Adda. Directed by: Aryan Subhan Shaik. Starring: Upendra KancharlaSavithri KrishnaKireeti Damaraju. Released in: 2023.
Breathe,Vamsi Krishna Akella,Nandamuri Chaitanya KrishnaVaidika Senjaliya,2023,Telugu,Movie Title: Breathe. Directed by: Vamsi Krishna Akella. Starring: Nandamuri Chaitanya KrishnaVaidika Senjaliya. Released in: 2023.
Hi Nanna,Shouryuv,NaniMrunal ThakurShruti Haasan,2023,Telugu,Movie Title: Hi Nanna. Directed by: Shouryuv. Starring: NaniMrunal ThakurShruti Haasan. Released in: 2023.
Extra Ordinary Man,Vakkantham Vamsi,NithiinSreeleelaRajasekharRao RameshBrahmaji,2023,Telugu,Movie Title: Extra Ordinary Man. Directed by: Vakkantham Vamsi. Starring: NithiinSreeleelaRajasekharRao RameshBrahmaji. Released in: 2023.
#MayaLo,Megha Mithra Pervar,Naresh AgastyaBhavana VazhapandalGnaneswari Kandregula,2023,Telugu,Movie Title: #MayaLo. Directed by: Megha Mithra Pervar. Starring: Naresh AgastyaBhavana VazhapandalGnaneswari Kandregula. Released in: 2023.
Che Long Live,BR Sabawat Naik,Sabavat BalarajuSameera Lavanya,2023,Telugu,Movie Title: Che Long Live. Directed by: BR Sabawat Naik. Starring: Sabavat BalarajuSameera Lavanya. Released in: 2023.
Dalari,Gopal Reddy Kachidi,Rajiv KanakalaShakalaka ShankarAqsa KhanShritej,2023,Telugu,Movie Title: Dalari. Directed by: Gopal Reddy Kachidi. Starring: Rajiv KanakalaShakalaka ShankarAqsa KhanShritej. Released in: 2023.
Jorugaa Husharugaa,Anu Prasad,Viraj AshwinPujita PonnadaSiri HanumanthSaikumar Pudipeddi,2023,Telugu,Movie Title: Jorugaa Husharugaa. Directed by: Anu Prasad. Starring: Viraj AshwinPujita PonnadaSiri HanumanthSaikumar Pudipeddi. Released in: 2023.
Kalasa: The Symbol of Abundance,Konda Rambabu,Anuraag RajputSonakshi VarmaBhanu ShreeRoshini Kamisetty,2023,Telugu,Movie Title: Kalasa: The Symbol of Abundance. Directed by: Konda Rambabu. Starring: Anuraag RajputSonakshi VarmaBhanu ShreeRoshini Kamisetty. Released in: 2023.
Pindam,Sai Kiran Daida,SriramKushee RaviEaswari RaoSrinivas Avasarala,2023,Telugu,Movie Title: Pindam. Directed by: Sai Kiran Daida. Starring: SriramKushee RaviEaswari RaoSrinivas Avasarala. Released in: 2023.
Thika Maka Thanda,Venkat Mallam,Hari Krishna TirupathiRama Krishna TirupathiRekha NiroshaAnnie Zibi,2023,Telugu,Movie Title: Thika Maka Thanda. Directed by: Venkat Mallam. Starring: Hari Krishna TirupathiRama Krishna TirupathiRekha NiroshaAnnie Zibi. Released in: 2023.
Sakhi,Johnny Basha,Lokesh MuthumulaDeepika VemireddyDivya Kanthi,2023,Telugu,Movie Title: Sakhi. Directed by: Johnny Basha. Starring: Lokesh MuthumulaDeepika VemireddyDivya Kanthi. Released in: 2023.
Shantala,Seshu Babu Peddireddy,Nihal KodhatyAshlesha ThakurVinod Kumar,2023,Telugu,Movie Title: Shantala. Directed by: Seshu Babu Peddireddy. Starring: Nihal KodhatyAshlesha ThakurVinod Kumar. Released in: 2023.
Sound Party,Sanjay Sheri,VJ SunnyHrithika SrinivasSivannarayana Naripeddi,2023,Telugu,Movie Title: Sound Party. Directed by: Sanjay Sheri. Starring: VJ SunnyHrithika SrinivasSivannarayana Naripeddi. Released in: 2023.
Perfume,Jaligapu Durga Swamy,Che NagPrachi ThakerMeghraj RavindraAbhinaya,2023,Telugu,Movie Title: Perfume. Directed by: Jaligapu Durga Swamy. Starring: Che NagPrachi ThakerMeghraj RavindraAbhinaya. Released in: 2023.
Madhave Madhusudhana,Bommadevara Ramachandra Rao,Tej BommadevaraRishika LokreJayaprakashNaveen Neni,2023,Telugu,Movie Title: Madhave Madhusudhana. Directed by: Bommadevara Ramachandra Rao. Starring: Tej BommadevaraRishika LokreJayaprakashNaveen Neni. Released in: 2023.
Kota Bommali PS,Teja Marni,SrikanthVaralaxmi SarathkumarRahul VijayShivani Rajashekar,2023,Telugu,Movie Title: Kota Bommali PS. Directed by: Teja Marni. Starring: SrikanthVaralaxmi SarathkumarRahul VijayShivani Rajashekar. Released in: 2023.
Anukunnavanni Jaragavu Konni,Gundluru Sandeep,Shreeram NimmalaKalapala MounikaSaikumar Babloo,2023,Telugu,Movie Title: Anukunnavanni Jaragavu Konni. Directed by: Gundluru Sandeep. Starring: Shreeram NimmalaKalapala MounikaSaikumar Babloo. Released in: 2023.
Drohi - The Criminal,Vijay Das Pendurty,Sandeep BoddapatiDeepthi VarmaShakalaka Shankar,2023,Telugu,Movie Title: Drohi - The Criminal. Directed by: Vijay Das Pendurty. Starring: Sandeep BoddapatiDeepthi VarmaShakalaka Shankar. Released in: 2023.
Keedaa Cola,Tharun Bhascker,Rag MayurRavindra VijayBrahmanandam,2023,Telugu,Movie Title: Keedaa Cola. Directed by: Tharun Bhascker. Starring: Rag MayurRavindra VijayBrahmanandam. Released in: 2023.
Krishna Ghattam,Suresh Palla,ChaitanyaVinay NallakadiSasha SinghMaya Nelluri,2023,Telugu,Movie Title: Krishna Ghattam. Directed by: Suresh Palla. Starring: ChaitanyaVinay NallakadiSasha SinghMaya Nelluri. Released in: 2023.
Maa Oori Polimera 2,Anil Vishwanath,Satyam RajeshKamakshi BhaskarlaBaladitya,2023,Telugu,Movie Title: Maa Oori Polimera 2. Directed by: Anil Vishwanath. Starring: Satyam RajeshKamakshi BhaskarlaBaladitya. Released in: 2023.
Midnight Killers,Raju Shetty Boyana,Ravikumar JarupulaBommidi DhanashreeAduri Durga Mohan,2023,Telugu,Movie Title: Midnight Killers. Directed by: Raju Shetty Boyana. Starring: Ravikumar JarupulaBommidi DhanashreeAduri Durga Mohan. Released in: 2023.
Narakasura,Sebastian Noah Acosta Jr.,Rakshit AtluriAparna JanardhanNassarCharan Raj,2023,Telugu,Movie Title: Narakasura. Directed by: Sebastian Noah Acosta Jr.. Starring: Rakshit AtluriAparna JanardhanNassarCharan Raj. Released in: 2023.
Okkasari Preminchaka,Srikanth Aerolla,Bunny YadavAshok PawarSiri Nagireddy,2023,Telugu,Movie Title: Okkasari Preminchaka. Directed by: Srikanth Aerolla. Starring: Bunny YadavAshok PawarSiri Nagireddy. Released in: 2023.
Tiger Nageswara Rao,Vamsee,Ravi TejaAnupam KherJisshu SenguptaNupur Sanon,2023,Telugu,Movie Title: Tiger Nageswara Rao. Directed by: Vamsee. Starring: Ravi TejaAnupam KherJisshu SenguptaNupur Sanon. Released in: 2023.
Plot,Bhanu Bhava Tharaka,Vikas MuppalaGayatri GuptaSanthosh Nadivada,2023,Telugu,Movie Title: Plot. Directed by: Bhanu Bhava Tharaka. Starring: Vikas MuppalaGayatri GuptaSanthosh Nadivada. Released in: 2023.
Ala Ninnu Cheri,Maresh Shivan,Dinesh TejPayal RadhakrishnanHebah Patel,2023,Telugu,Movie Title: Ala Ninnu Cheri. Directed by: Maresh Shivan. Starring: Dinesh TejPayal RadhakrishnanHebah Patel. Released in: 2023.
Anveshi,V J Khanna,Vijay DharanAnanya NagallaSimran Gupta,2023,Telugu,Movie Title: Anveshi. Directed by: V J Khanna. Starring: Vijay DharanAnanya NagallaSimran Gupta. Released in: 2023.
Janam,Venkataramana Pasupuleti,SumanPragnya NayanAjay Ghosh,2023,Telugu,Movie Title: Janam. Directed by: Venkataramana Pasupuleti. Starring: SumanPragnya NayanAjay Ghosh. Released in: 2023.
Mangalavaaram,Ajay Bhupathi,Payal RajputNandita SwethaDivya PillaiRavindra Vijay,2023,Telugu,Movie Title: Mangalavaaram. Directed by: Ajay Bhupathi. Starring: Payal RajputNandita SwethaDivya PillaiRavindra Vijay. Released in: 2023.
My Name Is Shruthi,Srinivas Omkar,Hansika MotwaniMurli SharmaAadukalam NarenPooja RamachandranPrema,2023,Telugu,Movie Title: My Name Is Shruthi. Directed by: Srinivas Omkar. Starring: Hansika MotwaniMurli SharmaAadukalam NarenPooja RamachandranPrema. Released in: 2023.
Spark L.I.F.E,Vikranth Reddy,Vikranth ReddyMehreen PirzadaRukshar Dhillon,2023,Telugu,Movie Title: Spark L.I.F.E. Directed by: Vikranth Reddy. Starring: Vikranth ReddyMehreen PirzadaRukshar Dhillon. Released in: 2023.
Ye Chota Nuvvunna,Pasalapudi Satti Venkata,Prashanth GuravanaAmbika MulthaniMadhukar Medapati,2023,Telugu,Movie Title: Ye Chota Nuvvunna. Directed by: Pasalapudi Satti Venkata. Starring: Prashanth GuravanaAmbika MulthaniMadhukar Medapati. Released in: 2023.
Aadikeshava,Srikanth N. Reddy,Panja Vaisshnav TejSreeleelaAparna DasJoju GeorgeSadha,2023,Telugu,Movie Title: Aadikeshava. Directed by: Srikanth N. Reddy. Starring: Panja Vaisshnav TejSreeleelaAparna DasJoju GeorgeSadha. Released in: 2023.
Vidhi,Srikanth Ranganathan,Rohit NandaAnandhiMahesh Achanta,2023,Telugu,Movie Title: Vidhi. Directed by: Srikanth Ranganathan. Starring: Rohit NandaAnandhiMahesh Achanta. Released in: 2023.
Geethanjali Malli Vachindi,Shiva Turlapati,AnjaliSrinivasa ReddySatyam RajeshSatyaShakalaka ShankarSunilAli,2024,Telugu,Movie Title: Geethanjali Malli Vachindi. Directed by: Shiva Turlapati. Starring: AnjaliSrinivasa ReddySatyam RajeshSatyaShakalaka ShankarSunilAli. Released in: 2024.
Sriranga Neethulu,Praveen Kumar VSS,SuhasRuhani SharmaKarthik RathnamViraj Ashwin,2024,Telugu,Movie Title: Sriranga Neethulu. Directed by: Praveen Kumar VSS. Starring: SuhasRuhani SharmaKarthik RathnamViraj Ashwin. Released in: 2024.
Mercy Killing,Venkatramana Surapalli,ParvateesamP. Sai KumarAishwarya VullingalaHarika PedadaSurya,2024,Telugu,Movie Title: Mercy Killing. Directed by: Venkatramana Surapalli. Starring: ParvateesamP. Sai KumarAishwarya VullingalaHarika PedadaSurya. Released in: 2024.
Mathu Vadalara 2,Ritesh Rana,Sri Simha KoduriSatyaVennela KishoreSunilFaria Abdullah,2024,Telugu,Movie Title: Mathu Vadalara 2. Directed by: Ritesh Rana. Starring: Sri Simha KoduriSatyaVennela KishoreSunilFaria Abdullah. Released in: 2024.
Utsavam,Arjun Sai,Dilip PrakashRegina CassandraRajendra PrasadPrakash RajBrahmanandam,2024,Telugu,Movie Title: Utsavam. Directed by: Arjun Sai. Starring: Dilip PrakashRegina CassandraRajendra PrasadPrakash RajBrahmanandam. Released in: 2024.
LifeStories,Ujjwal Kashyap,Satya KethineediShalini KondepudiDeviyani SharmaM. Vivan JainLakshmi SunkaraRaju Gollapall,2024,Telugu,Movie Title: LifeStories. Directed by: Ujjwal Kashyap. Starring: Satya KethineediShalini KondepudiDeviyani SharmaM. Vivan JainLakshmi SunkaraRaju Gollapall. Released in: 2024.
100 Crores,Virat Chakravarthy,Chetan KumarRahul HaridasAmy AelaSakshi ChaudharyAishwarya Raj BhakuniAnthra RautSameer Hasan,2024,Telugu,Movie Title: 100 Crores. Directed by: Virat Chakravarthy. Starring: Chetan KumarRahul HaridasAmy AelaSakshi ChaudharyAishwarya Raj BhakuniAnthra RautSameer Hasan. Released in: 2024.
Gorre Puranam,Bobby Varma,SuhasPosani Krishna MuraliRaghu Karumanchi,2024,Telugu,Movie Title: Gorre Puranam. Directed by: Bobby Varma. Starring: SuhasPosani Krishna MuraliRaghu Karumanchi. Released in: 2024.
Hide N Seek,Basireddy Rana,Viswant DuddumpudiShilpa ManjunathRhea SachdevaTejaswini NaiduSumanth Verella,2024,Telugu,Movie Title: Hide N Seek. Directed by: Basireddy Rana. Starring: Viswant DuddumpudiShilpa ManjunathRhea SachdevaTejaswini NaiduSumanth Verella. Released in: 2024.
Manyam Dheerudu,Naresh Dekkala,RVV SatyanarayanaR Parvathi DeviR Pavan Ram KumarJabardasth Appa RaoPeela Sattipandu,2024,Telugu,Movie Title: Manyam Dheerudu. Directed by: Naresh Dekkala. Starring: RVV SatyanarayanaR Parvathi DeviR Pavan Ram KumarJabardasth Appa RaoPeela Sattipandu. Released in: 2024.
Pailam Pilaga,Anand Gurram,Sai Teja KalvakotaPavani KaranamMirchi KiranDubbing Janaki,2024,Telugu,Movie Title: Pailam Pilaga. Directed by: Anand Gurram. Starring: Sai Teja KalvakotaPavani KaranamMirchi KiranDubbing Janaki. Released in: 2024.
Devara: Part 1,Koratala Siva,N. T. Rama Rao Jr.Saif Ali KhanJanhvi KapoorPrakash Raj,2024,Telugu,Movie Title: Devara: Part 1. Directed by: Koratala Siva. Starring: N. T. Rama Rao Jr.Saif Ali KhanJanhvi KapoorPrakash Raj. Released in: 2024.
Chitti Potti,Bhaskar Yadav Dasari,Ram MittakantiPavithra AnandAkkala Kashvi,2024,Telugu,Movie Title: Chitti Potti. Directed by: Bhaskar Yadav Dasari. Starring: Ram MittakantiPavithra AnandAkkala Kashvi. Released in: 2024.
Bahirbhoomi,Ramprasad Konduru,Noel SeanRishita NelloreGarima Singh SatendraChitram SrinuJabardasth Phani,2024,Telugu,Movie Title: Bahirbhoomi. Directed by: Ramprasad Konduru. Starring: Noel SeanRishita NelloreGarima Singh SatendraChitram SrinuJabardasth Phani. Released in: 2024.
Balu Gani Talkies,Vishwanath Prathap,Shivakumar RamachandravarapuSaranya SharmaRaghu Kunche,2024,Telugu,Movie Title: Balu Gani Talkies. Directed by: Vishwanath Prathap. Starring: Shivakumar RamachandravarapuSaranya SharmaRaghu Kunche. Released in: 2024.
Dhakshina,Osho Tulasiram,Sai DhanshikaRishav BasuSneha SinghKaruna BhushanMeghana Chowdary,2024,Telugu,Movie Title: Dhakshina. Directed by: Osho Tulasiram. Starring: Sai DhanshikaRishav BasuSneha SinghKaruna BhushanMeghana Chowdary. Released in: 2024.
Kali,Siva Sashu,Prince CecilNaresh AgastyaNeha KrishnanGautam RajuGundu Sudarshan,2024,Telugu,Movie Title: Kali. Directed by: Siva Sashu. Starring: Prince CecilNaresh AgastyaNeha KrishnanGautam RajuGundu Sudarshan. Released in: 2024.
Mr. Celebrity,Chandina Ravi Kishore,Varalaxmi SarathkumarSudarshan ParuchuriSri DeekshaNassarRaghu BabuSaptagiri,2024,Telugu,Movie Title: Mr. Celebrity. Directed by: Chandina Ravi Kishore. Starring: Varalaxmi SarathkumarSudarshan ParuchuriSri DeekshaNassarRaghu BabuSaptagiri. Released in: 2024.
Ramnagar Bunny,Srinivas Mahath,ChandrahassRicha JoshiVismaya SriAmbika VaniRithu Manthra,2024,Telugu,Movie Title: Ramnagar Bunny. Directed by: Srinivas Mahath. Starring: ChandrahassRicha JoshiVismaya SriAmbika VaniRithu Manthra. Released in: 2024.
Swag,Hasith Goli,Sree VishnuRitu VarmaMeera JasmineDaksha NagarkarSunilRavi BabuGetup Srinu,2024,Telugu,Movie Title: Swag. Directed by: Hasith Goli. Starring: Sree VishnuRitu VarmaMeera JasmineDaksha NagarkarSunilRavi BabuGetup Srinu. Released in: 2024.
Kalinga,Dhruva Vaayu,Dhruva VaayuPragya NayanAadukalam NarenLaxman MeesalaTanikella Bharani,2024,Telugu,Movie Title: Kalinga. Directed by: Dhruva Vaayu. Starring: Dhruva VaayuPragya NayanAadukalam NarenLaxman MeesalaTanikella Bharani. Released in: 2024.
Bhale Unnade,J Sivasai Vardhan,Raj TarunManisha KandkurSingeetam Srinivasa RaoAbhirami GopikumarVTV GaneshHyper Aadi,2024,Telugu,Movie Title: Bhale Unnade. Directed by: J Sivasai Vardhan. Starring: Raj TarunManisha KandkurSingeetam Srinivasa RaoAbhirami GopikumarVTV GaneshHyper Aadi. Released in: 2024.
Uruku Patela,Vivek Reddy,Tejus KancherlaKhushboo ChoudaryGoparaju RamanaChakrapani AnandaUma Maheshwar Rao Inabathi,2024,Telugu,Movie Title: Uruku Patela. Directed by: Vivek Reddy. Starring: Tejus KancherlaKhushboo ChoudaryGoparaju RamanaChakrapani AnandaUma Maheshwar Rao Inabathi. Released in: 2024.
Speed 220,Harsha Bejagam,Ganesh KollaHemanth Reddy MallidiPreetei Sundar Kumar BajrangJahnavi SharmaMahendranath ThtikondaChakrapani Ananda,2024,Telugu,Movie Title: Speed 220. Directed by: Harsha Bejagam. Starring: Ganesh KollaHemanth Reddy MallidiPreetei Sundar Kumar BajrangJahnavi SharmaMahendranath ThtikondaChakrapani Ananda. Released in: 2024.
EVOL,Ram Yogi Velagapudi,Shivakumar RamachandravarapuSurya SrinivasJenifer EmmanuelDivya Sharma,2024,Telugu,Movie Title: EVOL. Directed by: Ram Yogi Velagapudi. Starring: Shivakumar RamachandravarapuSurya SrinivasJenifer EmmanuelDivya Sharma. Released in: 2024.
Mr. Bachchan,Harish Shankar,Ravi TejaBhagyashri BorseJagapathi BabuSachin Khedekar,2024,Telugu,Movie Title: Mr. Bachchan. Directed by: Harish Shankar. Starring: Ravi TejaBhagyashri BorseJagapathi BabuSachin Khedekar. Released in: 2024.
Aay,Anji K Maniputhra,Narne NithiinNayan SarikaAnkith KoyyaRajkumar Kasireddy,2024,Telugu,Movie Title: Aay. Directed by: Anji K Maniputhra. Starring: Narne NithiinNayan SarikaAnkith KoyyaRajkumar Kasireddy. Released in: 2024.
Parakramam,Bandi Saroj Kumar,Bandi Saroj KumarSruthi SamanviNaga Lakshmi YellagulaNikhil GopuMohan Senapati,2024,Telugu,Movie Title: Parakramam. Directed by: Bandi Saroj Kumar. Starring: Bandi Saroj KumarSruthi SamanviNaga Lakshmi YellagulaNikhil GopuMohan Senapati. Released in: 2024.
Brahmmavaram P.S. Paridhilo,Imran Sastry,Sravanthi BellamkondaGuruSurya SrinivasJeeva,2024,Telugu,Movie Title: Brahmmavaram P.S. Paridhilo. Directed by: Imran Sastry. Starring: Sravanthi BellamkondaGuruSurya SrinivasJeeva. Released in: 2024.
Maruthi Nagar Subramanyam,Lakshman Karya,Rao RameshAnkith KoyyaIndrajaRamya PasupuletiHarsha Vardhan,2024,Telugu,Movie Title: Maruthi Nagar Subramanyam. Directed by: Lakshman Karya. Starring: Rao RameshAnkith KoyyaIndrajaRamya PasupuletiHarsha Vardhan. Released in: 2024.
Revu,Harinath Puli,Vamsi Ram PendyalaSwathi BheemireddyAjay Nidadavolu,2024,Telugu,Movie Title: Revu. Directed by: Harinath Puli. Starring: Vamsi Ram PendyalaSwathi BheemireddyAjay Nidadavolu. Released in: 2024.
R. K. Puramlo?,Srikar Prasad Katta,Ravi Kiran GubbalaTrishala IndnaniRaksha Gowda,2024,Telugu,Movie Title: R. K. Puramlo?. Directed by: Srikar Prasad Katta. Starring: Ravi Kiran GubbalaTrishala IndnaniRaksha Gowda. Released in: 2024.
Maa Nanna Superhero,Abhilash Reddy,Sudheer BabuSai ChandSayaji Shinde,2024,Telugu,Movie Title: Maa Nanna Superhero. Directed by: Abhilash Reddy. Starring: Sudheer BabuSai ChandSayaji Shinde. Released in: 2024.
Wedding Diaries,Venkataramana Midde,Arjun AmbatiChandini Tamilarasan,2024,Telugu,Movie Title: Wedding Diaries. Directed by: Venkataramana Midde. Starring: Arjun AmbatiChandini Tamilarasan. Released in: 2024.
Saripodhaa Sanivaaram,Vivek Athreya,NaniS. J. SuryahPriyanka Mohan,2024,Telugu,Movie Title: Saripodhaa Sanivaaram. Directed by: Vivek Athreya. Starring: NaniS. J. SuryahPriyanka Mohan. Released in: 2024.
Kaalam Raasina Kathalu,MNV Sagar,MNV SagarViharika ChowdaryHaanvika SrinivasShruthi ShankarSanthosh Sridhar,2024,Telugu,Movie Title: Kaalam Raasina Kathalu. Directed by: MNV Sagar. Starring: MNV SagarViharika ChowdaryHaanvika SrinivasShruthi ShankarSanthosh Sridhar. Released in: 2024.
Aho Vikramaarka,Peta Trikoti,Dev GillPravin TardeChitra ShuklaTejaswini Pandit,2024,Telugu,Movie Title: Aho Vikramaarka. Directed by: Peta Trikoti. Starring: Dev GillPravin TardeChitra ShuklaTejaswini Pandit. Released in: 2024.
Kaveri,Rajesh Nellore,Shaik AllaBakashuFaizel AhmedRishita NelloreKhushi YadavGujjala Sudheer ReddyPrashanth Kumar Reddy Duvvuru,2024,Telugu,Movie Title: Kaveri. Directed by: Rajesh Nellore. Starring: Shaik AllaBakashuFaizel AhmedRishita NelloreKhushi YadavGujjala Sudheer ReddyPrashanth Kumar Reddy Duvvuru. Released in: 2024.
Nenu-Keerthana,Chimata Ramesh Babu,Chimata Ramesh BabuRisitha NelloreMeghana VadegharShruthi ShankarSandhya KundenaRenu PriyaJeeva,2024,Telugu,Movie Title: Nenu-Keerthana. Directed by: Chimata Ramesh Babu. Starring: Chimata Ramesh BabuRisitha NelloreMeghana VadegharShruthi ShankarSandhya KundenaRenu PriyaJeeva. Released in: 2024.
Seetharam Sitralu,D. Naga Sasidhar Reddy,Lakshmana Murthy RatanaAkella RaghavendraSandeep VaranasiBramarambika TutikaKishori Dhatrak,2024,Telugu,Movie Title: Seetharam Sitralu. Directed by: D. Naga Sasidhar Reddy. Starring: Lakshmana Murthy RatanaAkella RaghavendraSandeep VaranasiBramarambika TutikaKishori Dhatrak. Released in: 2024.
SI Kodandapani,Makka Srinu,Makka SrinuSurekha RathodDil Ramesh,2024,Telugu,Movie Title: SI Kodandapani. Directed by: Makka Srinu. Starring: Makka SrinuSurekha RathodDil Ramesh. Released in: 2024.
35 Chinna Katha Kaadu,Nanda Kishore Emani,Nivetha ThomasArundev PothulaVishwadev RachakondaPriyadarshi,2024,Telugu,Movie Title: 35 Chinna Katha Kaadu. Directed by: Nanda Kishore Emani. Starring: Nivetha ThomasArundev PothulaVishwadev RachakondaPriyadarshi. Released in: 2024.
Yagna,Chittajallu Prasad,Pradeep ReddySiva NaiduGoa JyotiSuman ShettyJabardasth ApparaoChitti Babu,2024,Telugu,Movie Title: Yagna. Directed by: Chittajallu Prasad. Starring: Pradeep ReddySiva NaiduGoa JyotiSuman ShettyJabardasth ApparaoChitti Babu. Released in: 2024.
Double iSmart,Puri Jagannadh,Ram PothineniSanjay Dutt,2024,Telugu,Movie Title: Double iSmart. Directed by: Puri Jagannadh. Starring: Ram PothineniSanjay Dutt. Released in: 2024.
Viswam,Srinu Vaitla,GopichandKavya ThaparVennela KishoreSunilNaresh,2024,Telugu,Movie Title: Viswam. Directed by: Srinu Vaitla. Starring: GopichandKavya ThaparVennela KishoreSunilNaresh. Released in: 2024.
1980 Lo Radhekrishna,Ismail Shaik,SS SaiduluBramarambika TutikaArpitha Lohi,2024,Telugu,Movie Title: 1980 Lo Radhekrishna. Directed by: Ismail Shaik. Starring: SS SaiduluBramarambika TutikaArpitha Lohi. Released in: 2024.
Vanchana,Umamahesh Marpu,Umamahesh MarpuSony ReddySurya Kumar BhagvandasRK NaiduDiwakar Vankayala,2024,Telugu,Movie Title: Vanchana. Directed by: Umamahesh Marpu. Starring: Umamahesh MarpuSony ReddySurya Kumar BhagvandasRK NaiduDiwakar Vankayala. Released in: 2024.
Matka,Karuna Kumar,Varun TejMeenakshi ChaudharyNora FatehiNaveen ChandraAjay Ghosh,2024,Telugu,Movie Title: Matka. Directed by: Karuna Kumar. Starring: Varun TejMeenakshi ChaudharyNora FatehiNaveen ChandraAjay Ghosh. Released in: 2024.
Cinema Pichodu,Kumar Swamy,Kumar SwamySavithri KrishnaJyothi ChowdaryJoshith YennetiKittayya S,2024,Telugu,Movie Title: Cinema Pichodu. Directed by: Kumar Swamy. Starring: Kumar SwamySavithri KrishnaJyothi ChowdaryJoshith YennetiKittayya S. Released in: 2024.
Devaki Nandana Vasudeva,Arjun Jandyala,Ashok GallaManasa VaranasiDevdatta Nage,2024,Telugu,Movie Title: Devaki Nandana Vasudeva. Directed by: Arjun Jandyala. Starring: Ashok GallaManasa VaranasiDevdatta Nage. Released in: 2024.
Kalama E Kannillenduke,Kotha Parsharamulu,Vijay Babu JarabalaVarenya Karan,2024,Telugu,Movie Title: Kalama E Kannillenduke. Directed by: Kotha Parsharamulu. Starring: Vijay Babu JarabalaVarenya Karan. Released in: 2024.
Kanakamahalakshmi,Kamalakar Rao Ponnapalli,Subha RajeswariKiran NukireddyAnil NeredimilAravinda Agarwal,2024,Telugu,Movie Title: Kanakamahalakshmi. Directed by: Kamalakar Rao Ponnapalli. Starring: Subha RajeswariKiran NukireddyAnil NeredimilAravinda Agarwal. Released in: 2024.
Keshava Chandra Ramavath,Garudavega Anji,Rocking RakeshAnnanya KrishnanTanikella BharaniDhanrajLohit Kumar,2024,Telugu,Movie Title: Keshava Chandra Ramavath. Directed by: Garudavega Anji. Starring: Rocking RakeshAnnanya KrishnanTanikella BharaniDhanrajLohit Kumar. Released in: 2024.
Mechanic Rocky,Ravi Teja Mullapudi,Vishwak SenShraddha SrinathMeenakshi ChaudharySunilNaresh,2024,Telugu,Movie Title: Mechanic Rocky. Directed by: Ravi Teja Mullapudi. Starring: Vishwak SenShraddha SrinathMeenakshi ChaudharySunilNaresh. Released in: 2024.
Zebra,Eashvar Karthic,SatyadevDhananjayaPriya Bhavani ShankarSatya AkkalaSathyaraj,2024,Telugu,Movie Title: Zebra. Directed by: Eashvar Karthic. Starring: SatyadevDhananjayaPriya Bhavani ShankarSatya AkkalaSathyaraj. Released in: 2024.
Roti Kapda Romance,Vikram Reddy,Harsha NarraSandeep SarojSupraj RangaTarun PonugotiSonu ThakurNuvekshaMegha LekhaKhushboo Chaudhary,2024,Telugu,Movie Title: Roti Kapda Romance. Directed by: Vikram Reddy. Starring: Harsha NarraSandeep SarojSupraj RangaTarun PonugotiSonu ThakurNuvekshaMegha LekhaKhushboo Chaudhary. Released in: 2024.
Pushpa 2: The Rule,Sukumar,Allu ArjunFahadh FaasilRashmika Mandanna,2024,Telugu,Movie Title: Pushpa 2: The Rule. Directed by: Sukumar. Starring: Allu ArjunFahadh FaasilRashmika Mandanna. Released in: 2024.
Pranaya Godari,PL Vignesh,Sadan HasanPriyanka PrasadSai KumarPrudhvi Raj,2024,Telugu,Movie Title: Pranaya Godari. Directed by: PL Vignesh. Starring: Sadan HasanPriyanka PrasadSai KumarPrudhvi Raj. Released in: 2024.
Fear,Haritha Gogineni,VedhikaArvind KrishnaSahithi Dasari,2024,Telugu,Movie Title: Fear. Directed by: Haritha Gogineni. Starring: VedhikaArvind KrishnaSahithi Dasari. Released in: 2024.
Samidha,Satheesh Malempati,Aditya ShashikumarLavannya SahukaraChandini Tamilarasan,2024,Telugu,Movie Title: Samidha. Directed by: Satheesh Malempati. Starring: Aditya ShashikumarLavannya SahukaraChandini Tamilarasan. Released in: 2024.
Leela Vinodham,Pavan Sunkara,Shanmukh JaswanthAnagha AjithGoparaju RamanaAamaniRupa Lakshmi,2024,Telugu,Movie Title: Leela Vinodham. Directed by: Pavan Sunkara. Starring: Shanmukh JaswanthAnagha AjithGoparaju RamanaAamaniRupa Lakshmi. Released in: 2024.
Bachchala Malli,Subbu Mangadevi,Allari NareshAmritha AiyerRohiniRao RameshAchyuth Kumar,2024,Telugu,Movie Title: Bachchala Malli. Directed by: Subbu Mangadevi. Starring: Allari NareshAmritha AiyerRohiniRao RameshAchyuth Kumar. Released in: 2024.
Srikakulam Sherlock Holmes,Writer Mohan,Vennela KishoreAnanya NagallaSiya GowtamRavi Teja MahadasyamMuralidhar GoudAnish Kuruvilla,2024,Telugu,Movie Title: Srikakulam Sherlock Holmes. Directed by: Writer Mohan. Starring: Vennela KishoreAnanya NagallaSiya GowtamRavi Teja MahadasyamMuralidhar GoudAnish Kuruvilla. Released in: 2024.
The Shortcut,Ramakrishna Kanchi,Aata SandeepShagna Sri VenunBalveer Singh,2024,Telugu,Movie Title: The Shortcut. Directed by: Ramakrishna Kanchi. Starring: Aata SandeepShagna Sri VenunBalveer Singh. Released in: 2024.
Rahasyam Idam Jagath,Komal R Bharadwaj,Rakesh GalebheSravanthi PrattipatiManasa VeenaBhargav GopinathamKartheek Kandala,2024,Telugu,Movie Title: Rahasyam Idam Jagath. Directed by: Komal R Bharadwaj. Starring: Rakesh GalebheSravanthi PrattipatiManasa VeenaBhargav GopinathamKartheek Kandala. Released in: 2024.
Jithender Reddy,Virinchi Varma,Rakesh VarreVaishali RajRiya SumanSubbarajuRavi Prakash,2024,Telugu,Movie Title: Jithender Reddy. Directed by: Virinchi Varma. Starring: Rakesh VarreVaishali RajRiya SumanSubbarajuRavi Prakash. Released in: 2024.
Jewel Thief,P. S. Narayana,Krishna Sai MakineniMeenakshi JaiswalPremaAjayPrudhvi Raj,2024,Telugu,Movie Title: Jewel Thief. Directed by: P. S. Narayana. Starring: Krishna Sai MakineniMeenakshi JaiswalPremaAjayPrudhvi Raj. Released in: 2024.
Kallu Compound 1995,Praveen Jetti,Ganesh DSAyeshee PatelPraveen JettiJeevaPosani Krishna Murali,2024,Telugu,Movie Title: Kallu Compound 1995. Directed by: Praveen Jetti. Starring: Ganesh DSAyeshee PatelPraveen JettiJeevaPosani Krishna Murali. Released in: 2024.
Love Reddy,Smaran Reddy,Anjan RamachendraShravani Krishnaveni,2024,Telugu,Movie Title: Love Reddy. Directed by: Smaran Reddy. Starring: Anjan RamachendraShravani Krishnaveni. Released in: 2024.
Rewind,Kalyan Chakravarthy,Sai RonakAmrutha Chowdary,2024,Telugu,Movie Title: Rewind. Directed by: Kalyan Chakravarthy. Starring: Sai RonakAmrutha Chowdary. Released in: 2024.
The Deal,Hanu Kotla,Hanu KotlaSai ChandanaDharani PriyaRavi PrakashRaghu Kunche,2024,Telugu,Movie Title: The Deal. Directed by: Hanu Kotla. Starring: Hanu KotlaSai ChandanaDharani PriyaRavi PrakashRaghu Kunche. Released in: 2024.
Veekshanam,Manoj Palleti,Ram KarthikKashvi,2024,Telugu,Movie Title: Veekshanam. Directed by: Manoj Palleti. Starring: Ram KarthikKashvi. Released in: 2024.
C202,Munna Kasi,Munna KasiSharon Riya FernandezTanikella BharaniChitram SrinuSatya PrakashSubhalekha Sudhakar,2024,Telugu,Movie Title: C202. Directed by: Munna Kasi. Starring: Munna KasiSharon Riya FernandezTanikella BharaniChitram SrinuSatya PrakashSubhalekha Sudhakar. Released in: 2024.
Gangster,Chandrasekhar Rathod,Chandrasekhar RathodKashvi KanchanAbhinav JanakAdla SatishSuryanarayana,2024,Telugu,Movie Title: Gangster. Directed by: Chandrasekhar Rathod. Starring: Chandrasekhar RathodKashvi KanchanAbhinav JanakAdla SatishSuryanarayana. Released in: 2024.
Laggam,Ramesh Cheppala,Sai RonakPragya NagraRajendra PrasadRohini,2024,Telugu,Movie Title: Laggam. Directed by: Ramesh Cheppala. Starring: Sai RonakPragya NagraRajendra PrasadRohini. Released in: 2024.
Janaka Aithe Ganaka,Sandeep Reddy Bandla,SuhasSangeerthana VipinVennela KishoreGoparaju RamanaRajendra Prasad,2024,Telugu,Movie Title: Janaka Aithe Ganaka. Directed by: Sandeep Reddy Bandla. Starring: SuhasSangeerthana VipinVennela KishoreGoparaju RamanaRajendra Prasad. Released in: 2024.
Narudi Brathuku Natana,Rishikeshwar Yogi,Shivakumar RamachandravarapuNithin PrasannaShruthie Jayan,2024,Telugu,Movie Title: Narudi Brathuku Natana. Directed by: Rishikeshwar Yogi. Starring: Shivakumar RamachandravarapuNithin PrasannaShruthie Jayan. Released in: 2024.
Samudrudu,Nagesh Naradasi,Ramakanth BadavathBhanu SriAvanthika Munni,2024,Telugu,Movie Title: Samudrudu. Directed by: Nagesh Naradasi. Starring: Ramakanth BadavathBhanu SriAvanthika Munni. Released in: 2024.
Yentha Panichesav Chanti,Uday Kumar Ryali,Srinivas UlisettiDiya RajShanthi PriyaNiharika Keshav,2024,Telugu,Movie Title: Yentha Panichesav Chanti. Directed by: Uday Kumar Ryali. Starring: Srinivas UlisettiDiya RajShanthi PriyaNiharika Keshav. Released in: 2024.
KA,Sujith Sandeep,Kiran AbbavaramNayan SarikaTanvi RamAchyuth KumarRedin Kingsley,2024,Telugu,Movie Title: KA. Directed by: Sujith Sandeep. Starring: Kiran AbbavaramNayan SarikaTanvi RamAchyuth KumarRedin Kingsley. Released in: 2024.
Lucky Baskhar,Venky Atluri,Dulquer SalmaanMeenakshi Chaudhary,2024,Telugu,Movie Title: Lucky Baskhar. Directed by: Venky Atluri. Starring: Dulquer SalmaanMeenakshi Chaudhary. Released in: 2024.
Appudo Ippudo Eppudo,Sudheer Varma,Nikhil SiddharthaRukmini VasanthDivyansha KaushikHarsha Chemudu,2024,Telugu,Movie Title: Appudo Ippudo Eppudo. Directed by: Sudheer Varma. Starring: Nikhil SiddharthaRukmini VasanthDivyansha KaushikHarsha Chemudu. Released in: 2024.
Dhoom Dhaam,Macha Saikishor,Chetan KrishnaHebah PatelSai KumarVennela KishoreVinay Varma,2024,Telugu,Movie Title: Dhoom Dhaam. Directed by: Macha Saikishor. Starring: Chetan KrishnaHebah PatelSai KumarVennela KishoreVinay Varma. Released in: 2024.
Ee Saraina,Viplav,ViplavAshwini AyaluruKarthikeya DevNithu Supraja,2024,Telugu,Movie Title: Ee Saraina. Directed by: Viplav. Starring: ViplavAshwini AyaluruKarthikeya DevNithu Supraja. Released in: 2024.
Jathara,Sathish Babu Ratakonda,Sathish Babu RatakondaVishva KarthikeyaDeeya Raj,2024,Telugu,Movie Title: Jathara. Directed by: Sathish Babu Ratakonda. Starring: Sathish Babu RatakondaVishva KarthikeyaDeeya Raj. Released in: 2024.
Pottel,Sahit Mothkuri,Ananya NagallaAjayNoel SeanSrikanth IyengarChatrapathi Sekhar,2024,Telugu,Movie Title: Pottel. Directed by: Sahit Mothkuri. Starring: Ananya NagallaAjayNoel SeanSrikanth IyengarChatrapathi Sekhar. Released in: 2024.
Veeranjaneyulu Viharayatra,Anurag Palutla,NareshSri LakshmiRag MayurPriya Vadlamani,2024,Telugu,Movie Title: Veeranjaneyulu Viharayatra. Directed by: Anurag Palutla. Starring: NareshSri LakshmiRag MayurPriya Vadlamani. Released in: 2024.
Simbaa,Murali Mohanar Reddy,Jagapathi BabuAnasuya BharadwajSrinath MagantiVasishta N. SimhaAnish KuruvillaGautami,2024,Telugu,Movie Title: Simbaa. Directed by: Murali Mohanar Reddy. Starring: Jagapathi BabuAnasuya BharadwajSrinath MagantiVasishta N. SimhaAnish KuruvillaGautami. Released in: 2024.
Sangharshana,Chinna Venkatesh,Chaitanya PasupuletiShiva RamachandravarapuRasheeda Bhanu,2024,Telugu,Movie Title: Sangharshana. Directed by: Chinna Venkatesh. Starring: Chaitanya PasupuletiShiva RamachandravarapuRasheeda Bhanu. Released in: 2024.
Vidya Vasula Aham,Manikanth Gelli,Shivani RajashekarRahul VijaySrinivas AvasaralaAbhinayaSrinivasa Reddy,2024,Telugu,Movie Title: Vidya Vasula Aham. Directed by: Manikanth Gelli. Starring: Shivani RajashekarRahul VijaySrinivas AvasaralaAbhinayaSrinivasa Reddy. Released in: 2024.
Big Brother,Subbarao Gosangi,Siva KantamaneniSri SuryaPakhi HegdePreeti ShuklaGautam RajuGundu Sudarshan,2024,Telugu,Movie Title: Big Brother. Directed by: Subbarao Gosangi. Starring: Siva KantamaneniSri SuryaPakhi HegdePreeti ShuklaGautam RajuGundu Sudarshan. Released in: 2024.
C.D (Criminal or Devil),Krishna Annam,Adah SharmaViswant DuddumpudiJabardasth RohiniBharani ShankarRamana BhargavMahesh Vitta,2024,Telugu,Movie Title: C.D (Criminal or Devil). Directed by: Krishna Annam. Starring: Adah SharmaViswant DuddumpudiJabardasth RohiniBharani ShankarRamana BhargavMahesh Vitta. Released in: 2024.
Dirty Fellow,Adari Murthy Sai,Santhi ChandraDeepika SinghSimrithi BathijaNikkesha RangwalaNagineeduSatya Prakash,2024,Telugu,Movie Title: Dirty Fellow. Directed by: Adari Murthy Sai. Starring: Santhi ChandraDeepika SinghSimrithi BathijaNikkesha RangwalaNagineeduSatya Prakash. Released in: 2024.
Raju Yadav,Krishnamachary,Getup SrinuAnkita KharatChakrapani AnandaRocket RaghavaMirchi HemanthJabardasth Sunny,2024,Telugu,Movie Title: Raju Yadav. Directed by: Krishnamachary. Starring: Getup SrinuAnkita KharatChakrapani AnandaRocket RaghavaMirchi HemanthJabardasth Sunny. Released in: 2024.
Silk Saree,T. Nagendar,Vasudev RaoReeva ChaudharyPreeti GoswamiOmkarnath SrisailamKotesh Manava,2024,Telugu,Movie Title: Silk Saree. Directed by: T. Nagendar. Starring: Vasudev RaoReeva ChaudharyPreeti GoswamiOmkarnath SrisailamKotesh Manava. Released in: 2024.
Van,Dadi Lokesh,MageshAmrutha SreeMadhava Rao,2024,Telugu,Movie Title: Van. Directed by: Dadi Lokesh. Starring: MageshAmrutha SreeMadhava Rao. Released in: 2024.
Love Me,Arun Bhimavarapu,Ashish ReddyVaishnavi Chaitanya,2024,Telugu,Movie Title: Love Me. Directed by: Arun Bhimavarapu. Starring: Ashish ReddyVaishnavi Chaitanya. Released in: 2024.
Bhaje Vaayu Vegam,Prashanth Reddy,Kartikeya GummakondaIshwarya MenonTanikella Bharani,2024,Telugu,Movie Title: Bhaje Vaayu Vegam. Directed by: Prashanth Reddy. Starring: Kartikeya GummakondaIshwarya MenonTanikella Bharani. Released in: 2024.
Gam Gam Ganesha,Uday Bomisetty,Anand DeverakondaPragati ShrivastavaNayan SarikaRaj ArjunSatyam RajeshVennela Kishore,2024,Telugu,Movie Title: Gam Gam Ganesha. Directed by: Uday Bomisetty. Starring: Anand DeverakondaPragati ShrivastavaNayan SarikaRaj ArjunSatyam RajeshVennela Kishore. Released in: 2024.
Gangs of Godavari,Krishna Chaithanya,Vishwak SenNeha ShettyNassarAnjaliHyper AadiP. Sai KumarPraveen,2024,Telugu,Movie Title: Gangs of Godavari. Directed by: Krishna Chaithanya. Starring: Vishwak SenNeha ShettyNassarAnjaliHyper AadiP. Sai KumarPraveen. Released in: 2024.
Gold Number 1,Bodapati Krishna,Gopikrishna KunapaliAdhiti NandaJampanna Bodapati,2024,Telugu,Movie Title: Gold Number 1. Directed by: Bodapati Krishna. Starring: Gopikrishna KunapaliAdhiti NandaJampanna Bodapati. Released in: 2024.
Manamey,Sriram Adittya,SharwanandKrithi Shetty,2024,Telugu,Movie Title: Manamey. Directed by: Sriram Adittya. Starring: SharwanandKrithi Shetty. Released in: 2024.
Namo,Aditya Reddy Kunduru,Viswant DuddumpudiVismaya SriAnuroop KatariVirendra ChauhanMayanand ThakurMeka RamakrishnaSrinivas BogireddyVadlamani Srinivas,2024,Telugu,Movie Title: Namo. Directed by: Aditya Reddy Kunduru. Starring: Viswant DuddumpudiVismaya SriAnuroop KatariVirendra ChauhanMayanand ThakurMeka RamakrishnaSrinivas BogireddyVadlamani Srinivas. Released in: 2024.
OC,Vishnu Bompally,Harish BompallyMaanya SaladiRoiel ShreeLakshmi Kiran,2024,Telugu,Movie Title: OC. Directed by: Vishnu Bompally. Starring: Harish BompallyMaanya SaladiRoiel ShreeLakshmi Kiran. Released in: 2024.
Preminchoddu,Shirin Sriram,Anurup ReddySarika BogaDeva MalishettyYashwanth PendyalaManasa Eddla,2024,Telugu,Movie Title: Preminchoddu. Directed by: Shirin Sriram. Starring: Anurup ReddySarika BogaDeva MalishettyYashwanth PendyalaManasa Eddla. Released in: 2024.
Rakshana,Prandeep Thakore,Payal RajputMaanas NagulapalliRajeev KanakalaChakrapani Ananda,2024,Telugu,Movie Title: Rakshana. Directed by: Prandeep Thakore. Starring: Payal RajputMaanas NagulapalliRajeev KanakalaChakrapani Ananda. Released in: 2024.
Nata Ratnalu,Narra Shiva Nagu,Sudharshan ReddyInaya SulthanaMahesh AchantaThagubothu RameshSuman SettyArchana Shastry,2024,Telugu,Movie Title: Nata Ratnalu. Directed by: Narra Shiva Nagu. Starring: Sudharshan ReddyInaya SulthanaMahesh AchantaThagubothu RameshSuman SettyArchana Shastry. Released in: 2024.
Darshini,Pradeep Allu,Vikas KanakaPappala Shanthi PriyaBisetty Kodanda NageshSomayajula Venkata Satya PrasadKallempudi Vahini,2024,Telugu,Movie Title: Darshini. Directed by: Pradeep Allu. Starring: Vikas KanakaPappala Shanthi PriyaBisetty Kodanda NageshSomayajula Venkata Satya PrasadKallempudi Vahini. Released in: 2024.
Akkada Varu Ikkada Unnaru,Trivikram Rao Kundurthi,Jagadesh RajSai HarshiniKaranam EswarPantula LalithaKV RamanaVattipalli ShavranKadiyala Manjula,2024,Telugu,Movie Title: Akkada Varu Ikkada Unnaru. Directed by: Trivikram Rao Kundurthi. Starring: Jagadesh RajSai HarshiniKaranam EswarPantula LalithaKV RamanaVattipalli ShavranKadiyala Manjula. Released in: 2024.
Prathinidhi 2,Murthy Devagupthapu,Nara RohitJisshu SenguptaSiri LellaSachin KhedekarTanikella BharaniDinesh Tej,2024,Telugu,Movie Title: Prathinidhi 2. Directed by: Murthy Devagupthapu. Starring: Nara RohitJisshu SenguptaSiri LellaSachin KhedekarTanikella BharaniDinesh Tej. Released in: 2024.
Roudra Roopaya Namaha,Palik,Baahubali PrabhakarMohana SiddiPayel MukherjeeThagubothu Ramesh,2024,Telugu,Movie Title: Roudra Roopaya Namaha. Directed by: Palik. Starring: Baahubali PrabhakarMohana SiddiPayel MukherjeeThagubothu Ramesh. Released in: 2024.
Tenant,Y. Yugandhar,Satyam RajeshMegha ChowdhuryChandana PayaavulaAadukalam NarenRamya Kolthuri,2024,Telugu,Movie Title: Tenant. Directed by: Y. Yugandhar. Starring: Satyam RajeshMegha ChowdhuryChandana PayaavulaAadukalam NarenRamya Kolthuri. Released in: 2024.
Market Mahalakshmi,VS Mukkhesh,ParvateesamPraneeka AnvikaaHarsha Vardhan,2024,Telugu,Movie Title: Market Mahalakshmi. Directed by: VS Mukkhesh. Starring: ParvateesamPraneeka AnvikaaHarsha Vardhan. Released in: 2024.
My Dear Donga,B. S. Sarwagna Kumar,Abhinav GomatamShalini KondepudiDivya SripadaNikhil Gajula,2024,Telugu,Movie Title: My Dear Donga. Directed by: B. S. Sarwagna Kumar. Starring: Abhinav GomatamShalini KondepudiDivya SripadaNikhil Gajula. Released in: 2024.
Paarijatha Parvam,Santosh Kambhampati,SunilHarsha ChemuduShraddha DasMalavika SatheesanSrikanth IyengarChaitanya Rao Madadi,2024,Telugu,Movie Title: Paarijatha Parvam. Directed by: Santosh Kambhampati. Starring: SunilHarsha ChemuduShraddha DasMalavika SatheesanSrikanth IyengarChaitanya Rao Madadi. Released in: 2024.
Sharapanjaram,Naveen Kumar Gattu,Naveen Kumar GattuLaya KambojaRajamouli Jabardasth,2024,Telugu,Movie Title: Sharapanjaram. Directed by: Naveen Kumar Gattu. Starring: Naveen Kumar GattuLaya KambojaRajamouli Jabardasth. Released in: 2024.
Theppa Samudram,Sateesh Rapolu,Chaitanya RaoArjun AmbatiKishori DhatrakP. Ravi ShankarNirukanti Mani Charan,2024,Telugu,Movie Title: Theppa Samudram. Directed by: Sateesh Rapolu. Starring: Chaitanya RaoArjun AmbatiKishori DhatrakP. Ravi ShankarNirukanti Mani Charan. Released in: 2024.
Konchem Hatke,Avinash Kumar G,Guru Charan K.Krishna ManjushaIshwarya VullingalaGuru VenkateshJalluri SaiVidya Sagar D,2024,Telugu,Movie Title: Konchem Hatke. Directed by: Avinash Kumar G. Starring: Guru Charan K.Krishna ManjushaIshwarya VullingalaGuru VenkateshJalluri SaiVidya Sagar D. Released in: 2024.
Satyabhama,Suman Chikkala,Kajal AggarwalNaveen ChandraPrakash RajNagineeduHarsha VardhanRavi Varma,2024,Telugu,Movie Title: Satyabhama. Directed by: Suman Chikkala. Starring: Kajal AggarwalNaveen ChandraPrakash RajNagineeduHarsha VardhanRavi Varma. Released in: 2024.
Malle Mogga,Thota Nag,Ramtej MummidiVarshini ArjaVenna Mounika ReddyBhanuchanderKota Shankar RaoPilla PrasadChatrapathi Sekhar,2024,Telugu,Movie Title: Malle Mogga. Directed by: Thota Nag. Starring: Ramtej MummidiVarshini ArjaVenna Mounika ReddyBhanuchanderKota Shankar RaoPilla PrasadChatrapathi Sekhar. Released in: 2024.
Aa Okkati Adakku,Malli Ankam,Allari NareshFaria AbdullahVennela KishoreJamie LeverViva HarshaAriyana Glory,2024,Telugu,Movie Title: Aa Okkati Adakku. Directed by: Malli Ankam. Starring: Allari NareshFaria AbdullahVennela KishoreJamie LeverViva HarshaAriyana Glory. Released in: 2024.
Prasanna Vadanam,Arjun YK,SuhasPayal RadhakrishnaRashi Singh NanduViva HarshaNitin Prasanna,2024,Telugu,Movie Title: Prasanna Vadanam. Directed by: Arjun YK. Starring: SuhasPayal RadhakrishnaRashi Singh NanduViva HarshaNitin Prasanna. Released in: 2024.
Sabari,Anil Katz,Varalaxmi SarathkumarGanesh VenkatramanShashankMime GopiSunaina,2024,Telugu,Movie Title: Sabari. Directed by: Anil Katz. Starring: Varalaxmi SarathkumarGanesh VenkatramanShashankMime GopiSunaina. Released in: 2024.
The Indian Story,R Rajashekar Reddy,Raaj BheemreddyZara KhanChammak ChandraMukhtar KhanRamarajuSameerC. V. L. Narasimha Rao,2024,Telugu,Movie Title: The Indian Story. Directed by: R Rajashekar Reddy. Starring: Raaj BheemreddyZara KhanChammak ChandraMukhtar KhanRamarajuSameerC. V. L. Narasimha Rao. Released in: 2024.
Aarambham,Ajay Nag V,Mohan BhagathSupritha SathyanarayanBhooshan KalyanRavindra VijayLaxman MeesalaBodepalli AbhishekSurabhi Prabhavathi,2024,Telugu,Movie Title: Aarambham. Directed by: Ajay Nag V. Starring: Mohan BhagathSupritha SathyanarayanBhooshan KalyanRavindra VijayLaxman MeesalaBodepalli AbhishekSurabhi Prabhavathi. Released in: 2024.
Brahmachari,Renigunta Narsing,Gunta MalleshamSiri Ravulachari,2024,Telugu,Movie Title: Brahmachari. Directed by: Renigunta Narsing. Starring: Gunta MalleshamSiri Ravulachari. Released in: 2024.
Krishnamma,VV Gopala Krishna,Satya DevAthira Raji,2024,Telugu,Movie Title: Krishnamma. Directed by: VV Gopala Krishna. Starring: Satya DevAthira Raji. Released in: 2024.
Laxmi Kataksham,Surya Yakkalooru,Sai KumarVinay PanigrahiDeepti VarmaCharisma Sreeker,2024,Telugu,Movie Title: Laxmi Kataksham. Directed by: Surya Yakkalooru. Starring: Sai KumarVinay PanigrahiDeepti VarmaCharisma Sreeker. Released in: 2024.
Rudrakshapuram,RK Gandhi,Mani Sai TejaVaiduryaRekhaNaga MaheshVeera Babu,2024,Telugu,Movie Title: Rudrakshapuram. Directed by: RK Gandhi. Starring: Mani Sai TejaVaiduryaRekhaNaga MaheshVeera Babu. Released in: 2024.
Tom and Jerry,Jai Sree Sivan,Amlan DasHarman Deep KaurChandra MaheshThota VenugopalRavi Teja Nannimala,2024,Telugu,Movie Title: Tom and Jerry. Directed by: Jai Sree Sivan. Starring: Amlan DasHarman Deep KaurChandra MaheshThota VenugopalRavi Teja Nannimala. Released in: 2024.
Rush,Satish Poloju,Daisy BopannaKarthik Ahuti,2024,Telugu,Movie Title: Rush. Directed by: Satish Poloju. Starring: Daisy BopannaKarthik Ahuti. Released in: 2024.
Dear Nanna,Anji Saladhi,Chaitanya Rao MadadiSurya Kumar Bhagavandas,2024,Telugu,Movie Title: Dear Nanna. Directed by: Anji Saladhi. Starring: Chaitanya Rao MadadiSurya Kumar Bhagavandas. Released in: 2024.
Pekamedalu,Neelagiri Mamilla,Vinoth KishanAnoosha Krishna,2024,Telugu,Movie Title: Pekamedalu. Directed by: Neelagiri Mamilla. Starring: Vinoth KishanAnoosha Krishna. Released in: 2024.
The Birthday Boy,Whisky Dasari,Ravi KrishnaSameer MallaRajeev KanakalaPramodini Pammi,2024,Telugu,Movie Title: The Birthday Boy. Directed by: Whisky Dasari. Starring: Ravi KrishnaSameer MallaRajeev KanakalaPramodini Pammi. Released in: 2024.
Operation Raavan,Venkata Satya,Rakshit AtluriSangeerthana VipinRaghu KuncheRadhika Sarathkumar,2024,Telugu,Movie Title: Operation Raavan. Directed by: Venkata Satya. Starring: Rakshit AtluriSangeerthana VipinRaghu KuncheRadhika Sarathkumar. Released in: 2024.
Purushothamudu,Ram Bhimana,Raj TarunHassini SudhirPrakash RajRamya KrishnaBrahmanandamMurali Sharma,2024,Telugu,Movie Title: Purushothamudu. Directed by: Ram Bhimana. Starring: Raj TarunHassini SudhirPrakash RajRamya KrishnaBrahmanandamMurali Sharma. Released in: 2024.
Ram NRI,N. Laxmi Nanda,Ali RezaSitanarayanan,2024,Telugu,Movie Title: Ram NRI. Directed by: N. Laxmi Nanda. Starring: Ali RezaSitanarayanan. Released in: 2024.
Shivam Bhaje,Apsar,Ashwin BabuDigangana Suryavanshi,2024,Telugu,Movie Title: Shivam Bhaje. Directed by: Apsar. Starring: Ashwin BabuDigangana Suryavanshi. Released in: 2024.
Alanaati Ramchandrudu,Chilukuri Akash Reddy,Krishna VamsiMokksha,2024,Telugu,Movie Title: Alanaati Ramchandrudu. Directed by: Chilukuri Akash Reddy. Starring: Krishna VamsiMokksha. Released in: 2024.
Average Student Nani,Pawan Kumar. K,Pawan Kumar. KSahiba BasinSneha MalviyaRajiv Kanakala,2024,Telugu,Movie Title: Average Student Nani. Directed by: Pawan Kumar. K. Starring: Pawan Kumar. KSahiba BasinSneha MalviyaRajiv Kanakala. Released in: 2024.
Just a Minute,Poorna's Yaswanth,Abhishiek PachipalaJabardasth PhaniNaziya Khan,2024,Telugu,Movie Title: Just a Minute. Directed by: Poorna's Yaswanth. Starring: Abhishiek PachipalaJabardasth PhaniNaziya Khan. Released in: 2024.
Buddy,Sam Anton,Allu SirishAjmal AmeerPrisha Rajesh Singh,2024,Telugu,Movie Title: Buddy. Directed by: Sam Anton. Starring: Allu SirishAjmal AmeerPrisha Rajesh Singh. Released in: 2024.
Tiragabadara Saami,Ravi Kumar Chowdary,Raj TarunMalvi MalhotraMannara ChopraMakarand Deshpande,2024,Telugu,Movie Title: Tiragabadara Saami. Directed by: Ravi Kumar Chowdary. Starring: Raj TarunMalvi MalhotraMannara ChopraMakarand Deshpande. Released in: 2024.
Usha Parinayam,K. Vijaya Bhaskar,Sree KamalTanvi AkaankshaSurya SrinivasSivaji RajaAliVennela Kishore,2024,Telugu,Movie Title: Usha Parinayam. Directed by: K. Vijaya Bhaskar. Starring: Sree KamalTanvi AkaankshaSurya SrinivasSivaji RajaAliVennela Kishore. Released in: 2024.
Viraaji,Adhyanth Harsha,Varun SandeshRaghu KarumanchiPramodini,2024,Telugu,Movie Title: Viraaji. Directed by: Adhyanth Harsha. Starring: Varun SandeshRaghu KarumanchiPramodini. Released in: 2024.
Bhavanam,Balachari Kurella,SaptagiriShakalaka ShankarThagubothu RameshBithiri SathiAjay,2024,Telugu,Movie Title: Bhavanam. Directed by: Balachari Kurella. Starring: SaptagiriShakalaka ShankarThagubothu RameshBithiri SathiAjay. Released in: 2024.
Case No. 15,Rajesh Tadakala,AjayRavi PrakashHarshini KodurChitram SrinuTadakala Vankar Rajesh,2024,Telugu,Movie Title: Case No. 15. Directed by: Rajesh Tadakala. Starring: AjayRavi PrakashHarshini KodurChitram SrinuTadakala Vankar Rajesh. Released in: 2024.
Committee Kurrollu,Yadhu Vamsi,Sandeep SarojYashwanthEshwar Trinath Varma,2024,Telugu,Movie Title: Committee Kurrollu. Directed by: Yadhu Vamsi. Starring: Sandeep SarojYashwanthEshwar Trinath Varma. Released in: 2024.
Land Mafia,Velpula Nimma Babu,Pranaya Nadha KunamLakshmi Madhubala,2024,Telugu,Movie Title: Land Mafia. Directed by: Velpula Nimma Babu. Starring: Pranaya Nadha KunamLakshmi Madhubala. Released in: 2024.
Paagal vs Kadal,Rajesh Mudunuri,Vijay Shankar PaddanaVishika KeerthiBrahmajiShakalaka ShankarPrashanth KuchibotlaAnuhya SaripalliAadvik Bandaru,2024,Telugu,Movie Title: Paagal vs Kadal. Directed by: Rajesh Mudunuri. Starring: Vijay Shankar PaddanaVishika KeerthiBrahmajiShakalaka ShankarPrashanth KuchibotlaAnuhya SaripalliAadvik Bandaru. Released in: 2024.
Lorry Chapter – 1,Sreekanth Reddy Asam,Sreekanth Reddy AsamChandrashikhaRockey SingGeetha Bhosle,2024,Telugu,Movie Title: Lorry Chapter – 1. Directed by: Sreekanth Reddy Asam. Starring: Sreekanth Reddy AsamChandrashikhaRockey SingGeetha Bhosle. Released in: 2024.
Krishna Gadu Ante Oka Range,Rajesh Dondapati,Rishwi ThimmarajuVismaya Sri,2023,Telugu,Movie Title: Krishna Gadu Ante Oka Range. Directed by: Rajesh Dondapati. Starring: Rishwi ThimmarajuVismaya Sri. Released in: 2023.
Darling,Aswin Raam,PriyadarshiNabha NateshAnanya NagallaBrahmanandam,2024,Telugu,Movie Title: Darling. Directed by: Aswin Raam. Starring: PriyadarshiNabha NateshAnanya NagallaBrahmanandam. Released in: 2024.
Sarangadhariya,Padmarao Abbisetti,Raja RavindraMohi ShmMohit PedadaYashaswini SrinivasShivakumar RamachandravarapuNeela Priya Devulapalli,2024,Telugu,Movie Title: Sarangadhariya. Directed by: Padmarao Abbisetti. Starring: Raja RavindraMohi ShmMohit PedadaYashaswini SrinivasShivakumar RamachandravarapuNeela Priya Devulapalli. Released in: 2024.
Harom Hara,Gnanasagar Dwaraka,Sudheer BabuMalvika SharmaSunilJayaprakash,2024,Telugu,Movie Title: Harom Hara. Directed by: Gnanasagar Dwaraka. Starring: Sudheer BabuMalvika SharmaSunilJayaprakash. Released in: 2024.
Indrani,Stephen Pallam,Yaaneea BharadwajKabir Duhan SinghAjayAnkitaShataf Figar,2024,Telugu,Movie Title: Indrani. Directed by: Stephen Pallam. Starring: Yaaneea BharadwajKabir Duhan SinghAjayAnkitaShataf Figar. Released in: 2024.
Music Shop Murthy,Siva Paladugu,Ajay GhoshChandini Chowdary,2024,Telugu,Movie Title: Music Shop Murthy. Directed by: Siva Paladugu. Starring: Ajay GhoshChandini Chowdary. Released in: 2024.
Nee Dhaarey Nee Katha,Vamsi Jonnalgadda,Priyatham MaanthiniVijay VikranthAnanth PadasolaAnjana BalajiVed Reddy,2024,Telugu,Movie Title: Nee Dhaarey Nee Katha. Directed by: Vamsi Jonnalgadda. Starring: Priyatham MaanthiniVijay VikranthAnanth PadasolaAnjana BalajiVed Reddy. Released in: 2024.
Yevam,Prakash Dantuluri,Chandini ChowdaryVasishta N. SimhaJai Bharat RajAshu Reddy,2024,Telugu,Movie Title: Yevam. Directed by: Prakash Dantuluri. Starring: Chandini ChowdaryVasishta N. SimhaJai Bharat RajAshu Reddy. Released in: 2024.
Anthima Theerpu,A Abhiramu,Sai DhanshikaVimala RamanGanesh VenkatramanAmit Tiwari,2024,Telugu,Movie Title: Anthima Theerpu. Directed by: A Abhiramu. Starring: Sai DhanshikaVimala RamanGanesh VenkatramanAmit Tiwari. Released in: 2024.
Honeymoon Express,Bala Rajasekharuni,Chaitanya RaoHebah PatelSuhasiniTanikella BharaniAliSurekha VaniRavi Varma,2024,Telugu,Movie Title: Honeymoon Express. Directed by: Bala Rajasekharuni. Starring: Chaitanya RaoHebah PatelSuhasiniTanikella BharaniAliSurekha VaniRavi Varma. Released in: 2024.
Itlu...Mee Cinema,Harish Chava,Abhiram KrishnaPavan ManoharVennela,2024,Telugu,Movie Title: Itlu...Mee Cinema. Directed by: Harish Chava. Starring: Abhiram KrishnaPavan ManoharVennela. Released in: 2024.
Crime Reel,Sanjana Anne,Bharat KumarSiri ChowdaryAbhinaya KrishnaPing Pong SuryaAcharya Krishna,2024,Telugu,Movie Title: Crime Reel. Directed by: Sanjana Anne. Starring: Bharat KumarSiri ChowdaryAbhinaya KrishnaPing Pong SuryaAcharya Krishna. Released in: 2024.
Nindha,Rajesh Jagannadham,Varun SandeshTanikella BharaniAnnie ZibiBhadramSurya Kumar Bhagvandas,2024,Telugu,Movie Title: Nindha. Directed by: Rajesh Jagannadham. Starring: Varun SandeshTanikella BharaniAnnie ZibiBhadramSurya Kumar Bhagvandas. Released in: 2024.
Padmavyuham lo Chakradhaari,Sanjay Reddy Bangarapu,Praveen RajkumarShashika TickooAshu ReddyMadhunandanDhanraj,2024,Telugu,Movie Title: Padmavyuham lo Chakradhaari. Directed by: Sanjay Reddy Bangarapu. Starring: Praveen RajkumarShashika TickooAshu ReddyMadhunandanDhanraj. Released in: 2024.
Prabhutva Juniour Kalasala,Sreenath Pulakuram,Pranav PreethamShagnasri VenunSri MunichandraMandapeta Mallika Jagula,2024,Telugu,Movie Title: Prabhutva Juniour Kalasala. Directed by: Sreenath Pulakuram. Starring: Pranav PreethamShagnasri VenunSri MunichandraMandapeta Mallika Jagula. Released in: 2024.
Seetha Kalyana Vaibhogame,Satish Paramaveda,Suman TejGarima ChouhanSivaji RajaNagineeduGagaan VihariVenky Monkey,2024,Telugu,Movie Title: Seetha Kalyana Vaibhogame. Directed by: Satish Paramaveda. Starring: Suman TejGarima ChouhanSivaji RajaNagineeduGagaan VihariVenky Monkey. Released in: 2024.
Sandeham,Satish Paramveda,Suman TejHebah PatelSwetha VarmaSubhashree Rayaguru,2024,Telugu,Movie Title: Sandeham. Directed by: Satish Paramveda. Starring: Suman TejHebah PatelSwetha VarmaSubhashree Rayaguru. Released in: 2024.
Kalki 2898 AD,Nag Ashwin,Amitabh BachchanKamal HaasanPrabhasDeepika PadukoneDisha Patani,2024,Telugu,Movie Title: Kalki 2898 AD. Directed by: Nag Ashwin. Starring: Amitabh BachchanKamal HaasanPrabhasDeepika PadukoneDisha Patani. Released in: 2024.
Aham Reboot,Prashanth Sagar Atluri,Sumanth,2024,Telugu,Movie Title: Aham Reboot. Directed by: Prashanth Sagar Atluri. Starring: Sumanth. Released in: 2024.
14,Dangeti Lakshmi Srinivas,Noel SeanVishakha DhimanRam Rathan ReddyPosani Krishna MuraliSrikanth Iyengar,2024,Telugu,Movie Title: 14. Directed by: Dangeti Lakshmi Srinivas. Starring: Noel SeanVishakha DhimanRam Rathan ReddyPosani Krishna MuraliSrikanth Iyengar. Released in: 2024.
Love Mouli,Avaneendra,NavdeepPankhuri GidwaniCharvi Dutta,2024,Telugu,Movie Title: Love Mouli. Directed by: Avaneendra. Starring: NavdeepPankhuri GidwaniCharvi Dutta. Released in: 2024.
OMG: O Manchi Ghost,Shankar K. Marthand,Vennela KishoreNandita SwethaShakalaka ShankarNavami GayakRajath RaghavNaveen Neni,2024,Telugu,Movie Title: OMG: O Manchi Ghost. Directed by: Shankar K. Marthand. Starring: Vennela KishoreNandita SwethaShakalaka ShankarNavami GayakRajath RaghavNaveen Neni. Released in: 2024.
Pilla Nuvvu Leni Jeevitham,A. S. Ravi Kumar Chowdhary,"Sai Dharam Tej, Regina Cassandra, Jagapati Babu, Prakash Raj, Sayaji Shinde",2014,Telugu,"Movie Title: Pilla Nuvvu Leni Jeevitham. Directed by: A. S. Ravi Kumar Chowdhary. Starring: Sai Dharam Tej, Regina Cassandra, Jagapati Babu, Prakash Raj, Sayaji Shinde. Released in: 2014."
Dilse,Mankhal Veerendra,Abhinav MedishettiSasha SinghLovely SinghVismaya Sri,2023,Telugu,Movie Title: Dilse. Directed by: Mankhal Veerendra. Starring: Abhinav MedishettiSasha SinghLovely SinghVismaya Sri. Released in: 2023.
Sakshi,Siva Kesanakurthi,Sharan KumarJanvir KaurNagendra BabuIndrajaAamani,2023,Telugu,Movie Title: Sakshi. Directed by: Siva Kesanakurthi. Starring: Sharan KumarJanvir KaurNagendra BabuIndrajaAamani. Released in: 2023.
Ishq,S. S. Raju,Sajja TejaPriya Prakash Varrier,2021,Telugu,Movie Title: Ishq. Directed by: S. S. Raju. Starring: Sajja TejaPriya Prakash Varrier. Released in: 2021.
SR Kalyanamandapam,Sridhar Gade,Kiran AbbavaramPriyanka JawalkarSai KumarAnil GeelaRajsekhar Aningi,2021,Telugu,Movie Title: SR Kalyanamandapam. Directed by: Sridhar Gade. Starring: Kiran AbbavaramPriyanka JawalkarSai KumarAnil GeelaRajsekhar Aningi. Released in: 2021.
Mugguru Monagallu,Abhilash reddy,Srinivasa ReddyDheekshith ShettyVennala RamaraoRaja RavindraThummala Narsimha ReddyNassarTwisha SharmaSwetha VarmaGemini SureshBadramJosh RaviJabardasth SunnySurya,2021,Telugu,Movie Title: Mugguru Monagallu. Directed by: Abhilash reddy. Starring: Srinivasa ReddyDheekshith ShettyVennala RamaraoRaja RavindraThummala Narsimha ReddyNassarTwisha SharmaSwetha VarmaGemini SureshBadramJosh RaviJabardasth SunnySurya. Released in: 2021.
Merise Merise,Pawan Kumar K,Dinesh TejShweta AvasthiSanjay SwarupGuru RajSandya JanakBinduManiSashankNanajee,2021,Telugu,Movie Title: Merise Merise. Directed by: Pawan Kumar K. Starring: Dinesh TejShweta AvasthiSanjay SwarupGuru RajSandya JanakBinduManiSashankNanajee. Released in: 2021.
MAD,Meneni Laxman,Rajath RaghavSpandana PalliMadhav ChilukuriSwetha Varma,2021,Telugu,Movie Title: MAD. Directed by: Meneni Laxman. Starring: Rajath RaghavSpandana PalliMadhav ChilukuriSwetha Varma. Released in: 2021.
Paagal,Naresh Kuppili,Vishwak SenSimran ChoudaryNivetha PethurajMurali SharmaRahul RamakrishnaMegha Lekha,2021,Telugu,Movie Title: Paagal. Directed by: Naresh Kuppili. Starring: Vishwak SenSimran ChoudaryNivetha PethurajMurali SharmaRahul RamakrishnaMegha Lekha. Released in: 2021.
Raja Raja Chora,Hasith Goli,Sree VishnuMegha AkashSunainaRavi BabuTanikella BharaniSrikanth IyyengarAjay GhoshGangavvaVasu Inturi,2021,Telugu,Movie Title: Raja Raja Chora. Directed by: Hasith Goli. Starring: Sree VishnuMegha AkashSunainaRavi BabuTanikella BharaniSrikanth IyyengarAjay GhoshGangavvaVasu Inturi. Released in: 2021.
Kanabadutaledu,Bala Raju M,SunilVaishali RajKancharapalem RajuSukranth VeerellaHimajaYugramPraveenRavi VarmaKireeti Damaraju,2021,Telugu,Movie Title: Kanabadutaledu. Directed by: Bala Raju M. Starring: SunilVaishali RajKancharapalem RajuSukranth VeerellaHimajaYugramPraveenRavi VarmaKireeti Damaraju. Released in: 2021.
Crazy Uncles,E Sathi Babu,SreemukhiRaja RavindraManoBharaniPosani Krishna MuraliGiridharRaghu KarumanchiHemaGayatri BharghaviVijaya MurthyVaajpaiMahendra NathMadhuriSindhuriBandla GaneshPraveen,2021,Telugu,Movie Title: Crazy Uncles. Directed by: E Sathi Babu. Starring: SreemukhiRaja RavindraManoBharaniPosani Krishna MuraliGiridharRaghu KarumanchiHemaGayatri BharghaviVijaya MurthyVaajpaiMahendra NathMadhuriSindhuriBandla GaneshPraveen. Released in: 2021.
Sridevi Soda Center,Karuna Kumar,Sudheer BabuAnandhiNareshSatyam Rajesh,2021,Telugu,Movie Title: Sridevi Soda Center. Directed by: Karuna Kumar. Starring: Sudheer BabuAnandhiNareshSatyam Rajesh. Released in: 2021.
Ichata Vahanamulu Niluparadu,S Darshan,SushanthMeenakshi ChaudharyVennela KishorePriyadarshi PulikondaAbhinav GomatamRavi VarmaHarish KoyalagundlaVenkat,2021,Telugu,Movie Title: Ichata Vahanamulu Niluparadu. Directed by: S Darshan. Starring: SushanthMeenakshi ChaudharyVennela KishorePriyadarshi PulikondaAbhinav GomatamRavi VarmaHarish KoyalagundlaVenkat. Released in: 2021.
Vivaha Bhojanambu,Ram Abbaraju,SatyaSundeep KishanAarjaveeSrikanth IyyengarSudarshanSivannarayana NaripeddiSubbaraya SharmaHarsha Chemudu,2021,Telugu,Movie Title: Vivaha Bhojanambu. Directed by: Ram Abbaraju. Starring: SatyaSundeep KishanAarjaveeSrikanth IyyengarSudarshanSivannarayana NaripeddiSubbaraya SharmaHarsha Chemudu. Released in: 2021.
House Arrest,Shekher Reddy Erra,Srinivasa ReddySaptagiriAdhurs RaghuRavi PrakashRavi BabuThagubothu RameshFrustrated SunainaKaushik,2021,Telugu,Movie Title: House Arrest. Directed by: Shekher Reddy Erra. Starring: Srinivasa ReddySaptagiriAdhurs RaghuRavi PrakashRavi BabuThagubothu RameshFrustrated SunainaKaushik. Released in: 2021.
Dear Megha,A. Sushanth Reddy,Megha AkashAdith ArunArjun SomayajulaPavitra Lokesh,2021,Telugu,Movie Title: Dear Megha. Directed by: A. Sushanth Reddy. Starring: Megha AkashAdith ArunArjun SomayajulaPavitra Lokesh. Released in: 2021.
Nootokka Jillala Andagadu,Rachakonda Vidyasagar,Avasarala SrinivasRuhani Sharma,2021,Telugu,Movie Title: Nootokka Jillala Andagadu. Directed by: Rachakonda Vidyasagar. Starring: Avasarala SrinivasRuhani Sharma. Released in: 2021.
Appudu - Ippudu,Chalapathi Puvvula,SujanTanishq Ranjan,2021,Telugu,Movie Title: Appudu - Ippudu. Directed by: Chalapathi Puvvula. Starring: SujanTanishq Ranjan. Released in: 2021.
Killer,Chinna,Karthik SaiDaly ShahNeha Deshpandey,2021,Telugu,Movie Title: Killer. Directed by: Chinna. Starring: Karthik SaiDaly ShahNeha Deshpandey. Released in: 2021.
Thimmarusu,Sharan Koppisetty,SatyadevPriyanka JawalkarAjayBrahmajiAadarsh BalakrishnaHarsha ChemuduRavi Babu,2021,Telugu,Movie Title: Thimmarusu. Directed by: Sharan Koppisetty. Starring: SatyadevPriyanka JawalkarAjayBrahmajiAadarsh BalakrishnaHarsha ChemuduRavi Babu. Released in: 2021.
Narappa,Srikanth Addala,VenkateshPriyamaniKarthik RathnamRajeev KanakalaVasishta N. SimhaRao RameshBrahmajiNassarPrabhakar,2021,Telugu,Movie Title: Narappa. Directed by: Srikanth Addala. Starring: VenkateshPriyamaniKarthik RathnamRajeev KanakalaVasishta N. SimhaRao RameshBrahmajiNassarPrabhakar. Released in: 2021.
Crrush,Ravi Babu,Krishna BurugulaAbhay SimhaCharan SaiAnkita ManojParree PandeSri Sudha,2021,Telugu,Movie Title: Crrush. Directed by: Ravi Babu. Starring: Krishna BurugulaAbhay SimhaCharan SaiAnkita ManojParree PandeSri Sudha. Released in: 2021.
Pachchis,Sri Krishna Rama Sai,RaamzSwetaa VarmaJay ChandraRavi VarmaDayanand Reddy,2021,Telugu,Movie Title: Pachchis. Directed by: Sri Krishna Rama Sai. Starring: RaamzSwetaa VarmaJay ChandraRavi VarmaDayanand Reddy. Released in: 2021.
Gaali Sampath,Anish Krishna,Sree VishnuRajendra PrasadTanikella BharaniSrikanth AiyyangarRaghu BabuMirchi KiranKarate KalyaniSatyaAnish KuruvillaRajitha,2021,Telugu,Movie Title: Gaali Sampath. Directed by: Anish Krishna. Starring: Sree VishnuRajendra PrasadTanikella BharaniSrikanth AiyyangarRaghu BabuMirchi KiranKarate KalyaniSatyaAnish KuruvillaRajitha. Released in: 2021.
Jathi Ratnalu,Anudeep K V,Naveen PolishettyPriyadarshi PulikondaRahul RamakrishnaMurali SharmaBrahmajiTanikella BharaniVennela KishoreFaria AbdullahNaresh VK,2021,Telugu,Movie Title: Jathi Ratnalu. Directed by: Anudeep K V. Starring: Naveen PolishettyPriyadarshi PulikondaRahul RamakrishnaMurali SharmaBrahmajiTanikella BharaniVennela KishoreFaria AbdullahNaresh VK. Released in: 2021.
Love Life & Pakodi,Jayanth Gali,Bimal Kartheek RebbaSanchitha PoonachaKrishna HebbaleAnuradha MallikarjunAkarsh Raj Bagavatula,2021,Telugu,Movie Title: Love Life & Pakodi. Directed by: Jayanth Gali. Starring: Bimal Kartheek RebbaSanchitha PoonachaKrishna HebbaleAnuradha MallikarjunAkarsh Raj Bagavatula. Released in: 2021.
Chaavu Kaburu Challaga,Koushik Pegallapati,Kartikeya GummakondaLavanya TripathiAamaniSrikanth Iyyengar,2021,Telugu,Movie Title: Chaavu Kaburu Challaga. Directed by: Koushik Pegallapati. Starring: Kartikeya GummakondaLavanya TripathiAamaniSrikanth Iyyengar. Released in: 2021.
Mosagallu,Jeffrey Gee Chin,Vishnu ManchuKajal AggarwalSuniel ShettyRuhi SinghNavdeep,2021,Telugu,Movie Title: Mosagallu. Directed by: Jeffrey Gee Chin. Starring: Vishnu ManchuKajal AggarwalSuniel ShettyRuhi SinghNavdeep. Released in: 2021.
Sashi,Nadikatla Srinivas Naidu,Aadhi PudipeddiSurbhi PuranikTulasiHarsha ChemuduVennela KishoreSudarshanRajeev KanakalaAjay,2021,Telugu,Movie Title: Sashi. Directed by: Nadikatla Srinivas Naidu. Starring: Aadhi PudipeddiSurbhi PuranikTulasiHarsha ChemuduVennela KishoreSudarshanRajeev KanakalaAjay. Released in: 2021.
Rang De,Venky Atluri,NithiinKeerthy SureshNareshKausalyaRohiniBrahmajiVennela KishoreSuhasAbhinav Gomatam,2021,Telugu,Movie Title: Rang De. Directed by: Venky Atluri. Starring: NithiinKeerthy SureshNareshKausalyaRohiniBrahmajiVennela KishoreSuhasAbhinav Gomatam. Released in: 2021.
Aranya,Prabhu Solomon,Rana DaggubatiVishnu VishalRaghu BabuZoya HussainShriya PilgaonkarSampath RamAshvin RajaTinnu Anand,2021,Telugu,Movie Title: Aranya. Directed by: Prabhu Solomon. Starring: Rana DaggubatiVishnu VishalRaghu BabuZoya HussainShriya PilgaonkarSampath RamAshvin RajaTinnu Anand. Released in: 2021.
Asmee,Sesh Kartikeya,Rushika RajRaja NarendraKeshav DeepakamIndu Kusuma,2021,Telugu,Movie Title: Asmee. Directed by: Sesh Kartikeya. Starring: Rushika RajRaja NarendraKeshav DeepakamIndu Kusuma. Released in: 2021.
Thellavarithe Guruvaram,Manikanth Gelli,Sri SimhaHarsha ChemuduAjayRavi VarmaChitra ShuklaRajeev KanakalaSatyaSaranya PradeepVajja Venkata GiridharMourya,2021,Telugu,Movie Title: Thellavarithe Guruvaram. Directed by: Manikanth Gelli. Starring: Sri SimhaHarsha ChemuduAjayRavi VarmaChitra ShuklaRajeev KanakalaSatyaSaranya PradeepVajja Venkata GiridharMourya. Released in: 2021.
Y,Baalu Adusumilli,SriramRahul RamakrishnaAkshaya ChanderGemini SureshRaghu BabuKatthi Mahesh,2021,Telugu,Movie Title: Y. Directed by: Baalu Adusumilli. Starring: SriramRahul RamakrishnaAkshaya ChanderGemini SureshRaghu BabuKatthi Mahesh. Released in: 2021.
Vakeel Saab,Venu Sriram,Pawan KalyanAnjaliNivetha ThomasAnanya NagallaPrakash RajShruti HaasanMukesh RishiVamsi KrishnaAnanda Chakrapani,2021,Telugu,Movie Title: Vakeel Saab. Directed by: Venu Sriram. Starring: Pawan KalyanAnjaliNivetha ThomasAnanya NagallaPrakash RajShruti HaasanMukesh RishiVamsi KrishnaAnanda Chakrapani. Released in: 2021.
Deyyam,Ram Gopal Varma,RajasekharSwathi DeekshithAhuti PrasadTanikella Bharani,2021,Telugu,Movie Title: Deyyam. Directed by: Ram Gopal Varma. Starring: RajasekharSwathi DeekshithAhuti PrasadTanikella Bharani. Released in: 2021.
Thank You Brother,Ramesh Rapathi,Anasuya BharadwajViraj AshwinArchana AnanthAnish KuruvillaHarsha ChemuduAadarsh BalakrishnaAnnapoorna,2021,Telugu,Movie Title: Thank You Brother. Directed by: Ramesh Rapathi. Starring: Anasuya BharadwajViraj AshwinArchana AnanthAnish KuruvillaHarsha ChemuduAadarsh BalakrishnaAnnapoorna. Released in: 2021.
Cinema Bandi,Praveen Kandregula,Vikas VasishtaSandeep VaranasiSindhu Sreenivasa MurthySirivennela YanamandhalaMunivenkatappaUma YgRag MayurRam CharanTrishara,2021,Telugu,Movie Title: Cinema Bandi. Directed by: Praveen Kandregula. Starring: Vikas VasishtaSandeep VaranasiSindhu Sreenivasa MurthySirivennela YanamandhalaMunivenkatappaUma YgRag MayurRam CharanTrishara. Released in: 2021.
Battala Ramaswamy Biopikku,Rama Narayanan,Altaf HassanLavanya ReddySatvika JayShanthi RaoBhadramSiri Chandana,2021,Telugu,Movie Title: Battala Ramaswamy Biopikku. Directed by: Rama Narayanan. Starring: Altaf HassanLavanya ReddySatvika JayShanthi RaoBhadramSiri Chandana. Released in: 2021.
Ek Mini Katha,Karthik Rapolu,Santosh ShobanKavya ThaparShraddha DasPosani Krishna MuraliBrahmaji,2021,Telugu,Movie Title: Ek Mini Katha. Directed by: Karthik Rapolu. Starring: Santosh ShobanKavya ThaparShraddha DasPosani Krishna MuraliBrahmaji. Released in: 2021.
Ardha Shathabdham,Rawindra Pulle,Karthik RathnamNaveen ChandraKrishna PriyaSuhasP. Sai KumarSubhalekha SudhakarPavitra LokeshRaja RavindraAjay,2021,Telugu,Movie Title: Ardha Shathabdham. Directed by: Rawindra Pulle. Starring: Karthik RathnamNaveen ChandraKrishna PriyaSuhasP. Sai KumarSubhalekha SudhakarPavitra LokeshRaja RavindraAjay. Released in: 2021.
Wild Dog,Ashishor Solomon,NagarjunaDia MirzaSaiyami Kher,2021,Telugu,Movie Title: Wild Dog. Directed by: Ashishor Solomon. Starring: NagarjunaDia MirzaSaiyami Kher. Released in: 2021.
Sreekaram,Kishore Reddy,SharwanandPriyanka MohanSai KumarRao RameshMurali SharmaNareshAamaniSaptagiriSatya,2021,Telugu,Movie Title: Sreekaram. Directed by: Kishore Reddy. Starring: SharwanandPriyanka MohanSai KumarRao RameshMurali SharmaNareshAamaniSaptagiriSatya. Released in: 2021.
Net,Bhargav Macharla,Rahul RamakrishnaAvika GorVishwadev RachakondaPraneeta Patnaik,2021,Telugu,Movie Title: Net. Directed by: Bhargav Macharla. Starring: Rahul RamakrishnaAvika GorVishwadev RachakondaPraneeta Patnaik. Released in: 2021.
Seetimaarr,Sampath Nandi,GopichandTamannaahDigangana SuryavanshiBhumika ChawlaRahmanTarun AroraRao RameshPosani Krishna MuraliTanikella Bharani,2021,Telugu,Movie Title: Seetimaarr. Directed by: Sampath Nandi. Starring: GopichandTamannaahDigangana SuryavanshiBhumika ChawlaRahmanTarun AroraRao RameshPosani Krishna MuraliTanikella Bharani. Released in: 2021.
Raja Vikramarka,Sri Saripalli,Kartikeya GummakondaTanya RavichandranSudhakar KomakulaSai KumarPasupathyTanikella BharaniHarsha Vardhan,2021,Telugu,Movie Title: Raja Vikramarka. Directed by: Sri Saripalli. Starring: Kartikeya GummakondaTanya RavichandranSudhakar KomakulaSai KumarPasupathyTanikella BharaniHarsha Vardhan. Released in: 2021.
Adbhutham,Mallik Ram,Teja SajjaShivani RajashekarSatya,2021,Telugu,Movie Title: Adbhutham. Directed by: Mallik Ram. Starring: Teja SajjaShivani RajashekarSatya. Released in: 2021.
Drushyam 2: The Resumption,Jeethu Joseph,VenkateshMeenaKruthika JayakumarEsther AnilSampath RajNadhiyaNareshPoornaVinay VarmaSatyam Rajesh,2021,Telugu,Movie Title: Drushyam 2: The Resumption. Directed by: Jeethu Joseph. Starring: VenkateshMeenaKruthika JayakumarEsther AnilSampath RajNadhiyaNareshPoornaVinay VarmaSatyam Rajesh. Released in: 2021.
Anubhavinchu Raja,Sreenu Gavireddy,Raj TarunKashish KhanPosani Krishna MuraliAjayRavi KrishnaAadukalam NarenSudharshanAadarsh BalakrishnaTemper VamsiAriyana,2021,Telugu,Movie Title: Anubhavinchu Raja. Directed by: Sreenu Gavireddy. Starring: Raj TarunKashish KhanPosani Krishna MuraliAjayRavi KrishnaAadukalam NarenSudharshanAadarsh BalakrishnaTemper VamsiAriyana. Released in: 2021.
1997,Dr. Mohan,Naveen ChandraDr. MohanSrikanth Iyengar,2021,Telugu,Movie Title: 1997. Directed by: Dr. Mohan. Starring: Naveen ChandraDr. MohanSrikanth Iyengar. Released in: 2021.
Akhanda,Boyapati Srinu,Nandamuri BalakrishnaPragya JaiswalJagapathi BabuSrikanthPoornaSubbarajuAyyappa P. SharmaSravanPrabhakar,2021,Telugu,Movie Title: Akhanda. Directed by: Boyapati Srinu. Starring: Nandamuri BalakrishnaPragya JaiswalJagapathi BabuSrikanthPoornaSubbarajuAyyappa P. SharmaSravanPrabhakar. Released in: 2021.
Skylab,Vishavak Khanderao,Nithya MenenSatyadevRahul RamakrishnaTanikella BharaniTharun Bhascker,2021,Telugu,Movie Title: Skylab. Directed by: Vishavak Khanderao. Starring: Nithya MenenSatyadevRahul RamakrishnaTanikella BharaniTharun Bhascker. Released in: 2021.
Lakshya,Dheerendra Santhossh Jagarlapudi,Naga ShauryaKetika SharmaJagapathi BabuSachin KhedekarSatyaRavi Prakash,2021,Telugu,Movie Title: Lakshya. Directed by: Dheerendra Santhossh Jagarlapudi. Starring: Naga ShauryaKetika SharmaJagapathi BabuSachin KhedekarSatyaRavi Prakash. Released in: 2021.
Gamanam,Sujana Rao,Shriya SaranSuhasPriyanka JawalkarSiva KandukuriNithya MenenBithiri Sathi,2021,Telugu,Movie Title: Gamanam. Directed by: Sujana Rao. Starring: Shriya SaranSuhasPriyanka JawalkarSiva KandukuriNithya MenenBithiri Sathi. Released in: 2021.
Sundarangudu,Vinay Babu,"Krishna Sai, Mouryani, Isha, Mirchi Madhavi, Jeeva, Amit Tiwari, Mahaboob Basha, Junior Relangi.",2021,Telugu,"Movie Title: Sundarangudu. Directed by: Vinay Babu. Starring: Krishna Sai, Mouryani, Isha, Mirchi Madhavi, Jeeva, Amit Tiwari, Mahaboob Basha, Junior Relangi.. Released in: 2021."
Pushpa: The Rise,Sukumar,Allu ArjunFahadh FaasilRashmika MandannaDhananjaySunilAnasuya BharadwajSritej,2021,Telugu,Movie Title: Pushpa: The Rise. Directed by: Sukumar. Starring: Allu ArjunFahadh FaasilRashmika MandannaDhananjaySunilAnasuya BharadwajSritej. Released in: 2021.
Shyam Singha Roy,Rahul Sankrityan,NaniSai PallaviKrithi ShettyMadonna SebastianJisshu SenguptaMurali SharmaRahul RavindranAbhinav GomatamManish Wadhwa,2021,Telugu,Movie Title: Shyam Singha Roy. Directed by: Rahul Sankrityan. Starring: NaniSai PallaviKrithi ShettyMadonna SebastianJisshu SenguptaMurali SharmaRahul RavindranAbhinav GomatamManish Wadhwa. Released in: 2021.
WWW: Who Where Why,K. V. Guhan,Adith ArunShivani RajashekarPriyadarshi PulikondaRiyaz KhanHarsha ChemuduSatyam RajeshDivya Sripada,2021,Telugu,Movie Title: WWW: Who Where Why. Directed by: K. V. Guhan. Starring: Adith ArunShivani RajashekarPriyadarshi PulikondaRiyaz KhanHarsha ChemuduSatyam RajeshDivya Sripada. Released in: 2021.
Gudaputani,KM Kumar,SaptagiriRaghu KuncheAnanth,2021,Telugu,Movie Title: Gudaputani. Directed by: KM Kumar. Starring: SaptagiriRaghu KuncheAnanth. Released in: 2021.
Arjuna Phalguna,Teja Marni,Sree VishnuNareshSivaji RajaSubbarajuDevi PrasadRangasthalam MaheshRaj Kumar KasireddyChaitanya Garikipati,2021,Telugu,Movie Title: Arjuna Phalguna. Directed by: Teja Marni. Starring: Sree VishnuNareshSivaji RajaSubbarajuDevi PrasadRangasthalam MaheshRaj Kumar KasireddyChaitanya Garikipati. Released in: 2021.
Senapathi,Pavan Sadineni,Rajendra PrasadNaresh AgastyaHarsha VardhanGnaneswari KandregulaSatya PrakashRakendu MouliRavi JoshA Jeevan KumarPavani ReddyRocky,2021,Telugu,Movie Title: Senapathi. Directed by: Pavan Sadineni. Starring: Rajendra PrasadNaresh AgastyaHarsha VardhanGnaneswari KandregulaSatya PrakashRakendu MouliRavi JoshA Jeevan KumarPavani ReddyRocky. Released in: 2021.
Aasha Encounter,Anand Chandra,Srikanth IyengarSonia AkulaPraveen Raj,2022,Telugu,Movie Title: Aasha Encounter. Directed by: Anand Chandra. Starring: Srikanth IyengarSonia AkulaPraveen Raj. Released in: 2022.
Pushpaka Vimanam,Damodara,Anand DeverakondaSaanve MegghanaGeeth SainiSunilNareshHarsha VardhanHarsha Chemudu,2021,Telugu,Movie Title: Pushpaka Vimanam. Directed by: Damodara. Starring: Anand DeverakondaSaanve MegghanaGeeth SainiSunilNareshHarsha VardhanHarsha Chemudu. Released in: 2021.
Manchi Rojulochaie,Maruthi,Santosh SobhanMehreen PirzadaAjay GhoshSrinivasa ReddyVennela KishoreSudarshanSatyam RajeshSaptagiriRajithaPraveenHarsha Chemudu,2021,Telugu,Movie Title: Manchi Rojulochaie. Directed by: Maruthi. Starring: Santosh SobhanMehreen PirzadaAjay GhoshSrinivasa ReddyVennela KishoreSudarshanSatyam RajeshSaptagiriRajithaPraveenHarsha Chemudu. Released in: 2021.
Varudu Kaavalenu,Lakshmi Sowjanya,Naga ShauryaRitu VarmaMurali SharmaNadhiyaVennela KishoreNadhiyaPraveenHarsha VardhanVaishnavi Chaitanya,2021,Telugu,Movie Title: Varudu Kaavalenu. Directed by: Lakshmi Sowjanya. Starring: Naga ShauryaRitu VarmaMurali SharmaNadhiyaVennela KishoreNadhiyaPraveenHarsha VardhanVaishnavi Chaitanya. Released in: 2021.
Romantic,Anil Paduri,Akash PuriKetika SharmaRamya KrishnanMakarand Deshpande,2021,Telugu,Movie Title: Romantic. Directed by: Anil Paduri. Starring: Akash PuriKetika SharmaRamya KrishnanMakarand Deshpande. Released in: 2021.
Gully Rowdy,G. Nageswara Reddy,Sundeep KishanNeha ShettyBobby SimhaHarsha ChemuduVennela KishoreRajendra PrasadPosani Krishna MuraliShakalaka ShankarMime Gopi,2021,Telugu,Movie Title: Gully Rowdy. Directed by: G. Nageswara Reddy. Starring: Sundeep KishanNeha ShettyBobby SimhaHarsha ChemuduVennela KishoreRajendra PrasadPosani Krishna MuraliShakalaka ShankarMime Gopi. Released in: 2021.
Maestro,Merlapaka Gandhi,NithiinTamannaahNabha NateshJisshu SenguptaNareshSreemukhiAnanya NagallaMangliRacha RaviHarsha Vardhan,2021,Telugu,Movie Title: Maestro. Directed by: Merlapaka Gandhi. Starring: NithiinTamannaahNabha NateshJisshu SenguptaNareshSreemukhiAnanya NagallaMangliRacha RaviHarsha Vardhan. Released in: 2021.
Aakashavaani,Ashwin Gangaraju,SamuthirakaniVinay VarmaTeja KakumanuPrashantMime MadhuShaking SeshuGetup Srinu,2021,Telugu,Movie Title: Aakashavaani. Directed by: Ashwin Gangaraju. Starring: SamuthirakaniVinay VarmaTeja KakumanuPrashantMime MadhuShaking SeshuGetup Srinu. Released in: 2021.
Alanti Sitralu,Supreeth C Krishna,Shwetta ParasharPrawin YendamuriYash PuriTanvi AkaankshaAjay Kumar Kathurvar,2021,Telugu,Movie Title: Alanti Sitralu. Directed by: Supreeth C Krishna. Starring: Shwetta ParasharPrawin YendamuriYash PuriTanvi AkaankshaAjay Kumar Kathurvar. Released in: 2021.
Love Story,Sekhar Kammula,Naga ChaitanyaSai PallaviRao RameshDevayaniRajeev KanakalaEaswari RaoSatyam RajeshThagubothu Ramesh,2021,Telugu,Movie Title: Love Story. Directed by: Sekhar Kammula. Starring: Naga ChaitanyaSai PallaviRao RameshDevayaniRajeev KanakalaEaswari RaoSatyam RajeshThagubothu Ramesh. Released in: 2021.
Maro Prastanam,Johny,TanishMasskan SethiKabir Dulhan SinghRavi KaleBhanu Sri MehtaAmit,2021,Telugu,Movie Title: Maro Prastanam. Directed by: Johny. Starring: TanishMasskan SethiKabir Dulhan SinghRavi KaleBhanu Sri MehtaAmit. Released in: 2021.
Republic,Deva Katta,Sai Dharam TejAishwarya RajeshJagapathi BabuRamya KrishnaSubbarajuAamaniPosani Krishna Murali,2021,Telugu,Movie Title: Republic. Directed by: Deva Katta. Starring: Sai Dharam TejAishwarya RajeshJagapathi BabuRamya KrishnaSubbarajuAamaniPosani Krishna Murali. Released in: 2021.
The Rose Villa,Hemanth,Dheekshith ShettySwetha VarmaRaja Ravindra,2021,Telugu,Movie Title: The Rose Villa. Directed by: Hemanth. Starring: Dheekshith ShettySwetha VarmaRaja Ravindra. Released in: 2021.
Tuck Jagadish,Shiva Nirvana,NaniRitu VarmaAishwarya RajeshJagapathi BabuDaniel BalajiNassarThiruveerRohiniDevadarshiniNareshRao RameshPraveen,2021,Telugu,Movie Title: Tuck Jagadish. Directed by: Shiva Nirvana. Starring: NaniRitu VarmaAishwarya RajeshJagapathi BabuDaniel BalajiNassarThiruveerRohiniDevadarshiniNareshRao RameshPraveen. Released in: 2021.
Idhe Maa Katha,Guru Pavan,Sumanth AshwinSrikanthBhumika ChawlaTanya Hope,2021,Telugu,Movie Title: Idhe Maa Katha. Directed by: Guru Pavan. Starring: Sumanth AshwinSrikanthBhumika ChawlaTanya Hope. Released in: 2021.
Itlu Amma,C. Umamaheswara Rao,"RevathiKrishneshwara RaoRavi KalePrashanth, MihiraVineethAruvi Bala",2021,Telugu,"Movie Title: Itlu Amma. Directed by: C. Umamaheswara Rao. Starring: RevathiKrishneshwara RaoRavi KalePrashanth, MihiraVineethAruvi Bala. Released in: 2021."
Konda Polam,Krish,Panja Vaisshnav TejRakul Preet SinghSai ChandKota Srinivasa RaoNassarAnnapurnaHema,2021,Telugu,Movie Title: Konda Polam. Directed by: Krish. Starring: Panja Vaisshnav TejRakul Preet SinghSai ChandKota Srinivasa RaoNassarAnnapurnaHema. Released in: 2021.
Maha Samudram,Ajay Bhupathi,SharwanandSiddharthAditi Rao HydariAnu EmmanuelJagapathi BabuRao Ramesh,2021,Telugu,Movie Title: Maha Samudram. Directed by: Ajay Bhupathi. Starring: SharwanandSiddharthAditi Rao HydariAnu EmmanuelJagapathi BabuRao Ramesh. Released in: 2021.
Pelli SandaD,Gowri Ronanki,RoshanSree LeelaRao RameshRajendra PrasadSrinivasa ReddyPosani Krishna MuraliPrakash RajShakalaka ShankarFish Venkat,2021,Telugu,Movie Title: Pelli SandaD. Directed by: Gowri Ronanki. Starring: RoshanSree LeelaRao RameshRajendra PrasadSrinivasa ReddyPosani Krishna MuraliPrakash RajShakalaka ShankarFish Venkat. Released in: 2021.
Most Eligible Bachelor,Bhaskar,Akhil AkkineniPooja HegdeEesha RebbaAamaniMurali SharmaVennela KishoreJayaprakashPragathiAmit TiwariSudigali Sudheer,2021,Telugu,Movie Title: Most Eligible Bachelor. Directed by: Bhaskar. Starring: Akhil AkkineniPooja HegdeEesha RebbaAamaniMurali SharmaVennela KishoreJayaprakashPragathiAmit TiwariSudigali Sudheer. Released in: 2021.
Asalem Jarigandi,Nuleti Veera Raghava,SriramSanchita Padukone,2021,Telugu,Movie Title: Asalem Jarigandi. Directed by: Nuleti Veera Raghava. Starring: SriramSanchita Padukone. Released in: 2021.
Heads and Tales,Sai Krishna Enreddy,SunilSrividya MaharshiDivya SripadaChandni RaoArunKivish Kautilya,2021,Telugu,Movie Title: Heads and Tales. Directed by: Sai Krishna Enreddy. Starring: SunilSrividya MaharshiDivya SripadaChandni RaoArunKivish Kautilya. Released in: 2021.
Family Drama,Meher Tej,SuhasTeja KasarapuSruti Meher,2021,Telugu,Movie Title: Family Drama. Directed by: Meher Tej. Starring: SuhasTeja KasarapuSruti Meher. Released in: 2021.
Aaradugula Bullet,B. Gopal,GopichandNayantharaPrakash RajAbhimanyu SinghKota Srinivasa RaoBrahmanandamJaya Prakash ReddyRama PrabhaUttej,2021,Telugu,Movie Title: Aaradugula Bullet. Directed by: B. Gopal. Starring: GopichandNayantharaPrakash RajAbhimanyu SinghKota Srinivasa RaoBrahmanandamJaya Prakash ReddyRama PrabhaUttej. Released in: 2021.
Induvadana,M. Srinivas Raju,Varun SandeshFarnaz ShettyRaghu BabuDhanrajPraveen Raj,2022,Telugu,Movie Title: Induvadana. Directed by: M. Srinivas Raju. Starring: Varun SandeshFarnaz ShettyRaghu BabuDhanrajPraveen Raj. Released in: 2022.
Play Back,Jakka Hari Prasad,Dinesh TejSpandana PalliAnanya NagallaArjun KalyanThagubothu RameshGautam RajuTNRSuryaAnanda ChakrapaniAishwarya LekshmiKarthikeya Krishna MalladiAshok VardhanMurthy Journalist,2021,Telugu,Movie Title: Play Back. Directed by: Jakka Hari Prasad. Starring: Dinesh TejSpandana PalliAnanya NagallaArjun KalyanThagubothu RameshGautam RajuTNRSuryaAnanda ChakrapaniAishwarya LekshmiKarthikeya Krishna MalladiAshok VardhanMurthy Journalist. Released in: 2021.
April 28 Em Jarigindi,Veera Swamy.G,Raja RanjithSherry AgarwalTanikella BharaniAjayRajeev KanakalaChammak Chandra,2021,Telugu,Movie Title: April 28 Em Jarigindi. Directed by: Veera Swamy.G. Starring: Raja RanjithSherry AgarwalTanikella BharaniAjayRajeev KanakalaChammak Chandra. Released in: 2021.
Madha,Srividya Basawa,Trishna MukherjeeVenkat RahulAnish KuruvillaBikramjeet Kanwarpal,2020,Telugu,Movie Title: Madha. Directed by: Srividya Basawa. Starring: Trishna MukherjeeVenkat RahulAnish KuruvillaBikramjeet Kanwarpal. Released in: 2020.
Arjuna,Kanmani,RajasekharMaryam Zakaria,2020,Telugu,Movie Title: Arjuna. Directed by: Kanmani. Starring: RajasekharMaryam Zakaria. Released in: 2020.
Amrutharamam,Surender Kontadi,Amitha RanganathRam Mittakanti,2020,Telugu,Movie Title: Amrutharamam. Directed by: Surender Kontadi. Starring: Amitha RanganathRam Mittakanti. Released in: 2020.
Run,Lakshmikanth Chenna,NavdeepPujita Ponnada,2020,Telugu,Movie Title: Run. Directed by: Lakshmikanth Chenna. Starring: NavdeepPujita Ponnada. Released in: 2020.
Krishna and His Leela,Ravikanth Perepu,Siddu JonnalagaddaShraddha SrinathSeerat KapoorShalini Vadnikatti,2020,Telugu,Movie Title: Krishna and His Leela. Directed by: Ravikanth Perepu. Starring: Siddu JonnalagaddaShraddha SrinathSeerat KapoorShalini Vadnikatti. Released in: 2020.
47 Days,Pradeep Maddali,SatyadevPooja Jhaveri,2020,Telugu,Movie Title: 47 Days. Directed by: Pradeep Maddali. Starring: SatyadevPooja Jhaveri. Released in: 2020.
Bhanumathi & Ramakrishna,Srikanth Nagothi,Naveen ChandraSalony Luthra,2020,Telugu,Movie Title: Bhanumathi & Ramakrishna. Directed by: Srikanth Nagothi. Starring: Naveen ChandraSalony Luthra. Released in: 2020.
Uma Maheswara Ugra Roopasya,Venkatesh Maha,SatyadevNareshSuhasRaghavanHari ChandanaRoopa KoduvayurRavindra VijayJabardasth RamprasadTNR,2020,Telugu,Movie Title: Uma Maheswara Ugra Roopasya. Directed by: Venkatesh Maha. Starring: SatyadevNareshSuhasRaghavanHari ChandanaRoopa KoduvayurRavindra VijayJabardasth RamprasadTNR. Released in: 2020.
Meka Suri,Trinadh Velisala,Abhinay ReddySyed Sumaya Farahath,2020,Telugu,Movie Title: Meka Suri. Directed by: Trinadh Velisala. Starring: Abhinay ReddySyed Sumaya Farahath. Released in: 2020.
Johaar,Teja Marni,Esther AnilAnkith KoyyaNaina GangulyEaswari RaoSubhalekha Sudhakar,2020,Telugu,Movie Title: Johaar. Directed by: Teja Marni. Starring: Esther AnilAnkith KoyyaNaina GangulyEaswari RaoSubhalekha Sudhakar. Released in: 2020.
Buchinaidu Khandriga,Poluru Krishna,Drishika ChanderRavi Varma,2020,Telugu,Movie Title: Buchinaidu Khandriga. Directed by: Poluru Krishna. Starring: Drishika ChanderRavi Varma. Released in: 2020.
V,Mohan Krishna Indraganti,NaniSudheer BabuNivetha ThomasAditi Rao HydariVennela Kishore,2020,Telugu,Movie Title: V. Directed by: Mohan Krishna Indraganti. Starring: NaniSudheer BabuNivetha ThomasAditi Rao HydariVennela Kishore. Released in: 2020.
Maguva,Sriram Yedhoti,MadhupriyaPrasanna PushpamalaSuresh babuHarishchandhraNaviketh PatilDevalaraju Ravi,2020,Telugu,Movie Title: Maguva. Directed by: Sriram Yedhoti. Starring: MadhupriyaPrasanna PushpamalaSuresh babuHarishchandhraNaviketh PatilDevalaraju Ravi. Released in: 2020.
Amaram Akhilam Prema,Edwards Jonathan,Vijay RamShivshakti Sachdev,2020,Telugu,Movie Title: Amaram Akhilam Prema. Directed by: Edwards Jonathan. Starring: Vijay RamShivshakti Sachdev. Released in: 2020.
Nishabdham,Hemant Madhukar,Anushka ShettyMadhavanMichael MadsenAnjaliSubbarajuShalini PandeySrinivas Avasarala,2020,Telugu,Movie Title: Nishabdham. Directed by: Hemant Madhukar. Starring: Anushka ShettyMadhavanMichael MadsenAnjaliSubbarajuShalini PandeySrinivas Avasarala. Released in: 2020.
Orey Bujjiga,Vijay Kumar Konda,Raj TarunMalavika NairHebah Patel,2020,Telugu,Movie Title: Orey Bujjiga. Directed by: Vijay Kumar Konda. Starring: Raj TarunMalavika NairHebah Patel. Released in: 2020.
Colour Photo,Sandeep Raj,SuhasChandini ChowdarySunil,2020,Telugu,Movie Title: Colour Photo. Directed by: Sandeep Raj. Starring: SuhasChandini ChowdarySunil. Released in: 2020.
Eureka,Karteek Anand,Karteek AnandSyed SohelDimple HayathiShalini Vadnikatti,2020,Telugu,Movie Title: Eureka. Directed by: Karteek Anand. Starring: Karteek AnandSyed SohelDimple HayathiShalini Vadnikatti. Released in: 2020.
Screenplay of an Indian Love Story,K L Prasad,Pragathi YadhatiVikram Shiva,2020,Telugu,Movie Title: Screenplay of an Indian Love Story. Directed by: K L Prasad. Starring: Pragathi YadhatiVikram Shiva. Released in: 2020.
Anukunnadi Okkati Ayyandhi Okati,Baalu Adusumilli,Dhanya BalakrishnaKomalee PrasadSiddhi IdnaniTridha ChoudhuryRaghu BabuHimajaRaghu KarumanchiSameer Hasan,2020,Telugu,Movie Title: Anukunnadi Okkati Ayyandhi Okati. Directed by: Baalu Adusumilli. Starring: Dhanya BalakrishnaKomalee PrasadSiddhi IdnaniTridha ChoudhuryRaghu BabuHimajaRaghu KarumanchiSameer Hasan. Released in: 2020.
O Pitta Katha,Chandu Muddu,Viswant DuddumpudiSanjay RaoNithya ShettyBrahmaji,2020,Telugu,Movie Title: O Pitta Katha. Directed by: Chandu Muddu. Starring: Viswant DuddumpudiSanjay RaoNithya ShettyBrahmaji. Released in: 2020.
Jaanu,C. Premkumar,SharwanandSamantha AkkineniSai Kiran KumarGouri G. KishanTanikella BharaniVennela KishoreRaghu BabuVarsha BollammaSaranya Pradeep,2020,Telugu,Movie Title: Jaanu. Directed by: C. Premkumar. Starring: SharwanandSamantha AkkineniSai Kiran KumarGouri G. KishanTanikella BharaniVennela KishoreRaghu BabuVarsha BollammaSaranya Pradeep. Released in: 2020.
3 Monkeys,Anil Kumar G,Sudigali SudheerGetup SrinuRam PrasadKarunya ChowdaryKautilya,2020,Telugu,Movie Title: 3 Monkeys. Directed by: Anil Kumar G. Starring: Sudigali SudheerGetup SrinuRam PrasadKarunya ChowdaryKautilya. Released in: 2020.
Savaari,Saahith Mothkuri,NanduPriyanka SharmaSrikanth Reddy GantaShiva KumarMaddy,2020,Telugu,Movie Title: Savaari. Directed by: Saahith Mothkuri. Starring: NanduPriyanka SharmaSrikanth Reddy GantaShiva KumarMaddy. Released in: 2020.
Degree College,Narasimha Nandi,VarunSri DivyaDuvvasi MohanJayavaniSrinivas MadanRK,2020,Telugu,Movie Title: Degree College. Directed by: Narasimha Nandi. Starring: VarunSri DivyaDuvvasi MohanJayavaniSrinivas MadanRK. Released in: 2020.
Neevalle Nenunna,Saibaba. M,Surya SreenivasSri PallaviSudharshanRam PrasadAnish Kuruvilla,2020,Telugu,Movie Title: Neevalle Nenunna. Directed by: Saibaba. M. Starring: Surya SreenivasSri PallaviSudharshanRam PrasadAnish Kuruvilla. Released in: 2020.
World Famous Lover,Kranthi Madhav,Vijay DeverakondaRaashi KhannaCatherine TresaAishwarya RajeshIzabelle Leite,2020,Telugu,Movie Title: World Famous Lover. Directed by: Kranthi Madhav. Starring: Vijay DeverakondaRaashi KhannaCatherine TresaAishwarya RajeshIzabelle Leite. Released in: 2020.
Oka Chinna Viramam,Sundeep cheguri,Punarnavi BhupalamSanjay VarmaNaveen NeniGarima Singh,2020,Telugu,Movie Title: Oka Chinna Viramam. Directed by: Sundeep cheguri. Starring: Punarnavi BhupalamSanjay VarmaNaveen NeniGarima Singh. Released in: 2020.
Shiva 143,Sagar Sailesh,Sagar SaileshYeisha AdarahaHrithika singhD.S.Rao,2020,Telugu,Movie Title: Shiva 143. Directed by: Sagar Sailesh. Starring: Sagar SaileshYeisha AdarahaHrithika singhD.S.Rao. Released in: 2020.
Miss India,Narendra Nath,Keerthy SureshJagapathi BabuRajendra PrasadNaveen Chandra,2020,Telugu,Movie Title: Miss India. Directed by: Narendra Nath. Starring: Keerthy SureshJagapathi BabuRajendra PrasadNaveen Chandra. Released in: 2020.
Life Anubavinchu Raja,Suresh Thirumur,RavitejaSravani NikkiShruti Shetty,2020,Telugu,Movie Title: Life Anubavinchu Raja. Directed by: Suresh Thirumur. Starring: RavitejaSravani NikkiShruti Shetty. Released in: 2020.
Pressure Cooker,Sujoi & Sushil,Sai RonakPreethi AsraniRahul RamakrishnaRajai RowanTanikella BharaniRavi VarmaC.V.L. Narasimha Rao,2020,Telugu,Movie Title: Pressure Cooker. Directed by: Sujoi & Sushil. Starring: Sai RonakPreethi AsraniRahul RamakrishnaRajai RowanTanikella BharaniRavi VarmaC.V.L. Narasimha Rao. Released in: 2020.
Valayam,Ramesh Kadumula,Laksh ChadalavadaDigangana Suryavanshi,2020,Telugu,Movie Title: Valayam. Directed by: Ramesh Kadumula. Starring: Laksh ChadalavadaDigangana Suryavanshi. Released in: 2020.
Cheema Prema Madhyalo Bhaama,Srikanth 'Sri' Appalaraju,AmithIndhu Cherukuri,2020,Telugu,Movie Title: Cheema Prema Madhyalo Bhaama. Directed by: Srikanth 'Sri' Appalaraju. Starring: AmithIndhu Cherukuri. Released in: 2020.
Raahu,Subbu Vedula,Kriti GargAbeRaam VarmaChalaki Chantikalikeya Prabhakar,2020,Telugu,Movie Title: Raahu. Directed by: Subbu Vedula. Starring: Kriti GargAbeRaam VarmaChalaki Chantikalikeya Prabhakar. Released in: 2020.
HIT: The First Case,Sailesh Kolanu,Vishwak SenRuhani SharmaBrahmajiHari TejaMurli SharmaBhanu ChanderRavi Varma,2020,Telugu,Movie Title: HIT: The First Case. Directed by: Sailesh Kolanu. Starring: Vishwak SenRuhani SharmaBrahmajiHari TejaMurli SharmaBhanu ChanderRavi Varma. Released in: 2020.
Swecha,KPN Chawhan,MangliChammak Chandra,2020,Telugu,Movie Title: Swecha. Directed by: KPN Chawhan. Starring: MangliChammak Chandra. Released in: 2020.
College Kumar,Hari Santhosh,Rajendra PrasadRahul VijayPriya VadlamaniMadhubalaNassarManobala,2020,Telugu,Movie Title: College Kumar. Directed by: Hari Santhosh. Starring: Rajendra PrasadRahul VijayPriya VadlamaniMadhubalaNassarManobala. Released in: 2020.
Palasa 1978,Karuna Kumar,RakshitNakshatraRaghu KuncheThiruveerLaxman Meesala,2020,Telugu,Movie Title: Palasa 1978. Directed by: Karuna Kumar. Starring: RakshitNakshatraRaghu KuncheThiruveerLaxman Meesala. Released in: 2020.
Bheeshma,Venky Kudumula,NithinRashmika MandannaAnant NagJisshu SenguptaVennela KishoreSampath RajAjayNareshPraveenaBrahmajiMime GopiSubhalekha SudhakarRaghu BabuSatya,2020,Telugu,Movie Title: Bheeshma. Directed by: Venky Kudumula. Starring: NithinRashmika MandannaAnant NagJisshu SenguptaVennela KishoreSampath RajAjayNareshPraveenaBrahmajiMime GopiSubhalekha SudhakarRaghu BabuSatya. Released in: 2020.
Power Play,Vijay Kumar Konda,Raj TarunHemal IngleShamna KasimPrince CecilKota Srinivasa RaoSatyam RajeshAjay,2021,Telugu,Movie Title: Power Play. Directed by: Vijay Kumar Konda. Starring: Raj TarunHemal IngleShamna KasimPrince CecilKota Srinivasa RaoSatyam RajeshAjay. Released in: 2021.
Gatham,Kiran Reddy,Bhargava PoludasuRakesh GalebhePoojitha Kuraparthi,2020,Telugu,Movie Title: Gatham. Directed by: Kiran Reddy. Starring: Bhargava PoludasuRakesh GalebhePoojitha Kuraparthi. Released in: 2020.
Maa Vintha Gaadha Vinuma,Aditya Mandala,Siddu JonnalagaddaSeerat KapoorTanikella Bharani,2020,Telugu,Movie Title: Maa Vintha Gaadha Vinuma. Directed by: Aditya Mandala. Starring: Siddu JonnalagaddaSeerat KapoorTanikella Bharani. Released in: 2020.
Mr & Miss,Ashok Reddy,Sailesh SunnyGnaneswari Kandregula,2021,Telugu,Movie Title: Mr & Miss. Directed by: Ashok Reddy. Starring: Sailesh SunnyGnaneswari Kandregula. Released in: 2021.
Kalaposhakulu,Chalapathy Puvvula,Vishva KarthikeyaDeepaGemini SureshAnanthKrishnaveni,2021,Telugu,Movie Title: Kalaposhakulu. Directed by: Chalapathy Puvvula. Starring: Vishva KarthikeyaDeepaGemini SureshAnanthKrishnaveni. Released in: 2021.
Madhura Wines,Bandi Jayakishore,Naveen Kumar ReddySahasra ReddyTumuluri SammohitKommuri Leela Venkatesh,2021,Telugu,Movie Title: Madhura Wines. Directed by: Bandi Jayakishore. Starring: Naveen Kumar ReddySahasra ReddyTumuluri SammohitKommuri Leela Venkatesh. Released in: 2021.
Zombie Reddy,Prasanth Varma,Sajja TejaAnandhiHarsha VardhanRaghu BabuDaksha NagarkarPrudhvi RajRaghu KarumanchiKireeti DamarajuAnnapoornaVitta Mahesh,2021,Telugu,Movie Title: Zombie Reddy. Directed by: Prasanth Varma. Starring: Sajja TejaAnandhiHarsha VardhanRaghu BabuDaksha NagarkarPrudhvi RajRaghu KarumanchiKireeti DamarajuAnnapoornaVitta Mahesh. Released in: 2021.
Pranavum,Kumar G,Sree MangamAvantika HariGayatri IyerGemini sureshShashank,2021,Telugu,Movie Title: Pranavum. Directed by: Kumar G. Starring: Sree MangamAvantika HariGayatri IyerGemini sureshShashank. Released in: 2021.
G- Zombie,Aryan Deepu,Aryan GowraDivya Pandey,2021,Telugu,Movie Title: G- Zombie. Directed by: Aryan Deepu. Starring: Aryan GowraDivya Pandey. Released in: 2021.
Uppena,Bucchi Babu Sana,Panja Vaisshnav TejKrithi ShettyVijay Sethupathi,2021,Telugu,Movie Title: Uppena. Directed by: Bucchi Babu Sana. Starring: Panja Vaisshnav TejKrithi ShettyVijay Sethupathi. Released in: 2021.
FCUK: Father Chitti Umaa Kaarthik,Vidya Sagar Raju,Jagapathi BabuAmmu AbhiramiRam KarthikBaby SahrashitaAliRajithaKrishna BhagavaanBrahmajiRajaRam Prasad,2021,Telugu,Movie Title: FCUK: Father Chitti Umaa Kaarthik. Directed by: Vidya Sagar Raju. Starring: Jagapathi BabuAmmu AbhiramiRam KarthikBaby SahrashitaAliRajithaKrishna BhagavaanBrahmajiRajaRam Prasad. Released in: 2021.
Pitta Kathalu,"Nag Ashwin, B. V. Nandini Reddy, Tharun Bhascker, Sankalp Reddy",Shruti HaasanEesha RebbaAmala PaulLakshmi ManchuJagapathi BabuSaanve MegghanaSanjith HegdeAshwin KakumanuSatyadevSrinivas AvasaralaAnish KuruvillaAshima NarwalThanmayi,2021,Telugu,"Movie Title: Pitta Kathalu. Directed by: Nag Ashwin, B. V. Nandini Reddy, Tharun Bhascker, Sankalp Reddy. Starring: Shruti HaasanEesha RebbaAmala PaulLakshmi ManchuJagapathi BabuSaanve MegghanaSanjith HegdeAshwin KakumanuSatyadevSrinivas AvasaralaAnish KuruvillaAshima NarwalThanmayi. Released in: 2021."
Naandhi,Vijay Kanakamedala,Allari NareshVaralaxmi SarathkumarPriyadarshi PulikondaHarish UthamanPraveen,2021,Telugu,Movie Title: Naandhi. Directed by: Vijay Kanakamedala. Starring: Allari NareshVaralaxmi SarathkumarPriyadarshi PulikondaHarish UthamanPraveen. Released in: 2021.
Kapatadhaari,Pradeep Krishnamoorthy,SumanthNandita SwethaNassarJayaprakashVennela KishoreSuman RanganathanJ. Satish Kumar,2021,Telugu,Movie Title: Kapatadhaari. Directed by: Pradeep Krishnamoorthy. Starring: SumanthNandita SwethaNassarJayaprakashVennela KishoreSuman RanganathanJ. Satish Kumar. Released in: 2021.
A: Ad Infitium,Ugandhar Muni,Nithin PrasannaPreethi AsraniBaby DeevenaRangadamKrishna VeniBharadwaj,2021,Telugu,Movie Title: A: Ad Infitium. Directed by: Ugandhar Muni. Starring: Nithin PrasannaPreethi AsraniBaby DeevenaRangadamKrishna VeniBharadwaj. Released in: 2021.
Check,Chandra Sekhar Yeleti,NithiinRakul Preet SinghPriya Prakash VarrierSampath Raj,2021,Telugu,Movie Title: Check. Directed by: Chandra Sekhar Yeleti. Starring: NithiinRakul Preet SinghPriya Prakash VarrierSampath Raj. Released in: 2021.
Akshara,B.Chinni Krishna,Nandita SwethaAjay GhoshShakalaka ShankarK. SivasankarSatyaMadhunandan,2021,Telugu,Movie Title: Akshara. Directed by: B.Chinni Krishna. Starring: Nandita SwethaAjay GhoshShakalaka ShankarK. SivasankarSatyaMadhunandan. Released in: 2021.
Ninnila Ninnila,Ani I V Sasi,Ashok SelvanNithya MenonRitu VarmaNassarSatya,2021,Telugu,Movie Title: Ninnila Ninnila. Directed by: Ani I V Sasi. Starring: Ashok SelvanNithya MenonRitu VarmaNassarSatya. Released in: 2021.
A1 Express,Dennis Jeevan Kanukolanu,Sundeep KishanLavanya TripathiRao RameshMurali SharmaPosani Krishna MuraliPriyadarshi PulikondaRaghu BabuSatya,2021,Telugu,Movie Title: A1 Express. Directed by: Dennis Jeevan Kanukolanu. Starring: Sundeep KishanLavanya TripathiRao RameshMurali SharmaPosani Krishna MuraliPriyadarshi PulikondaRaghu BabuSatya. Released in: 2021.
Shaadi Mubarak,Padmasri,SagarDrushya RaghunathRahul Ramakrishna,2021,Telugu,Movie Title: Shaadi Mubarak. Directed by: Padmasri. Starring: SagarDrushya RaghunathRahul Ramakrishna. Released in: 2021.
Jai Sena,V. Samudra,SrikanthSunilSreeramTaraka RatnaPreeti Sharma,2021,Telugu,Movie Title: Jai Sena. Directed by: V. Samudra. Starring: SrikanthSunilSreeramTaraka RatnaPreeti Sharma. Released in: 2021.
Cheppina Evaru Nammaru,Aaryan Krishna,Aaryan KrishnaSupyardee SinghVikram CharyVijayendra,2021,Telugu,Movie Title: Cheppina Evaru Nammaru. Directed by: Aaryan Krishna. Starring: Aaryan KrishnaSupyardee SinghVikram CharyVijayendra. Released in: 2021.
Annapurnamma Gari Manavadu,Narra Shiva Nageswara Rao,BaladithyaVeda SastryVikram CharyVijayendra,2021,Telugu,Movie Title: Annapurnamma Gari Manavadu. Directed by: Narra Shiva Nageswara Rao. Starring: BaladithyaVeda SastryVikram CharyVijayendra. Released in: 2021.
Amma Deevena,Shiva Eturi,AamaniPosani Krishna MuraliAjay Ghosh,2021,Telugu,Movie Title: Amma Deevena. Directed by: Shiva Eturi. Starring: AamaniPosani Krishna MuraliAjay Ghosh. Released in: 2021.
Anaganaga O Athdhi,Dayal Padmanabhan,Chaitanya KrishnaPayal Rajput,2020,Telugu,Movie Title: Anaganaga O Athdhi. Directed by: Dayal Padmanabhan. Starring: Chaitanya KrishnaPayal Rajput. Released in: 2020.
Middle Class Melodies,Vinod Ananthoju,Anand DevarakondaVarsha Bollamma,2020,Telugu,Movie Title: Middle Class Melodies. Directed by: Vinod Ananthoju. Starring: Anand DevarakondaVarsha Bollamma. Released in: 2020.
Meka Suri 2,Trinadh Velisala,Abhinay ReddySyed Sumaya Farahath,2020,Telugu,Movie Title: Meka Suri 2. Directed by: Trinadh Velisala. Starring: Abhinay ReddySyed Sumaya Farahath. Released in: 2020.
Bombhaat,Raghavendra Varma,Chandini ChowdarySai Sushanth ReddySimran Choudhary,2020,Telugu,Movie Title: Bombhaat. Directed by: Raghavendra Varma. Starring: Chandini ChowdarySai Sushanth ReddySimran Choudhary. Released in: 2020.
IIT Krishnamurthy,Sree Vardhan,Dandamudi PruthviMaira DoshiAnandSatya,2020,Telugu,Movie Title: IIT Krishnamurthy. Directed by: Sree Vardhan. Starring: Dandamudi PruthviMaira DoshiAnandSatya. Released in: 2020.
Guvva Gorinka,Bammidi Mohan,SatyadevPriyaa LalChaitanya Madhumita,2020,Telugu,Movie Title: Guvva Gorinka. Directed by: Bammidi Mohan. Starring: SatyadevPriyaa LalChaitanya Madhumita. Released in: 2020.
Dirty Hari,M. S. Raju,Shravan ReddyRuhani SharmaAjay,2020,Telugu,Movie Title: Dirty Hari. Directed by: M. S. Raju. Starring: Shravan ReddyRuhani SharmaAjay. Released in: 2020.
Murder,Anand Chandra,Avancha SahitiKrishnaswamy Srikanth,2020,Telugu,Movie Title: Murder. Directed by: Anand Chandra. Starring: Avancha SahitiKrishnaswamy Srikanth. Released in: 2020.
Dhira,Arun Kumar Rapolu,Bellamkonda Sreenivas,2020,Telugu,Movie Title: Dhira. Directed by: Arun Kumar Rapolu. Starring: Bellamkonda Sreenivas. Released in: 2020.
Solo Brathuke So Better,Subbu,Sai Dharam TejNabha NateshRajendra Prasad,2020,Telugu,Movie Title: Solo Brathuke So Better. Directed by: Subbu. Starring: Sai Dharam TejNabha NateshRajendra Prasad. Released in: 2020.
Krack,Gopichand Malineni,Ravi TejaShruti HaasanVaralaxmi SarathkumarSamuthirakaniP. Ravi ShankarChirag JaniDevi PrasadMouryani,2021,Telugu,Movie Title: Krack. Directed by: Gopichand Malineni. Starring: Ravi TejaShruti HaasanVaralaxmi SarathkumarSamuthirakaniP. Ravi ShankarChirag JaniDevi PrasadMouryani. Released in: 2021.
Mail,Uday Gurrala,Priyadarshi PulikondaHarshith MalgireddyMani AegurlaGouripriya ReddyYennengeeRavinder BommakantiVannarnSrikanth PalleAnusha Netha,2021,Telugu,Movie Title: Mail. Directed by: Uday Gurrala. Starring: Priyadarshi PulikondaHarshith MalgireddyMani AegurlaGouripriya ReddyYennengeeRavinder BommakantiVannarnSrikanth PalleAnusha Netha. Released in: 2021.
Red,Kishore Tirumala,Ram PothineniNivetha PethurajMalvika SharmaAmritha AiyerSampath RajVennela KishoreNassarPosani Krishna MuraliSonia AggarwalSatyaPavitra LokeshNarra SrinivasCharandeep,2021,Telugu,Movie Title: Red. Directed by: Kishore Tirumala. Starring: Ram PothineniNivetha PethurajMalvika SharmaAmritha AiyerSampath RajVennela KishoreNassarPosani Krishna MuraliSonia AggarwalSatyaPavitra LokeshNarra SrinivasCharandeep. Released in: 2021.
Alludu Adhurs,Santhosh Srinivas,Bellamkonda SreenivasNabha NateshAnu EmmanuelSonu SoodPrakash Raj,2021,Telugu,Movie Title: Alludu Adhurs. Directed by: Santhosh Srinivas. Starring: Bellamkonda SreenivasNabha NateshAnu EmmanuelSonu SoodPrakash Raj. Released in: 2021.
Cycle,Aatla Arjun Reddy,Punarnavi BhupalamMahat RaghavendraSudarshanSwetha VarmaAnnapoorna,2021,Telugu,Movie Title: Cycle. Directed by: Aatla Arjun Reddy. Starring: Punarnavi BhupalamMahat RaghavendraSudarshanSwetha VarmaAnnapoorna. Released in: 2021.
Super Over,Praveen Varma,Naveen ChandraChandini ChowdaryAjayHarsha ChemuduRakendu MouliPraveen,2021,Telugu,Movie Title: Super Over. Directed by: Praveen Varma. Starring: Naveen ChandraChandini ChowdaryAjayHarsha ChemuduRakendu MouliPraveen. Released in: 2021.
Bangaru Bullodu,P. V. Giri,Allari NareshPooja JhaveriPosani Krishna MuraliAjay GhoshVennela KishoreTanikella BharaniSatyam RajeshPrudhvi Raj,2021,Telugu,Movie Title: Bangaru Bullodu. Directed by: P. V. Giri. Starring: Allari NareshPooja JhaveriPosani Krishna MuraliAjay GhoshVennela KishoreTanikella BharaniSatyam RajeshPrudhvi Raj. Released in: 2021.
30 Rojullo Preminchadam Ela,Munna,Pradeep MachirajuAmritha AiyerHarsha ChemuduSubhalekha SudhakarPosani Krishna MuraliHemaBhadramHyper AadiSivannarayana NaripeddiSruthi,2021,Telugu,Movie Title: 30 Rojullo Preminchadam Ela. Directed by: Munna. Starring: Pradeep MachirajuAmritha AiyerHarsha ChemuduSubhalekha SudhakarPosani Krishna MuraliHemaBhadramHyper AadiSivannarayana NaripeddiSruthi. Released in: 2021.
Oka Yodhudu,Haari,Daryakish,2020,Telugu,Movie Title: Oka Yodhudu. Directed by: Haari. Starring: Daryakish. Released in: 2020.
1945[b],Sathyasiva,Rana DaggubatiRegina CassandraSathyarajNassar,2022,Telugu,Movie Title: 1945[b]. Directed by: Sathyasiva. Starring: Rana DaggubatiRegina CassandraSathyarajNassar. Released in: 2022.
Atithi Devo Bhava,Polimera Nageshawar,AadiNuveksha,2022,Telugu,Movie Title: Atithi Devo Bhava. Directed by: Polimera Nageshawar. Starring: AadiNuveksha. Released in: 2022.
Bangarraju,Kalyan Krishna,NagarjunaNaga ChaitanyaRamya KrishnaKriti Shetty,2022,Telugu,Movie Title: Bangarraju. Directed by: Kalyan Krishna. Starring: NagarjunaNaga ChaitanyaRamya KrishnaKriti Shetty. Released in: 2022.
Das Ka Dhamki,Vishwak Sen,Vishwak SenNivetha PethurajRao RameshTharun BhasckerAkshara GowdaHyper AadiAjayRohiniPrudhvi RajMahesh Achanta,2023,Telugu,Movie Title: Das Ka Dhamki. Directed by: Vishwak Sen. Starring: Vishwak SenNivetha PethurajRao RameshTharun BhasckerAkshara GowdaHyper AadiAjayRohiniPrudhvi RajMahesh Achanta. Released in: 2023.
Ranga Maarthaanda,Krishna Vamsi,Prakash RajRamya KrishnanBrahmanandamShivathmika RajashekarRahul SipligunjAnasuya BharadwajAadarsh BalakrishnaAli Reza,2023,Telugu,Movie Title: Ranga Maarthaanda. Directed by: Krishna Vamsi. Starring: Prakash RajRamya KrishnanBrahmanandamShivathmika RajashekarRahul SipligunjAnasuya BharadwajAadarsh BalakrishnaAli Reza. Released in: 2023.
Dasara,Srikanth Odela,NaniKeerthy SureshDheekshith ShettyShine Tom ChackoSamuthirakaniShamna KasimSai Kumar,2023,Telugu,Movie Title: Dasara. Directed by: Srikanth Odela. Starring: NaniKeerthy SureshDheekshith ShettyShine Tom ChackoSamuthirakaniShamna KasimSai Kumar. Released in: 2023.
Ravanasura,Sudheer Varma,Ravi TejaSushanthJayaramAnu EmmanuelMegha AkashFariah AbdullahDaksha NagarkarPujita PonnadaTulasi ShivamaniRao RameshSreemukhiMurali SharmaSampath Raj,2023,Telugu,Movie Title: Ravanasura. Directed by: Sudheer Varma. Starring: Ravi TejaSushanthJayaramAnu EmmanuelMegha AkashFariah AbdullahDaksha NagarkarPujita PonnadaTulasi ShivamaniRao RameshSreemukhiMurali SharmaSampath Raj. Released in: 2023.
Meter,Ramesh Kaduri,Kiran AbbavaramAthulya RaviSaptagiriPosani Krishna Murali,2023,Telugu,Movie Title: Meter. Directed by: Ramesh Kaduri. Starring: Kiran AbbavaramAthulya RaviSaptagiriPosani Krishna Murali. Released in: 2023.
Asalu,Uday–Suresh,PoornaRavi Babu,2023,Telugu,Movie Title: Asalu. Directed by: Uday–Suresh. Starring: PoornaRavi Babu. Released in: 2023.
Shaakuntalam,Gunasekhar,Samantha Ruth PrabhuDev MohanSachin KhedekarMohan BabuAditi BalanAnanya NagallaPrakash RajGautamiMadhooKabir BediJisshu SenguptaKabir Duhan SinghAllu ArhaVarshini SounderajanHarish Uthaman,2023,Telugu,Movie Title: Shaakuntalam. Directed by: Gunasekhar. Starring: Samantha Ruth PrabhuDev MohanSachin KhedekarMohan BabuAditi BalanAnanya NagallaPrakash RajGautamiMadhooKabir BediJisshu SenguptaKabir Duhan SinghAllu ArhaVarshini SounderajanHarish Uthaman. Released in: 2023.
10 Rupees,Afzal Shaik,Srikanth ChowtapalliPavitra NarayannMukhtar Khan,2023,Telugu,Movie Title: 10 Rupees. Directed by: Afzal Shaik. Starring: Srikanth ChowtapalliPavitra NarayannMukhtar Khan. Released in: 2023.
Hello Meera,Srinivasu Kakarla,Gargeyi Yellapragada,2023,Telugu,Movie Title: Hello Meera. Directed by: Srinivasu Kakarla. Starring: Gargeyi Yellapragada. Released in: 2023.
Two Souls,K. Shravan Kumar,Trinadh VarmaBhavana SagiMounika ReddyRavi Teja Mahadasyam,2023,Telugu,Movie Title: Two Souls. Directed by: K. Shravan Kumar. Starring: Trinadh VarmaBhavana SagiMounika ReddyRavi Teja Mahadasyam. Released in: 2023.
Virupaksha,Karthik Varma Dandu,Sai Dharam TejSamyuktha MenonBrahmajiSunilRajeev KanakalaSai Chand,2023,Telugu,Movie Title: Virupaksha. Directed by: Karthik Varma Dandu. Starring: Sai Dharam TejSamyuktha MenonBrahmajiSunilRajeev KanakalaSai Chand. Released in: 2023.
Agent,Surender Reddy,Akhil AkkineniMammoottySakshi VaidyaDino MoreaVikramjeet Virk,2023,Telugu,Movie Title: Agent. Directed by: Surender Reddy. Starring: Akhil AkkineniMammoottySakshi VaidyaDino MoreaVikramjeet Virk. Released in: 2023.
Raa Raa Penimiti,Satya Venkat,Nandita Swetha,2023,Telugu,Movie Title: Raa Raa Penimiti. Directed by: Satya Venkat. Starring: Nandita Swetha. Released in: 2023.
Vidyarthi,Madhu Madasu,Chetan CheenuBunny VoxNaveen NeniYerra RaghuYadamma Raju,2023,Telugu,Movie Title: Vidyarthi. Directed by: Madhu Madasu. Starring: Chetan CheenuBunny VoxNaveen NeniYerra RaghuYadamma Raju. Released in: 2023.
Ramabanam,Sriwass,GopichandDimple HayathiNassarJagapathi BabuSubhalekha SudhakarVennela KishoreSachin KhedekarSatyaAliRaja RavindraSaptagiriGetup SrinuKhushbu,2023,Telugu,Movie Title: Ramabanam. Directed by: Sriwass. Starring: GopichandDimple HayathiNassarJagapathi BabuSubhalekha SudhakarVennela KishoreSachin KhedekarSatyaAliRaja RavindraSaptagiriGetup SrinuKhushbu. Released in: 2023.
Ugram,Vijay Kanakamedala,Allari NareshMirnaa MenonIndrajaSharath LohithaswaShatruNaga Mahesh,2023,Telugu,Movie Title: Ugram. Directed by: Vijay Kanakamedala. Starring: Allari NareshMirnaa MenonIndrajaSharath LohithaswaShatruNaga Mahesh. Released in: 2023.
Arangetram,Srinivaas Praban,"Roshan Z, Mustafa Askari, Srinivaas Praban, Pooja, Anirudh T, Laya, Indhu, Srivalli, Vijaya, Sai Sree, Jabardasth SathiPandu",2023,Telugu,"Movie Title: Arangetram. Directed by: Srinivaas Praban. Starring: Roshan Z, Mustafa Askari, Srinivaas Praban, Pooja, Anirudh T, Laya, Indhu, Srivalli, Vijaya, Sai Sree, Jabardasth SathiPandu. Released in: 2023."
Phalana Abbayi Phalana Ammayi,Srinivas Avasarala,Naga ShauryaMalvika NairSrinivas AvasaralaMegha ChowdhuryAshok KumarAbhishek MaharshiSrividhyaVaranasi Soumya ChalamcharlaHarini RaoArjun Prasad,2023,Telugu,Movie Title: Phalana Abbayi Phalana Ammayi. Directed by: Srinivas Avasarala. Starring: Naga ShauryaMalvika NairSrinivas AvasaralaMegha ChowdhuryAshok KumarAbhishek MaharshiSrividhyaVaranasi Soumya ChalamcharlaHarini RaoArjun Prasad. Released in: 2023.
CSI Sanatan,Sivashankar Dev,Aadi SaikumarMisha NarangNandini RaiAli RezaMadhusudhan RaoVasanthi,2023,Telugu,Movie Title: CSI Sanatan. Directed by: Sivashankar Dev. Starring: Aadi SaikumarMisha NarangNandini RaiAli RezaMadhusudhan RaoVasanthi. Released in: 2023.
Organic Mama Hybrid Alludu,S. V. Krishna Reddy,Syed SohelMirnalini RaviRajendra PrasadMeena,2023,Telugu,Movie Title: Organic Mama Hybrid Alludu. Directed by: S. V. Krishna Reddy. Starring: Syed SohelMirnalini RaviRajendra PrasadMeena. Released in: 2023.
Balagam,Venu Yeldandi,PriyadarshiKavya KalyanramSudhakar ReddyMuraleedhar Goud,2023,Telugu,Movie Title: Balagam. Directed by: Venu Yeldandi. Starring: PriyadarshiKavya KalyanramSudhakar ReddyMuraleedhar Goud. Released in: 2023.
Raajahyogam,Ram Ganapathi,Sai RonakAnkita SahaBismi NaasAjay Ghosh,2022,Telugu,Movie Title: Raajahyogam. Directed by: Ram Ganapathi. Starring: Sai RonakAnkita SahaBismi NaasAjay Ghosh. Released in: 2022.
Lucky Lakshman,AR Abhi,Syed SohelMokkshaDevi PrasadRaja RavindraSameer Hasan,2022,Telugu,Movie Title: Lucky Lakshman. Directed by: AR Abhi. Starring: Syed SohelMokkshaDevi PrasadRaja RavindraSameer Hasan. Released in: 2022.
S5 No Exit,Sunny Komalapati,Taraka RatnaP. Sai KumarAliSunilPrince Cecil,2022,Telugu,Movie Title: S5 No Exit. Directed by: Sunny Komalapati. Starring: Taraka RatnaP. Sai KumarAliSunilPrince Cecil. Released in: 2022.
Prathyardhi,Shankar Mudavath,Ravi Varma AdduriRohit BehalAkshata SonawaneNeelima PathakamsettiThagubothu Ramesh,2023,Telugu,Movie Title: Prathyardhi. Directed by: Shankar Mudavath. Starring: Ravi Varma AdduriRohit BehalAkshata SonawaneNeelima PathakamsettiThagubothu Ramesh. Released in: 2023.
Veera Simha Reddy,Gopichand Malineni,Nandamuri BalakrishnaShruti HaasanVaralaxmi SarathkumarHoney RoseDuniya VijayP. Ravi ShankarLalChandrika Ravi,2023,Telugu,Movie Title: Veera Simha Reddy. Directed by: Gopichand Malineni. Starring: Nandamuri BalakrishnaShruti HaasanVaralaxmi SarathkumarHoney RoseDuniya VijayP. Ravi ShankarLalChandrika Ravi. Released in: 2023.
Waltair Veerayya,K. S. Ravindra,ChiranjeeviRavi TejaShruti HaasanCatherine TresaBobby SimhaPrakash Raj,2023,Telugu,Movie Title: Waltair Veerayya. Directed by: K. S. Ravindra. Starring: ChiranjeeviRavi TejaShruti HaasanCatherine TresaBobby SimhaPrakash Raj. Released in: 2023.
Kalyanam Kamaneeyam,Anil Kumar Aalla,Santosh SobhanPriya Bhavani ShankarDevi PrasadKedar ShankarSaptagiri,2023,Telugu,Movie Title: Kalyanam Kamaneeyam. Directed by: Anil Kumar Aalla. Starring: Santosh SobhanPriya Bhavani ShankarDevi PrasadKedar ShankarSaptagiri. Released in: 2023.
Hunt,Mahesh Surapaneni,Sudheer BabuSrikanthBharath,2023,Telugu,Movie Title: Hunt. Directed by: Mahesh Surapaneni. Starring: Sudheer BabuSrikanthBharath. Released in: 2023.
Bhuvana Vijayam,Yalamanda Charan,SunilVasanthi KrishnanVennela KishoreSrinivasa ReddyPrudhvi,2023,Telugu,Movie Title: Bhuvana Vijayam. Directed by: Yalamanda Charan. Starring: SunilVasanthi KrishnanVennela KishoreSrinivasa ReddyPrudhvi. Released in: 2023.
Valentines Night,Anil Gopireddy,Chaitanya MadadiLavanya SahukaraSunilPosani Krishna Murali,2023,Telugu,Movie Title: Valentines Night. Directed by: Anil Gopireddy. Starring: Chaitanya MadadiLavanya SahukaraSunilPosani Krishna Murali. Released in: 2023.
Michael,Ranjit Jeyakodi,Sundeep KishanVijay SethupathiDivyansha Kaushik,2023,Telugu,Movie Title: Michael. Directed by: Ranjit Jeyakodi. Starring: Sundeep KishanVijay SethupathiDivyansha Kaushik. Released in: 2023.
Suvarna Sundari,Surendra Madarapu,Jaya PradaSakshi ChaudharyPoorna,2023,Telugu,Movie Title: Suvarna Sundari. Directed by: Surendra Madarapu. Starring: Jaya PradaSakshi ChaudharyPoorna. Released in: 2023.
Writer Padmabhushan,Shanmukha Prashant,SuhasTina ShilparajAshish VidyarthiRohini,2023,Telugu,Movie Title: Writer Padmabhushan. Directed by: Shanmukha Prashant. Starring: SuhasTina ShilparajAshish VidyarthiRohini. Released in: 2023.
Butta Bomma,Shouree Chandrashekhar T Ramesh,Anikha SurendranArjun DasSurya VashisttaNavya SwamyJagadeesh Prathap Bandari,2023,Telugu,Movie Title: Butta Bomma. Directed by: Shouree Chandrashekhar T Ramesh. Starring: Anikha SurendranArjun DasSurya VashisttaNavya SwamyJagadeesh Prathap Bandari. Released in: 2023.
Amigos,Rajendra Reddy,Kalyan RamAshika Ranganath,2023,Telugu,Movie Title: Amigos. Directed by: Rajendra Reddy. Starring: Kalyan RamAshika Ranganath. Released in: 2023.
Vinaro Bhagyamu Vishnu Katha,Murali Kishor Abburu,Kiran AbbavaramKashmira PardeshiMurali SharmaSubhalekha SudhakarPraveenAamani,2023,Telugu,Movie Title: Vinaro Bhagyamu Vishnu Katha. Directed by: Murali Kishor Abburu. Starring: Kiran AbbavaramKashmira PardeshiMurali SharmaSubhalekha SudhakarPraveenAamani. Released in: 2023.
Sridevi Shoban Babu,Prasanth Kumar Dimmala,Santosh ShobanGouri G. KishanNaga BabuRohini,2023,Telugu,Movie Title: Sridevi Shoban Babu. Directed by: Prasanth Kumar Dimmala. Starring: Santosh ShobanGouri G. KishanNaga BabuRohini. Released in: 2023.
Mr. King,Sasiidhar Chavali,Sharan KumarYasvika NishkalaUrvi Singh,2023,Telugu,Movie Title: Mr. King. Directed by: Sasiidhar Chavali. Starring: Sharan KumarYasvika NishkalaUrvi Singh. Released in: 2023.
Sindhooram,Shyam Tummalapalli,Brigida SagaDharmaSiva Balaji,2023,Telugu,Movie Title: Sindhooram. Directed by: Shyam Tummalapalli. Starring: Brigida SagaDharmaSiva Balaji. Released in: 2023.
Top Gear,Shashikanth,Aadi SaiKumarRiya SumanBrahmajiMime Gopi,2022,Telugu,Movie Title: Top Gear. Directed by: Shashikanth. Starring: Aadi SaiKumarRiya SumanBrahmajiMime Gopi. Released in: 2022.
Katha Venuka Katha,Krishna Chaitanya,Viswant DuddumpudiSrijitha GhoshSunilRaghu BabuSatyam Rajesh,2023,Telugu,Movie Title: Katha Venuka Katha. Directed by: Krishna Chaitanya. Starring: Viswant DuddumpudiSrijitha GhoshSunilRaghu BabuSatyam Rajesh. Released in: 2023.
Kalyanamasthu,Onthala Saai,Shekhar VermaVaibhavi RaoNaga MaheshSharath Lohitashwa,2023,Telugu,Movie Title: Kalyanamasthu. Directed by: Onthala Saai. Starring: Shekhar VermaVaibhavi RaoNaga MaheshSharath Lohitashwa. Released in: 2023.
Bhaag Saale,Pranith Bramandapally,Sri Simha KoduriNeha SolankiRajiv KanakalaJohn Vijay,2023,Telugu,Movie Title: Bhaag Saale. Directed by: Pranith Bramandapally. Starring: Sri Simha KoduriNeha SolankiRajiv KanakalaJohn Vijay. Released in: 2023.
Circle,Neelakanta,Sai RonakArshin MehtaRicha PanaiSnehal Kamath,2023,Telugu,Movie Title: Circle. Directed by: Neelakanta. Starring: Sai RonakArshin MehtaRicha PanaiSnehal Kamath. Released in: 2023.
Lily,M. Sivam,Neha KamadariP. Vedanth VarmaPranathi ReddyMechelle Uday ShahRajeev Govinda Pilai,2023,Telugu,Movie Title: Lily. Directed by: M. Sivam. Starring: Neha KamadariP. Vedanth VarmaPranathi ReddyMechelle Uday ShahRajeev Govinda Pilai. Released in: 2023.
Mohankrishnas Gang Leader,Gangarapu Sree Laxman,Singuluri Mohan KrishnaHarini ReddySuman,2023,Telugu,Movie Title: Mohankrishnas Gang Leader. Directed by: Gangarapu Sree Laxman. Starring: Singuluri Mohan KrishnaHarini ReddySuman. Released in: 2023.
O Saathiya,Divya Bhavana,Aryan GowraMishti ChakrabortyDevi Prasad,2023,Telugu,Movie Title: O Saathiya. Directed by: Divya Bhavana. Starring: Aryan GowraMishti ChakrabortyDevi Prasad. Released in: 2023.
Rangabali,Pawan Basamsetti,Naga ShauryaYukti TharejaShine Tom ChackoRajkumar Kasireddy,2023,Telugu,Movie Title: Rangabali. Directed by: Pawan Basamsetti. Starring: Naga ShauryaYukti TharejaShine Tom ChackoRajkumar Kasireddy. Released in: 2023.
Rudrangi,Ajay Samrat,Jagapati BabuMamta MohandasVimala RamanAshish Gandh,2023,Telugu,Movie Title: Rudrangi. Directed by: Ajay Samrat. Starring: Jagapati BabuMamta MohandasVimala RamanAshish Gandh. Released in: 2023.
Baby,Sai Rajesh Neelam,Anand DevarakondaViraj AshwinVaishnavi ChaitanyaLirisha Kunapareddy,2023,Telugu,Movie Title: Baby. Directed by: Sai Rajesh Neelam. Starring: Anand DevarakondaViraj AshwinVaishnavi ChaitanyaLirisha Kunapareddy. Released in: 2023.
Revenge,Shrinivas Rettadi,Babu PedapudiNeha PandeyNagesh KarraIndu Anand,2023,Telugu,Movie Title: Revenge. Directed by: Shrinivas Rettadi. Starring: Babu PedapudiNeha PandeyNagesh KarraIndu Anand. Released in: 2023.
Hidimbha,Aneel Kanneganti,Ashwin BabuNandita SwethaSrinivasa ReddyMakarand DeshpandeVidyullekha Raman,2023,Telugu,Movie Title: Hidimbha. Directed by: Aneel Kanneganti. Starring: Ashwin BabuNandita SwethaSrinivasa ReddyMakarand DeshpandeVidyullekha Raman. Released in: 2023.
Ala Ila Ela,Dwarki Raghav,Shakthi VasudevanPoornaRekha VedavyasRaja ChemboluHariprriyaSayaji ShindeBrahmanandamPriyanka Kothari,2023,Telugu,Movie Title: Ala Ila Ela. Directed by: Dwarki Raghav. Starring: Shakthi VasudevanPoornaRekha VedavyasRaja ChemboluHariprriyaSayaji ShindeBrahmanandamPriyanka Kothari. Released in: 2023.
Detective Karthik,Venkat Narendra,"Rajath Raghav, Goldie Nissy, Abhilash Bandari, Shruti Mol, Anusha Nuthula, Hasini Rai, Madee",2023,Telugu,"Movie Title: Detective Karthik. Directed by: Venkat Narendra. Starring: Rajath Raghav, Goldie Nissy, Abhilash Bandari, Shruti Mol, Anusha Nuthula, Hasini Rai, Madee. Released in: 2023."
Annapurna Photo Studio,Chendu Muddu,Chaitanya MadadiLavanya SahukaraLalith AdithyaViva Raghava,2023,Telugu,Movie Title: Annapurna Photo Studio. Directed by: Chendu Muddu. Starring: Chaitanya MadadiLavanya SahukaraLalith AdithyaViva Raghava. Released in: 2023.
Her - Chapter 1,Sreedhar Swaraghav,Ruhani SharmaPradeep RudraJeevan KumarVikas Vasishta,2023,Telugu,Movie Title: Her - Chapter 1. Directed by: Sreedhar Swaraghav. Starring: Ruhani SharmaPradeep RudraJeevan KumarVikas Vasishta. Released in: 2023.
Natho Nenu,Santhi Kumar Turlapati,P. Sai KumarSrinivas SaiAditya OmDeepali RajputAishwarya VullingalaVijayachanderRajeev KanakalaSameerC. V. L. Narasimha RaoGautam RajuM.S.ChowdaryBhadramSuman Setty,2023,Telugu,Movie Title: Natho Nenu. Directed by: Santhi Kumar Turlapati. Starring: P. Sai KumarSrinivas SaiAditya OmDeepali RajputAishwarya VullingalaVijayachanderRajeev KanakalaSameerC. V. L. Narasimha RaoGautam RajuM.S.ChowdaryBhadramSuman Setty. Released in: 2023.
Bro,Samuthirakani,Pawan KalyanSai Dharam TejKetika SharmaPriya Prakash VarrierBrahmanandamTanikella Bharani,2023,Telugu,Movie Title: Bro. Directed by: Samuthirakani. Starring: Pawan KalyanSai Dharam TejKetika SharmaPriya Prakash VarrierBrahmanandamTanikella Bharani. Released in: 2023.
Okkaroju...48 Hours,Niranjan Bandi,Aditya Reddy BadveliRekha Nirosha,2023,Telugu,Movie Title: Okkaroju...48 Hours. Directed by: Niranjan Bandi. Starring: Aditya Reddy BadveliRekha Nirosha. Released in: 2023.
7:11 PM,Chaitu Madala,Saahas PagadalaDeepika ReddyTess WalshRaghu Karamanchi,2023,Telugu,Movie Title: 7:11 PM. Directed by: Chaitu Madala. Starring: Saahas PagadalaDeepika ReddyTess WalshRaghu Karamanchi. Released in: 2023.
Maya Petika,Ramesh Raparthi,Payal RajputViraj AshwinSimrat Kaur,2023,Telugu,Movie Title: Maya Petika. Directed by: Ramesh Raparthi. Starring: Payal RajputViraj AshwinSimrat Kaur. Released in: 2023.
Samajavaragamana,Ram Abbaraju,Sree VishnuReba Monica JohnVennela KishoreSudarshanSrikanth IyengarRaghu BabuNareshRajeev Kanakala,2023,Telugu,Movie Title: Samajavaragamana. Directed by: Ram Abbaraju. Starring: Sree VishnuReba Monica JohnVennela KishoreSudarshanSrikanth IyengarRaghu BabuNareshRajeev Kanakala. Released in: 2023.
Spy,Garry BH,Nikhil SiddharthaIswarya MenonJisshu SenguptaAbhinav GomatamMakarand Deshpande,2023,Telugu,Movie Title: Spy. Directed by: Garry BH. Starring: Nikhil SiddharthaIswarya MenonJisshu SenguptaAbhinav GomatamMakarand Deshpande. Released in: 2023.
Tea Break,Tanniru Ramesh,Ravi Kumar SanapalaPriyanka AugustineSushma Eedhi,2023,Telugu,Movie Title: Tea Break. Directed by: Tanniru Ramesh. Starring: Ravi Kumar SanapalaPriyanka AugustineSushma Eedhi. Released in: 2023.
The Story of A Beautiful Girl,Ravi Prakash Bodapati,MadhunandanNihal KodhatyDrishika ChanderBhargava PoludasuBhavana Durgam,2023,Telugu,Movie Title: The Story of A Beautiful Girl. Directed by: Ravi Prakash Bodapati. Starring: MadhunandanNihal KodhatyDrishika ChanderBhargava PoludasuBhavana Durgam. Released in: 2023.
Anni Manchi Sakunamule,B. V. Nandini Reddy,Santosh SobhanMalvika NairVennela KishoreRajendra PrasadRao RameshGautamiNaresh,2023,Telugu,Movie Title: Anni Manchi Sakunamule. Directed by: B. V. Nandini Reddy. Starring: Santosh SobhanMalvika NairVennela KishoreRajendra PrasadRao RameshGautamiNaresh. Released in: 2023.
Haseena,Naveen Eragani,Priyanka DeySaiTeja GanjiThanveer MDAkash LalShiva Ganga,2023,Telugu,Movie Title: Haseena. Directed by: Naveen Eragani. Starring: Priyanka DeySaiTeja GanjiThanveer MDAkash LalShiva Ganga. Released in: 2023.
Malli Pelli,M. S. Raju,"Naresh, Pavitra Lokesh, Jayasudha, Sarath Babu, Vanitha Vijayakumar",2023,Telugu,"Movie Title: Malli Pelli. Directed by: M. S. Raju. Starring: Naresh, Pavitra Lokesh, Jayasudha, Sarath Babu, Vanitha Vijayakumar. Released in: 2023."
Grey: The Spy Who Loved Me,Raj Madiraju,"Ali Reza, Arvind Krishna, Urvashi Rai, Prathap Pothen, Raj Madiraju",2023,Telugu,"Movie Title: Grey: The Spy Who Loved Me. Directed by: Raj Madiraju. Starring: Ali Reza, Arvind Krishna, Urvashi Rai, Prathap Pothen, Raj Madiraju. Released in: 2023."
Boo,A. L. Vijay,"Rakul Preet Singh, Vishwak Sen, Nivetha Pethuraj, Manjima Mohan, Megha Akash, Reba Monica John",2023,Telugu,"Movie Title: Boo. Directed by: A. L. Vijay. Starring: Rakul Preet Singh, Vishwak Sen, Nivetha Pethuraj, Manjima Mohan, Megha Akash, Reba Monica John. Released in: 2023."
Ahimsa,Teja,Abhiram DaggubatiGeethika TiwarySadhaRajat Bedi,2023,Telugu,Movie Title: Ahimsa. Directed by: Teja. Starring: Abhiram DaggubatiGeethika TiwarySadhaRajat Bedi. Released in: 2023.
Custody[β],Venkat Prabhu,Naga ChaitanyaArvind SwamyKrithi ShettyVennela KishorePriyamaniSampath RajPremgi AmarenSarath KumarSatya,2023,Telugu,Movie Title: Custody[β]. Directed by: Venkat Prabhu. Starring: Naga ChaitanyaArvind SwamyKrithi ShettyVennela KishorePriyamaniSampath RajPremgi AmarenSarath KumarSatya. Released in: 2023.
Chakravyuham: The Trap,Chetkuri Madhusudhan,AjaySubhalekha SudhakarGnaneswari Kandregula,2023,Telugu,Movie Title: Chakravyuham: The Trap. Directed by: Chetkuri Madhusudhan. Starring: AjaySubhalekha SudhakarGnaneswari Kandregula. Released in: 2023.
Mem Famous,Sumanth Prabhas,Sumanth PrabhasSaarya Laxman,2023,Telugu,Movie Title: Mem Famous. Directed by: Sumanth Prabhas. Starring: Sumanth PrabhasSaarya Laxman. Released in: 2023.
Pareshan,Rupak Ronaldson,ThiruveerPavani Karanam,2023,Telugu,Movie Title: Pareshan. Directed by: Rupak Ronaldson. Starring: ThiruveerPavani Karanam. Released in: 2023.
Anantha,Madhu Babu Thokala,Prashanth KarthiRittika ChakraborthyAnish KuruvillaLaya Biben,2023,Telugu,Movie Title: Anantha. Directed by: Madhu Babu Thokala. Starring: Prashanth KarthiRittika ChakraborthyAnish KuruvillaLaya Biben. Released in: 2023.
Intinti Ramayanam,Suresh Naredla,Rahul RamakrishnaNavya SwamyNaresh,2023,Telugu,Movie Title: Intinti Ramayanam. Directed by: Suresh Naredla. Starring: Rahul RamakrishnaNavya SwamyNaresh. Released in: 2023.
Unstoppable,Diamond Ratnababu,VJ SunnySaptagiriNakshatraAqsa KhanPosani Krishna Murali,2023,Telugu,Movie Title: Unstoppable. Directed by: Diamond Ratnababu. Starring: VJ SunnySaptagiriNakshatraAqsa KhanPosani Krishna Murali. Released in: 2023.
Vimanam,Siva Prasad Yanala,SamuthirakaniMeera JasmineAnasuya BharadwajMaster Dhruvan,2023,Telugu,Movie Title: Vimanam. Directed by: Siva Prasad Yanala. Starring: SamuthirakaniMeera JasmineAnasuya BharadwajMaster Dhruvan. Released in: 2023.
Kanulu Therichinaa Kanulu Moosinaa,Sandeep Reddi Katkuri,Sai RonakDevika Satheesh,2023,Telugu,Movie Title: Kanulu Therichinaa Kanulu Moosinaa. Directed by: Sandeep Reddi Katkuri. Starring: Sai RonakDevika Satheesh. Released in: 2023.
Karna,Kaladhar Kokkonda,Kaladhar KokkondaMona ThakurChatrapathi SekharDil RameshAsma SyedMahender,2023,Telugu,Movie Title: Karna. Directed by: Kaladhar Kokkonda. Starring: Kaladhar KokkondaMona ThakurChatrapathi SekharDil RameshAsma SyedMahender. Released in: 2023.
Nenu Student Sir,Rakhi Uppalapati,Bellamkonda GaneshAvantika Dassani,2023,Telugu,Movie Title: Nenu Student Sir. Directed by: Rakhi Uppalapati. Starring: Bellamkonda GaneshAvantika Dassani. Released in: 2023.
Dhamaka,Trinadha Rao Nakkina,Ravi TejaSree LeelaJayaramSachin KhedekarTanikella BharaniRao RameshChirag JaniAliPraveenHyper AadiPavitra LokeshTulasiRajshree Nair,2022,Telugu,Movie Title: Dhamaka. Directed by: Trinadha Rao Nakkina. Starring: Ravi TejaSree LeelaJayaramSachin KhedekarTanikella BharaniRao RameshChirag JaniAliPraveenHyper AadiPavitra LokeshTulasiRajshree Nair. Released in: 2022.
18 Pages,Palnati Surya Pratap,Nikhil SiddharthaAnupama Parameswaran,2022,Telugu,Movie Title: 18 Pages. Directed by: Palnati Surya Pratap. Starring: Nikhil SiddharthaAnupama Parameswaran. Released in: 2022.
Dangerous,Ram Gopal Varma,Naina GangulyApsara RaniRajpal Yadav,2022,Telugu,Movie Title: Dangerous. Directed by: Ram Gopal Varma. Starring: Naina GangulyApsara RaniRajpal Yadav. Released in: 2022.
Zinga,Jaichanakar Chigurula,Sanjeev DevanSripriyaSriramKasu Naveen Kumar,2022,Telugu,Movie Title: Zinga. Directed by: Jaichanakar Chigurula. Starring: Sanjeev DevanSripriyaSriramKasu Naveen Kumar. Released in: 2022.
Bommala Koluvu,Swaroop RSJ,HrishikeshPriyanka SharmaMalavika SatheesanSubbu VedulaShivam Malhotra,2022,Telugu,Movie Title: Bommala Koluvu. Directed by: Swaroop RSJ. Starring: HrishikeshPriyanka SharmaMalavika SatheesanSubbu VedulaShivam Malhotra. Released in: 2022.
Acharya,Koratala Siva,ChiranjeeviRam CharanPooja HegdeSonu Sood,2022,Telugu,Movie Title: Acharya. Directed by: Koratala Siva. Starring: ChiranjeeviRam CharanPooja HegdeSonu Sood. Released in: 2022.
Jayamma Panchayathi,Vijay Kumar Kalivarapu,Suma Kanakala,2022,Telugu,Movie Title: Jayamma Panchayathi. Directed by: Vijay Kumar Kalivarapu. Starring: Suma Kanakala. Released in: 2022.
Bhala Thandanana,Chaitanya Dantluri,Sree VishnuCatherine TresaRamachandra RajuPosani Krishna MuraliRavi Varma,2022,Telugu,Movie Title: Bhala Thandanana. Directed by: Chaitanya Dantluri. Starring: Sree VishnuCatherine TresaRamachandra RajuPosani Krishna MuraliRavi Varma. Released in: 2022.
Ashoka Vanamlo Arjuna Kalyanam,Vidya Sagar Chinta,Vishwak SenRukshar DhillonRitika NayakGoparaju Ramana,2022,Telugu,Movie Title: Ashoka Vanamlo Arjuna Kalyanam. Directed by: Vidya Sagar Chinta. Starring: Vishwak SenRukshar DhillonRitika NayakGoparaju Ramana. Released in: 2022.
Sarkaru Vaari Paata,Parasuram,Mahesh BabuKeerthy SureshSamuthirakaniVennela KishoreNadhiyaSowmya MenonSubbarajuAjayBrahmajiTanikella BharaniPosani Krishna MuraliMahesh ManjrekarRavi PrakashSatyam Rajesh,2022,Telugu,Movie Title: Sarkaru Vaari Paata. Directed by: Parasuram. Starring: Mahesh BabuKeerthy SureshSamuthirakaniVennela KishoreNadhiyaSowmya MenonSubbarajuAjayBrahmajiTanikella BharaniPosani Krishna MuraliMahesh ManjrekarRavi PrakashSatyam Rajesh. Released in: 2022.
Shekar,Jeevitha,RajasekharAthmiya RajanMuskaan KhubchandhaniShivani RajashekarKishore,2022,Telugu,Movie Title: Shekar. Directed by: Jeevitha. Starring: RajasekharAthmiya RajanMuskaan KhubchandhaniShivani RajashekarKishore. Released in: 2022.
F3: Fun and Frustration,Anil Ravipudi,VenkateshVarun TejTamannaahMehreen PirzadaAnjaliRajendra PrasadSunilSonal ChauhanRao RameshSangeethaAliTulasiSatyaPragathiAnnapurnammaY. VijayaVennela KishoreRaghu BabuSrikanth IyengarRacha Ravi,2022,Telugu,Movie Title: F3: Fun and Frustration. Directed by: Anil Ravipudi. Starring: VenkateshVarun TejTamannaahMehreen PirzadaAnjaliRajendra PrasadSunilSonal ChauhanRao RameshSangeethaAliTulasiSatyaPragathiAnnapurnammaY. VijayaVennela KishoreRaghu BabuSrikanth IyengarRacha Ravi. Released in: 2022.
Major[c],Sashi Kiran Tikka,Adivi SeshSobhita DhulipalaSaiee ManjrekarPrakash RajRevathiMurali Sharma,2022,Telugu,Movie Title: Major[c]. Directed by: Sashi Kiran Tikka. Starring: Adivi SeshSobhita DhulipalaSaiee ManjrekarPrakash RajRevathiMurali Sharma. Released in: 2022.
Ante Sundaraniki,Vivek Athreya,NaniNazriya NazimHarsha VardhanSuhas PagoluRahul RamakrishnaNareshSrikanth IyengarRohiniPrudhvi Raj,2022,Telugu,Movie Title: Ante Sundaraniki. Directed by: Vivek Athreya. Starring: NaniNazriya NazimHarsha VardhanSuhas PagoluRahul RamakrishnaNareshSrikanth IyengarRohiniPrudhvi Raj. Released in: 2022.
Kinnerasani,Ramana Teja,Kalyaan DhevAnn SheetalRavindra Vijay,2022,Telugu,Movie Title: Kinnerasani. Directed by: Ramana Teja. Starring: Kalyaan DhevAnn SheetalRavindra Vijay. Released in: 2022.
Virata Parvam,Venu Udugula,Sai PallaviRana DaggubatiPriyamaniNandita DasNaveen ChandraZarina WahabEaswari RaoSai ChandNivetha Pethuraj,2022,Telugu,Movie Title: Virata Parvam. Directed by: Venu Udugula. Starring: Sai PallaviRana DaggubatiPriyamaniNandita DasNaveen ChandraZarina WahabEaswari RaoSai ChandNivetha Pethuraj. Released in: 2022.
Godse,Gopi Ganesh Pattabhi,SatyadevAishwarya LekshmiBrahmajiTanikella BharaniNagendra BabuPrudhvi RajNoel SeanPriyadarshi PulikondaChaitanya Krishna,2022,Telugu,Movie Title: Godse. Directed by: Gopi Ganesh Pattabhi. Starring: SatyadevAishwarya LekshmiBrahmajiTanikella BharaniNagendra BabuPrudhvi RajNoel SeanPriyadarshi PulikondaChaitanya Krishna. Released in: 2022.
Konda,Ram Gopal Varma,ThrigunIrra MorTulasiL. B. Sriram,2022,Telugu,Movie Title: Konda. Directed by: Ram Gopal Varma. Starring: ThrigunIrra MorTulasiL. B. Sriram. Released in: 2022.
Sammathame,Gopinath Reddy,Kiran AbbavaramChandini Chowdary,2022,Telugu,Movie Title: Sammathame. Directed by: Gopinath Reddy. Starring: Kiran AbbavaramChandini Chowdary. Released in: 2022.
Chor Bazaar,B Jeeevan Reddy,Akash PuriGehana SippySunilPosani Krishna MuraliSubbaraju,2022,Telugu,Movie Title: Chor Bazaar. Directed by: B Jeeevan Reddy. Starring: Akash PuriGehana SippySunilPosani Krishna MuraliSubbaraju. Released in: 2022.
Bloody Mary,Chandoo Mondeti,Nivetha PethurajBrahmajiAjayKireeti Damaraju,2022,Telugu,Movie Title: Bloody Mary. Directed by: Chandoo Mondeti. Starring: Nivetha PethurajBrahmajiAjayKireeti Damaraju. Released in: 2022.
Ghani,Kiran Korrapati,Varun TejJagapathi BabuSaiee ManjrekarUpendraSuniel ShettyNaveen ChandraNadhiyaNareshTanikella Bharani,2022,Telugu,Movie Title: Ghani. Directed by: Kiran Korrapati. Starring: Varun TejJagapathi BabuSaiee ManjrekarUpendraSuniel ShettyNaveen ChandraNadhiyaNareshTanikella Bharani. Released in: 2022.
Mishan Impossible,Swaroop RSJ,Taapsee PannuHarsh RoshanBhanu PrakshanJayateertha MoluguSuhas PagoluViva HarshaManikanta VaranasiJayateerthaHarsha VardhanMadhusudhan RaoSatyam RajeshRavindra Vijay,2022,Telugu,Movie Title: Mishan Impossible. Directed by: Swaroop RSJ. Starring: Taapsee PannuHarsh RoshanBhanu PrakshanJayateertha MoluguSuhas PagoluViva HarshaManikanta VaranasiJayateerthaHarsha VardhanMadhusudhan RaoSatyam RajeshRavindra Vijay. Released in: 2022.
RRR,S. S. Rajamouli,N. T. Rama Rao Jr.Ram CharanAjay DevgnAlia BhattShriya SaranSamuthirakaniRay StevensonAlison DoodyOlivia Morris,2022,Telugu,Movie Title: RRR. Directed by: S. S. Rajamouli. Starring: N. T. Rama Rao Jr.Ram CharanAjay DevgnAlia BhattShriya SaranSamuthirakaniRay StevensonAlison DoodyOlivia Morris. Released in: 2022.
Rowdy Boys,Harsha Konuganti,Ashish ReddyAnupama Parameswaran,2022,Telugu,Movie Title: Rowdy Boys. Directed by: Harsha Konuganti. Starring: Ashish ReddyAnupama Parameswaran. Released in: 2022.
Super Machi,Puli Vaasu,Kalyan DevRachita Ram,2022,Telugu,Movie Title: Super Machi. Directed by: Puli Vaasu. Starring: Kalyan DevRachita Ram. Released in: 2022.
The American Dream,Dr. Vighnesh Koushik,Prince CecilNeha KrishnaSubhalekha Sudhakar,2022,Telugu,Movie Title: The American Dream. Directed by: Dr. Vighnesh Koushik. Starring: Prince CecilNeha KrishnaSubhalekha Sudhakar. Released in: 2022.
Hero,Sriram Adittya,Ashok GallaNidhhi AgerwalJagapathi Babu,2022,Telugu,Movie Title: Hero. Directed by: Sriram Adittya. Starring: Ashok GallaNidhhi AgerwalJagapathi Babu. Released in: 2022.
Uniki,Rajkumar Bobby,Chitra ShuklaAshish Gandhi,2022,Telugu,Movie Title: Uniki. Directed by: Rajkumar Bobby. Starring: Chitra ShuklaAshish Gandhi. Released in: 2022.
Good Luck Sakhi,Nagesh Kukunoor,Keerthy SureshAadhi PinisettyJagapathi BabuRahul Ramakrishna,2022,Telugu,Movie Title: Good Luck Sakhi. Directed by: Nagesh Kukunoor. Starring: Keerthy SureshAadhi PinisettyJagapathi BabuRahul Ramakrishna. Released in: 2022.
Khiladi,Ramesh Varma,Ravi TejaArjun SarjaUnni MukundanMeenakshi ChaudharyDimple HayathiNikitin Dheer,2022,Telugu,Movie Title: Khiladi. Directed by: Ramesh Varma. Starring: Ravi TejaArjun SarjaUnni MukundanMeenakshi ChaudharyDimple HayathiNikitin Dheer. Released in: 2022.
Sehari,Gnanasagar Dwaraka,Harsh KanumilliSimran ChoudharyAbhinav GomatamPraneeth Reddy KallemAkshithaaSneha VelidindiKoti,2022,Telugu,Movie Title: Sehari. Directed by: Gnanasagar Dwaraka. Starring: Harsh KanumilliSimran ChoudharyAbhinav GomatamPraneeth Reddy KallemAkshithaaSneha VelidindiKoti. Released in: 2022.
Sadha Nannu Nadipe,Lanka Pratheek Prem Karan,Lanka Pratheek Prem KaranVaishnavi PatwardhanNagendra BabuNassar,2022,Telugu,Movie Title: Sadha Nannu Nadipe. Directed by: Lanka Pratheek Prem Karan. Starring: Lanka Pratheek Prem KaranVaishnavi PatwardhanNagendra BabuNassar. Released in: 2022.
Bhamakalapam,Abhimanyu,PriyamaniSaranya Pradeep,2022,Telugu,Movie Title: Bhamakalapam. Directed by: Abhimanyu. Starring: PriyamaniSaranya Pradeep. Released in: 2022.
DJ Tillu,Vimal Krishna,Siddhu JonnalagaddaNeha Shetty,2022,Telugu,Movie Title: DJ Tillu. Directed by: Vimal Krishna. Starring: Siddhu JonnalagaddaNeha Shetty. Released in: 2022.
Son of India,Diamond Ratnababu,Mohan BabuSrikanthTanikella BharaniAliRaghu BabuRaja Ravindra,2022,Telugu,Movie Title: Son of India. Directed by: Diamond Ratnababu. Starring: Mohan BabuSrikanthTanikella BharaniAliRaghu BabuRaja Ravindra. Released in: 2022.
Virgin Story,Pradip B. Atluri,Vikram SahadevSowmika PandiyanRishika Khanna,2022,Telugu,Movie Title: Virgin Story. Directed by: Pradip B. Atluri. Starring: Vikram SahadevSowmika PandiyanRishika Khanna. Released in: 2022.
Bheemla Nayak,Saagar K Chandra,Pawan KalyanRana DaggubatiNithya MenenSamyuktha MenonSamuthirakaniMurali SharmaRaghu Babu,2022,Telugu,Movie Title: Bheemla Nayak. Directed by: Saagar K Chandra. Starring: Pawan KalyanRana DaggubatiNithya MenenSamyuktha MenonSamuthirakaniMurali SharmaRaghu Babu. Released in: 2022.
Sebastian PC 524,Balaji Sayyapureddy,Kiran AbbavaramKomalee PrasadNuveksha,2022,Telugu,Movie Title: Sebastian PC 524. Directed by: Balaji Sayyapureddy. Starring: Kiran AbbavaramKomalee PrasadNuveksha. Released in: 2022.
Aadavallu Meeku Johaarlu,Tirumala Kishore,SharwanandRashmika MandannaKushbooRadhika SarathkumarUrvashi,2022,Telugu,Movie Title: Aadavallu Meeku Johaarlu. Directed by: Tirumala Kishore. Starring: SharwanandRashmika MandannaKushbooRadhika SarathkumarUrvashi. Released in: 2022.
Radhe Shyam[c],Radha Krishna Kumar,PrabhasPooja HegdeKrishnam RajuSachin KhedekarPriyadarshi PulikondaMurali SharmaBhagyashreeSathyanKunaal Roy Kapur,2022,Telugu,Movie Title: Radhe Shyam[c]. Directed by: Radha Krishna Kumar. Starring: PrabhasPooja HegdeKrishnam RajuSachin KhedekarPriyadarshi PulikondaMurali SharmaBhagyashreeSathyanKunaal Roy Kapur. Released in: 2022.
Stand Up Rahul,Santo,Raj TarunVarsha BollammaMurali SharmaIndrajaVennela Kishore,2022,Telugu,Movie Title: Stand Up Rahul. Directed by: Santo. Starring: Raj TarunVarsha BollammaMurali SharmaIndrajaVennela Kishore. Released in: 2022.
Malli Modalaindhi,TG Keerthi Kumar,SumanthNaina GangulyVarshini SounderajanPavani ReddySuhasini Maniratnam,2022,Telugu,Movie Title: Malli Modalaindhi. Directed by: TG Keerthi Kumar. Starring: SumanthNaina GangulyVarshini SounderajanPavani ReddySuhasini Maniratnam. Released in: 2022.
7 Days 6 Nights,M. S. Raju,Sumanth AshwinMeher ChahalRohanKrithika Shetty,2022,Telugu,Movie Title: 7 Days 6 Nights. Directed by: M. S. Raju. Starring: Sumanth AshwinMeher ChahalRohanKrithika Shetty. Released in: 2022.
Gangster Gangaraju,Eeshaan Suryaah,Laksh ChadalavadaVedieka DuttVennela KishoreCharandeepSrikanth Iyengar,2022,Telugu,Movie Title: Gangster Gangaraju. Directed by: Eeshaan Suryaah. Starring: Laksh ChadalavadaVedieka DuttVennela KishoreCharandeepSrikanth Iyengar. Released in: 2022.
Pakka Commercial,Maruthi,GopichandRaashi KhannaSathyarajAnasuya BharadwajRao RameshSaptagiri,2022,Telugu,Movie Title: Pakka Commercial. Directed by: Maruthi. Starring: GopichandRaashi KhannaSathyarajAnasuya BharadwajRao RameshSaptagiri. Released in: 2022.
Dongalunnaru Jaagratha,Satish Tripura,Sri SimhaSamuthirakaniPreethi Asrani,2022,Telugu,Movie Title: Dongalunnaru Jaagratha. Directed by: Satish Tripura. Starring: Sri SimhaSamuthirakaniPreethi Asrani. Released in: 2022.
The Ghost,Praveen Sattaru,Nagarjuna AkkineniSonal ChauhanGul PanagAnikha SurendranManish ChaudhariRavi VarmaSrikanth Iyengar,2022,Telugu,Movie Title: The Ghost. Directed by: Praveen Sattaru. Starring: Nagarjuna AkkineniSonal ChauhanGul PanagAnikha SurendranManish ChaudhariRavi VarmaSrikanth Iyengar. Released in: 2022.
Godfather,Mohan Raja,ChiranjeeviSalman KhanNayantharaSatyadev,2022,Telugu,Movie Title: Godfather. Directed by: Mohan Raja. Starring: ChiranjeeviSalman KhanNayantharaSatyadev. Released in: 2022.
Swathi Muthyam,Lakshman K Krishna,Bellamkonda GaneshVarsha Bollamma,2022,Telugu,Movie Title: Swathi Muthyam. Directed by: Lakshman K Krishna. Starring: Bellamkonda GaneshVarsha Bollamma. Released in: 2022.
Boyfriend for Hire,Santosh Kambhampati,Viswant DuddumpudiMalavika SatheesanHarsha VardhanMadhunandanSudharshan,2022,Telugu,Movie Title: Boyfriend for Hire. Directed by: Santosh Kambhampati. Starring: Viswant DuddumpudiMalavika SatheesanHarsha VardhanMadhunandanSudharshan. Released in: 2022.
Ammu,Charukesh Sekar,Aishwarya LekshmiNaveen ChandraBobby SimhaRaja RavindraParvathi T.Appaji Ambarisha Darbha,2022,Telugu,Movie Title: Ammu. Directed by: Charukesh Sekar. Starring: Aishwarya LekshmiNaveen ChandraBobby SimhaRaja RavindraParvathi T.Appaji Ambarisha Darbha. Released in: 2022.
Ginna,Suryaah,Vishnu ManchuPayal RajputSunny LeoneSunilVennela Kishore,2022,Telugu,Movie Title: Ginna. Directed by: Suryaah. Starring: Vishnu ManchuPayal RajputSunny LeoneSunilVennela Kishore. Released in: 2022.
Ori Devuda,Ashwath Marimuthu,Vishwak SenMithila PalkarVenkatesh DaggubatiAsha BhatRahul Ramakrishna,2022,Telugu,Movie Title: Ori Devuda. Directed by: Ashwath Marimuthu. Starring: Vishwak SenMithila PalkarVenkatesh DaggubatiAsha BhatRahul Ramakrishna. Released in: 2022.
Alluri,Pradeep Varma,Sree VishnuKayadu LoharTanikella BharaniSumanRaja RavindraPrudhvi RajRavi VarmaMadhusudhan Rao Reddy,2022,Telugu,Movie Title: Alluri. Directed by: Pradeep Varma. Starring: Sree VishnuKayadu LoharTanikella BharaniSumanRaja RavindraPrudhvi RajRavi VarmaMadhusudhan Rao Reddy. Released in: 2022.
Anukoni Prayanam,Venkatesh Pediredla,Rajendra PrasadNarasimha RajuPremaTulasiRavi BabuSubhalekha SudhakarPrabhas Sreenu,2022,Telugu,Movie Title: Anukoni Prayanam. Directed by: Venkatesh Pediredla. Starring: Rajendra PrasadNarasimha RajuPremaTulasiRavi BabuSubhalekha SudhakarPrabhas Sreenu. Released in: 2022.
Urvasivo Rakshasivo,Rakesh Sashii,Allu SirishAnu EmmanuelSunilAamaniVennela KishoreKedar Shankar,2022,Telugu,Movie Title: Urvasivo Rakshasivo. Directed by: Rakesh Sashii. Starring: Allu SirishAnu EmmanuelSunilAamaniVennela KishoreKedar Shankar. Released in: 2022.
Pratibimbalu,K. S. Prakash Rao Singeetam Srinivasa Rao,Akkineni Nageswara RaoJayasudhaTulasi,2022,Telugu,Movie Title: Pratibimbalu. Directed by: K. S. Prakash Rao Singeetam Srinivasa Rao. Starring: Akkineni Nageswara RaoJayasudhaTulasi. Released in: 2022.
Yashoda,Hari–Harish,SamanthaUnni MukundanVaralaxmi SarathkumarRao RameshMurali SharmaSampath RajShatruDivya SripadaKalpika Ganesh,2022,Telugu,Movie Title: Yashoda. Directed by: Hari–Harish. Starring: SamanthaUnni MukundanVaralaxmi SarathkumarRao RameshMurali SharmaSampath RajShatruDivya SripadaKalpika Ganesh. Released in: 2022.
Masooda,Sai Kiran,SangeethaThiruveerKavya Kalyan RamSubhalekha SudhakarBandhavi Sridhar,2022,Telugu,Movie Title: Masooda. Directed by: Sai Kiran. Starring: SangeethaThiruveerKavya Kalyan RamSubhalekha SudhakarBandhavi Sridhar. Released in: 2022.
Itlu Maredumilli Prajaneekam,AR Mohan,Allari NareshAnandhiVennela KishorePraveenSampath Raj,2022,Telugu,Movie Title: Itlu Maredumilli Prajaneekam. Directed by: AR Mohan. Starring: Allari NareshAnandhiVennela KishorePraveenSampath Raj. Released in: 2022.
HIT: The Second Case,Sailesh Kolanu,Adivi SeshMeenakshi ChaudharySuhas PagoluRao RameshPosani Krishna MuraliTanikella BharaniKomalee PrasadBhanu Chander,2022,Telugu,Movie Title: HIT: The Second Case. Directed by: Sailesh Kolanu. Starring: Adivi SeshMeenakshi ChaudharySuhas PagoluRao RameshPosani Krishna MuraliTanikella BharaniKomalee PrasadBhanu Chander. Released in: 2022.
Mukhachitram,Sandeep Raj,Vikas VasishtaPriya VadlamaniChaitanya Rao MadadiAyesha KhanSunilVishwak SenP. Ravi Shankar,2022,Telugu,Movie Title: Mukhachitram. Directed by: Sandeep Raj. Starring: Vikas VasishtaPriya VadlamaniChaitanya Rao MadadiAyesha KhanSunilVishwak SenP. Ravi Shankar. Released in: 2022.
Panchathantram,Harsha Pulipaka,BrahmanandamSwathi ReddySamuthirakaniShivatmika RajashekarRahul Vijay,2022,Telugu,Movie Title: Panchathantram. Directed by: Harsha Pulipaka. Starring: BrahmanandamSwathi ReddySamuthirakaniShivatmika RajashekarRahul Vijay. Released in: 2022.
"Like, Share & Subscribe",Merlapaka Gandhi,Santosh SobhanFaria AbdullahSudharshanBrahmajiAadukalam Naren,2022,Telugu,"Movie Title: Like, Share & Subscribe. Directed by: Merlapaka Gandhi. Starring: Santosh SobhanFaria AbdullahSudharshanBrahmajiAadukalam Naren. Released in: 2022."
Slum Dog Husband,A. R. Sreedhar,Sanjay RaoRaghu KarumanchiSaptagiriPranavi ManukondaBrahmaji,2023,Telugu,Movie Title: Slum Dog Husband. Directed by: A. R. Sreedhar. Starring: Sanjay RaoRaghu KarumanchiSaptagiriPranavi ManukondaBrahmaji. Released in: 2023.
Krishna Vrinda Vihari,Anish R. Krishna,Naga ShauryaShirley SetiaRadhika SarathkumarRahul RamakrishnaVennela KishoreSatyaBrahmaji,2022,Telugu,Movie Title: Krishna Vrinda Vihari. Directed by: Anish R. Krishna. Starring: Naga ShauryaShirley SetiaRadhika SarathkumarRahul RamakrishnaVennela KishoreSatyaBrahmaji. Released in: 2022.
Nenu Meeku Baaga Kavalsinavaadini,Sridhar Gadhe,Kiran AbbavaramSanjana AnandSonu ThakurSiddharth MenonS. V. Krishna ReddyBaba BhaskarSameerSangeetha,2022,Telugu,Movie Title: Nenu Meeku Baaga Kavalsinavaadini. Directed by: Sridhar Gadhe. Starring: Kiran AbbavaramSanjana AnandSonu ThakurSiddharth MenonS. V. Krishna ReddyBaba BhaskarSameerSangeetha. Released in: 2022.
10th Class Diaries,Anji,SriramAvika GorSiva BalajiArchana Shastry,2022,Telugu,Movie Title: 10th Class Diaries. Directed by: Anji. Starring: SriramAvika GorSiva BalajiArchana Shastry. Released in: 2022.
Shikaru,Hari Kolagani,Sai DhanshikaTej KurapatiAbhinav MedisettyDheeraj AathreyaChammak Chandra,2022,Telugu,Movie Title: Shikaru. Directed by: Hari Kolagani. Starring: Sai DhanshikaTej KurapatiAbhinav MedisettyDheeraj AathreyaChammak Chandra. Released in: 2022.
October–December,Ritesh Rana,Lavanya TripathiVennela Kishore,2022,Telugu,Movie Title: October–December. Directed by: Ritesh Rana. Starring: Lavanya TripathiVennela Kishore. Released in: 2022.
The Warriorr[b],N. Lingusamy,Ram PothineniAadhi PinisettyKrithi ShettyAkshara GowdaNadhiyaBharathirajaChirag JaniRedin Kingsley,2022,Telugu,Movie Title: The Warriorr[b]. Directed by: N. Lingusamy. Starring: Ram PothineniAadhi PinisettyKrithi ShettyAkshara GowdaNadhiyaBharathirajaChirag JaniRedin Kingsley. Released in: 2022.
Thank You,Vikram Kumar,Naga ChaitanyaRaashi KhannaAvika GorMalavika NairSai Sushanth Reddy,2022,Telugu,Movie Title: Thank You. Directed by: Vikram Kumar. Starring: Naga ChaitanyaRaashi KhannaAvika GorMalavika NairSai Sushanth Reddy. Released in: 2022.
Ramarao on Duty,Sarath Mandava,Ravi TejaDivyansha KaushikRajisha VijayanVenu ThottempudiNassarNareshPavitra LokeshJohn VijayChaitanya KrishnaTanikella BharaniRahul RamakrishnaMadhusudhan Rao,2022,Telugu,Movie Title: Ramarao on Duty. Directed by: Sarath Mandava. Starring: Ravi TejaDivyansha KaushikRajisha VijayanVenu ThottempudiNassarNareshPavitra LokeshJohn VijayChaitanya KrishnaTanikella BharaniRahul RamakrishnaMadhusudhan Rao. Released in: 2022.
Bimbisara,Mallidi Vashist,Nandamuri Kalyan RamCatherine TresaSamyuktha MenonWarina HussainVennela KishoreBrahmajiSrinivas Reddy,2022,Telugu,Movie Title: Bimbisara. Directed by: Mallidi Vashist. Starring: Nandamuri Kalyan RamCatherine TresaSamyuktha MenonWarina HussainVennela KishoreBrahmajiSrinivas Reddy. Released in: 2022.
Sita Ramam,Hanu Raghavapudi,Dulquer SalmaanMrunal ThakurRashmika MandannaSumanth,2022,Telugu,Movie Title: Sita Ramam. Directed by: Hanu Raghavapudi. Starring: Dulquer SalmaanMrunal ThakurRashmika MandannaSumanth. Released in: 2022.
Saakini Daakini,Sudheer Varma,Nivetha ThomasRegina Cassandra,2022,Telugu,Movie Title: Saakini Daakini. Directed by: Sudheer Varma. Starring: Nivetha ThomasRegina Cassandra. Released in: 2022.
Macherla Niyojakavargam,M.S. Raja Shekhar Reddy,NithiinKrithi ShettyCatherine TresaSamuthirakaniRajendra PrasadVennela KishoreIndraja,2022,Telugu,Movie Title: Macherla Niyojakavargam. Directed by: M.S. Raja Shekhar Reddy. Starring: NithiinKrithi ShettyCatherine TresaSamuthirakaniRajendra PrasadVennela KishoreIndraja. Released in: 2022.
Tees Maar Khan,Kalyanji Gogana,Aadi Sai KumarPayal RajputSunilPoornaKabir Duhan SinghThakur Anoop Singh,2022,Telugu,Movie Title: Tees Maar Khan. Directed by: Kalyanji Gogana. Starring: Aadi Sai KumarPayal RajputSunilPoornaKabir Duhan SinghThakur Anoop Singh. Released in: 2022.
Highway,K. V. Guhan,Anand Deverakonda Manasa Radhakrishna Abhishek BanerjeeSaiyami KherJohn VijaySatya,2022,Telugu,Movie Title: Highway. Directed by: K. V. Guhan. Starring: Anand Deverakonda Manasa Radhakrishna Abhishek BanerjeeSaiyami KherJohn VijaySatya. Released in: 2022.
Liger[c],Puri Jagannadh,Vijay DeverakondaAnanya PandeyMike TysonRamya KrishnanRonit RoyAliMakarand DeshpandeGetup Srinu,2022,Telugu,Movie Title: Liger[c]. Directed by: Puri Jagannadh. Starring: Vijay DeverakondaAnanya PandeyMike TysonRamya KrishnanRonit RoyAliMakarand DeshpandeGetup Srinu. Released in: 2022.
Odela Railway Station,Ashok Teja,Hebah PatelPujita PonnadaVasishta N. SimhaSai RonakGagan VihariNaga Mahesh,2022,Telugu,Movie Title: Odela Railway Station. Directed by: Ashok Teja. Starring: Hebah PatelPujita PonnadaVasishta N. SimhaSai RonakGagan VihariNaga Mahesh. Released in: 2022.
Ranga Ranga Vaibhavanga,Gireesaaya,Panja Vaisshnav TejKetika SharmaNaveen ChandraAliSubbarajuPrabhuNaresh,2022,Telugu,Movie Title: Ranga Ranga Vaibhavanga. Directed by: Gireesaaya. Starring: Panja Vaisshnav TejKetika SharmaNaveen ChandraAliSubbarajuPrabhuNaresh. Released in: 2022.
First Day First Show,Vamshidhar Goud,Srikanth ReddySanchitaAliTanikella BharaniVennela Kishore,2022,Telugu,Movie Title: First Day First Show. Directed by: Vamshidhar Goud. Starring: Srikanth ReddySanchitaAliTanikella BharaniVennela Kishore. Released in: 2022.
Oke Oka Jeevitham,Shree Karthick,SharwanandAmala AkkineniRitu VarmaVennela KishorePriyadarshi PulikondaNassarAliRavi RaghavendraYog JapeeMadhunandan,2022,Telugu,Movie Title: Oke Oka Jeevitham. Directed by: Shree Karthick. Starring: SharwanandAmala AkkineniRitu VarmaVennela KishorePriyadarshi PulikondaNassarAliRavi RaghavendraYog JapeeMadhunandan. Released in: 2022.
Aa Ammayi Gurinchi Meeku Cheppali,Mohana Krishna Indraganti,Sudheer BabuKrithi ShettyVamsi Raghava YenumulaSrinivas AvasaralaVennela KishoreRahul RamakrishnaKunal KaushikSatish Saripalli,2022,Telugu,Movie Title: Aa Ammayi Gurinchi Meeku Cheppali. Directed by: Mohana Krishna Indraganti. Starring: Sudheer BabuKrithi ShettyVamsi Raghava YenumulaSrinivas AvasaralaVennela KishoreRahul RamakrishnaKunal KaushikSatish Saripalli. Released in: 2022.
Karthikeya 2,Chandoo Mondeti,Nikhil SiddharthAnupama ParameswaranAnupam KherSrinivas Reddy,2022,Telugu,Movie Title: Karthikeya 2. Directed by: Chandoo Mondeti. Starring: Nikhil SiddharthAnupama ParameswaranAnupam KherSrinivas Reddy. Released in: 2022.
Erra Bus,Dasari Narayana Rao,"Manchu Vishnu, Catherine Tresa, Brahmanandam, Dasari Narayana Rao",2014,Telugu,"Movie Title: Erra Bus. Directed by: Dasari Narayana Rao. Starring: Manchu Vishnu, Catherine Tresa, Brahmanandam, Dasari Narayana Rao. Released in: 2014."
Legally Veer,Ravi Gogula,Veer ReddyDayanand ReddyDelhi GaneshanGiridhar,2024,Telugu,Movie Title: Legally Veer. Directed by: Ravi Gogula. Starring: Veer ReddyDayanand ReddyDelhi GaneshanGiridhar. Released in: 2024.
Parampara,Madhu Mahankali,"Naresh, Aamani, Raavi Kondala Rao",2014,Telugu,"Movie Title: Parampara. Directed by: Madhu Mahankali. Starring: Naresh, Aamani, Raavi Kondala Rao. Released in: 2014."
Kithakithalu,E. V. V. Satyanarayana,Allari Naresh,2006,Telugu,Movie Title: Kithakithalu. Directed by: E. V. V. Satyanarayana. Starring: Allari Naresh. Released in: 2006.
Evandoi Srivaru,Satti Babu,"Srikanth, Sneha",2006,Telugu,"Movie Title: Evandoi Srivaru. Directed by: Satti Babu. Starring: Srikanth, Sneha. Released in: 2006."
Godavari,Sekhar Kammula,"Sumanth, Kamalinee Mukherjee",2006,Telugu,"Movie Title: Godavari. Directed by: Sekhar Kammula. Starring: Sumanth, Kamalinee Mukherjee. Released in: 2006."
Oka V Chitram,Teja,"Krishna Bhagavaan, Tanikella Bharani, Telangana Shakuntala",2006,Telugu,"Movie Title: Oka V Chitram. Directed by: Teja. Starring: Krishna Bhagavaan, Tanikella Bharani, Telangana Shakuntala. Released in: 2006."
Sri Krishna 2006,V. Vijayendra Prasad,"Srikanth, Venu, Brahmanandam",2006,Telugu,"Movie Title: Sri Krishna 2006. Directed by: V. Vijayendra Prasad. Starring: Srikanth, Venu, Brahmanandam. Released in: 2006."
Beats,A. V. V. Naidu,"Vinay, Pranathi",2006,Telugu,"Movie Title: Beats. Directed by: A. V. V. Naidu. Starring: Vinay, Pranathi. Released in: 2006."
Kokila,Konda,"Rajiv Kanakala, Raja, Saloni Aswani, Siva Balaji",2006,Telugu,"Movie Title: Kokila. Directed by: Konda. Starring: Rajiv Kanakala, Raja, Saloni Aswani, Siva Balaji. Released in: 2006."
Manodu,Priyadarshini Ram,"Priyadarshini Ram, Viswendar Reddy, Radhika Joshi",2006,Telugu,"Movie Title: Manodu. Directed by: Priyadarshini Ram. Starring: Priyadarshini Ram, Viswendar Reddy, Radhika Joshi. Released in: 2006."
Vikramarkudu,S. S. Rajamouli,"Ravi Teja, Anushka Shetty",2006,Telugu,"Movie Title: Vikramarkudu. Directed by: S. S. Rajamouli. Starring: Ravi Teja, Anushka Shetty. Released in: 2006."
Nandanavanam 120 km,Neelakanta,"Ajay, Kota Srinivasa Rao",2006,Telugu,"Movie Title: Nandanavanam 120 km. Directed by: Neelakanta. Starring: Ajay, Kota Srinivasa Rao. Released in: 2006."
Ashok,Surender Reddy,"Jr. NTR, Sameera Reddy, Prakash Raj, Sonu Sood",2006,Telugu,"Movie Title: Ashok. Directed by: Surender Reddy. Starring: Jr. NTR, Sameera Reddy, Prakash Raj, Sonu Sood. Released in: 2006."
Kittu,B. Satya,Animated Film,2006,Telugu,Movie Title: Kittu. Directed by: B. Satya. Starring: Animated Film. Released in: 2006.
Valliddari Vayasu Padahare,Bhanu Shankar,"Tarun Chandra, Devaki",2006,Telugu,"Movie Title: Valliddari Vayasu Padahare. Directed by: Bhanu Shankar. Starring: Tarun Chandra, Devaki. Released in: 2006."
Amma Cheppindi,Gangaraju Gunnam,"Suhasini, Sharwanand, Shriya Reddy",2006,Telugu,"Movie Title: Amma Cheppindi. Directed by: Gangaraju Gunnam. Starring: Suhasini, Sharwanand, Shriya Reddy. Released in: 2006."
Game,G. Ram Prasad,"Mohan Babu, Vishnu, Shobana, Parvati Melton",2006,Telugu,"Movie Title: Game. Directed by: G. Ram Prasad. Starring: Mohan Babu, Vishnu, Shobana, Parvati Melton. Released in: 2006."
Veedhi,V Dorairaj,"Sharwanand, Gopika",2006,Telugu,"Movie Title: Veedhi. Directed by: V Dorairaj. Starring: Sharwanand, Gopika. Released in: 2006."
Astram,Suresh Krishna,"Vishnu Manchu, Anushka Shetty, Jackie Shroff, Rahul Dev",2006,Telugu,"Movie Title: Astram. Directed by: Suresh Krishna. Starring: Vishnu Manchu, Anushka Shetty, Jackie Shroff, Rahul Dev. Released in: 2006."
Bommarillu,Bhaskar,"Siddharth, Genelia D'Souza, Prakash Raj, Jayasudha",2006,Telugu,"Movie Title: Bommarillu. Directed by: Bhaskar. Starring: Siddharth, Genelia D'Souza, Prakash Raj, Jayasudha. Released in: 2006."
Bangaram,Dharani,"Pawan Kalyan, Reema Sen, Meera Chopra, Mukesh Rishi",2006,Telugu,"Movie Title: Bangaram. Directed by: Dharani. Starring: Pawan Kalyan, Reema Sen, Meera Chopra, Mukesh Rishi. Released in: 2006."
Pokiri,Puri Jagannadh,"Mahesh Babu, Ileana D'Cruz, Prakash Raj",2006,Telugu,"Movie Title: Pokiri. Directed by: Puri Jagannadh. Starring: Mahesh Babu, Ileana D'Cruz, Prakash Raj. Released in: 2006."
Lakshmi,V. V. Vinayak,"Venkatesh Daggubati, Nayanthara, Charmy Kaur",2006,Telugu,"Movie Title: Lakshmi. Directed by: V. V. Vinayak. Starring: Venkatesh Daggubati, Nayanthara, Charmy Kaur. Released in: 2006."
Happy,A. Karunakaran,"Allu Arjun, Genelia D'Souza",2006,Telugu,"Movie Title: Happy. Directed by: A. Karunakaran. Starring: Allu Arjun, Genelia D'Souza. Released in: 2006."
Shock,Harish Shankar,"Ravi Teja, Jyothika",2006,Telugu,"Movie Title: Shock. Directed by: Harish Shankar. Starring: Ravi Teja, Jyothika. Released in: 2006."
Ranam,Amma Rajasekhar,"Tottempudi Gopichand, Kamna Jethmalani, Biju Menon",2006,Telugu,"Movie Title: Ranam. Directed by: Amma Rajasekhar. Starring: Tottempudi Gopichand, Kamna Jethmalani, Biju Menon. Released in: 2006."
Asadhyudu,Anil Krishna,Kalyan Ram,2006,Telugu,Movie Title: Asadhyudu. Directed by: Anil Krishna. Starring: Kalyan Ram. Released in: 2006.
Hope,Satish Kasetty,"D. Ramanaidu, Kalyani",2006,Telugu,"Movie Title: Hope. Directed by: Satish Kasetty. Starring: D. Ramanaidu, Kalyani. Released in: 2006."
Rajababu,Muppalaneni Shiva,"Rajasekhar, Brahmanandam, Kondavalasa Lakshmana Rao",2006,Telugu,"Movie Title: Rajababu. Directed by: Muppalaneni Shiva. Starring: Rajasekhar, Brahmanandam, Kondavalasa Lakshmana Rao. Released in: 2006."
Veerabhadra,A.S. Ravi Kumar,"Nandamuri Balakrishna, Tanushree Dutta, Sada",2006,Telugu,"Movie Title: Veerabhadra. Directed by: A.S. Ravi Kumar. Starring: Nandamuri Balakrishna, Tanushree Dutta, Sada. Released in: 2006."
Pothe Poni,Tammareddy Bharadwaja,"Sindhu Tolani, Siva Balaji",2006,Telugu,"Movie Title: Pothe Poni. Directed by: Tammareddy Bharadwaja. Starring: Sindhu Tolani, Siva Balaji. Released in: 2006."
Party,Ravi Babu,"Allari Naresh, Madhu Sharma, Shashank, Bramhanandam, Ravi Babu",2006,Telugu,"Movie Title: Party. Directed by: Ravi Babu. Starring: Allari Naresh, Madhu Sharma, Shashank, Bramhanandam, Ravi Babu. Released in: 2006."
Raam,N. Shankar,"Nithiin, Genelia D'Souza",2006,Telugu,"Movie Title: Raam. Directed by: N. Shankar. Starring: Nithiin, Genelia D'Souza. Released in: 2006."
Sri Ramadasu,K. Raghavendra Rao,"Nagarjuna, Sneha, Suman, Veda Sastry",2006,Telugu,"Movie Title: Sri Ramadasu. Directed by: K. Raghavendra Rao. Starring: Nagarjuna, Sneha, Suman, Veda Sastry. Released in: 2006."
10th Class,Chandu,"Bharat, Saranya, Sunaina",2006,Telugu,"Movie Title: 10th Class. Directed by: Chandu. Starring: Bharat, Saranya, Sunaina. Released in: 2006."
Pournami,Prabhu Deva,"Prabhas, Trisha Krishnan, Charmme",2006,Telugu,"Movie Title: Pournami. Directed by: Prabhu Deva. Starring: Prabhas, Trisha Krishnan, Charmme. Released in: 2006."
Premante Inte,BV Ramana,"Navdeep, Poonam Bajwa",2006,Telugu,"Movie Title: Premante Inte. Directed by: BV Ramana. Starring: Navdeep, Poonam Bajwa. Released in: 2006."
Sarada Saradaga,S. V. Krishna Reddy,"Srikanth, Rajendra Prasad, Sindhu Tolani",2006,Telugu,"Movie Title: Sarada Saradaga. Directed by: S. V. Krishna Reddy. Starring: Srikanth, Rajendra Prasad, Sindhu Tolani. Released in: 2006."
Sambhavami Yuge Yuge,Ravi Varma,"Anji, Srijana, Jack",2006,Telugu,"Movie Title: Sambhavami Yuge Yuge. Directed by: Ravi Varma. Starring: Anji, Srijana, Jack. Released in: 2006."
Chukkallo Chandrudu,Sivakumar Ananth,"Siddharth Narayan, Charmme, Sada",2006,Telugu,"Movie Title: Chukkallo Chandrudu. Directed by: Sivakumar Ananth. Starring: Siddharth Narayan, Charmme, Sada. Released in: 2006."
Roommates,AVS,"Allari Naresh, Baladitya, Navneet Kaur",2006,Telugu,"Movie Title: Roommates. Directed by: AVS. Starring: Allari Naresh, Baladitya, Navneet Kaur. Released in: 2006."
Andala Ramudu,P. Lakshmi Narayana,"Sunil, Aarti Agarwal",2006,Telugu,"Movie Title: Andala Ramudu. Directed by: P. Lakshmi Narayana. Starring: Sunil, Aarti Agarwal. Released in: 2006."
Repallelo Radha,Sarath,"Dileep, Deeksha, Gummadi, Satyanarayana",2001,Telugu,"Movie Title: Repallelo Radha. Directed by: Sarath. Starring: Dileep, Deeksha, Gummadi, Satyanarayana. Released in: 2001."
Family Circus,Teja,"Jagapati Babu, Rajendra Prasad, Roja",2001,Telugu,"Movie Title: Family Circus. Directed by: Teja. Starring: Jagapati Babu, Rajendra Prasad, Roja. Released in: 2001."
Andhala O Chilaka,B. Gopal,"Dhanush, Siri",2001,Telugu,"Movie Title: Andhala O Chilaka. Directed by: B. Gopal. Starring: Dhanush, Siri. Released in: 2001."
Maa Aavida Meeda Ottu Mee Aavida Chala Manchidi,E. V. V. Satyanarayana,"Srikanth, Laya, Raasi, Vadde Naveen",2001,Telugu,"Movie Title: Maa Aavida Meeda Ottu Mee Aavida Chala Manchidi. Directed by: E. V. V. Satyanarayana. Starring: Srikanth, Laya, Raasi, Vadde Naveen. Released in: 2001."
Chinna,Dasari Narayana Rao,"Dasari Arun Kumar, Shilpa Shinde, Dasari Narayana Rao",2001,Telugu,"Movie Title: Chinna. Directed by: Dasari Narayana Rao. Starring: Dasari Arun Kumar, Shilpa Shinde, Dasari Narayana Rao. Released in: 2001."
Ninnu Choodalani,V. R. Pratap,"Jr. NTR, Raveena Rajput",2001,Telugu,"Movie Title: Ninnu Choodalani. Directed by: V. R. Pratap. Starring: Jr. NTR, Raveena Rajput. Released in: 2001."
Pandanti Samsaram,Krishna,"Krishna, Babu Mohan, Kota Srinivasa Rao",2001,Telugu,"Movie Title: Pandanti Samsaram. Directed by: Krishna. Starring: Krishna, Babu Mohan, Kota Srinivasa Rao. Released in: 2001."
Gopi – Goda Meeda Pilli,Janardhana Maharshi,"Allari Naresh, Jagapathi Babu",2006,Telugu,"Movie Title: Gopi – Goda Meeda Pilli. Directed by: Janardhana Maharshi. Starring: Allari Naresh, Jagapathi Babu. Released in: 2006."
Prematho Raa,Udayasankar,"Venkatesh, Simran",2001,Telugu,"Movie Title: Prematho Raa. Directed by: Udayasankar. Starring: Venkatesh, Simran. Released in: 2001."
Mayabazar,Mohan Krishna Indraganti,"Raja, Bhoomika Chawla, S. P. Balasubrahmanyam",2006,Telugu,"Movie Title: Mayabazar. Directed by: Mohan Krishna Indraganti. Starring: Raja, Bhoomika Chawla, S. P. Balasubrahmanyam. Released in: 2006."
Sainikudu,Gunasekhar,"Mahesh Babu, Irfan Khan, Trisha",2006,Telugu,"Movie Title: Sainikudu. Directed by: Gunasekhar. Starring: Mahesh Babu, Irfan Khan, Trisha. Released in: 2006."
Aadi Lakshmi,Y. Suresh,"Srikanth, Vadde Naveen",2006,Telugu,"Movie Title: Aadi Lakshmi. Directed by: Y. Suresh. Starring: Srikanth, Vadde Naveen. Released in: 2006."
Pellaina Kothalo,Madan,"Jagapati Babu, Priyamani",2006,Telugu,"Movie Title: Pellaina Kothalo. Directed by: Madan. Starring: Jagapati Babu, Priyamani. Released in: 2006."
Khatarnak,Amma Rajasekhar,"Ravi Teja, Ileana D'Cruz",2006,Telugu,"Movie Title: Khatarnak. Directed by: Amma Rajasekhar. Starring: Ravi Teja, Ileana D'Cruz. Released in: 2006."
Aakhari Pagi,K. Ramana Rao,"Aditya Om, Tanu Roy",2006,Telugu,"Movie Title: Aakhari Pagi. Directed by: K. Ramana Rao. Starring: Aditya Om, Tanu Roy. Released in: 2006."
Rakhi,Krishna Vamsi,"Jr. NTR, Charmy Kaur, Ileana D'Cruz",2006,Telugu,"Movie Title: Rakhi. Directed by: Krishna Vamsi. Starring: Jr. NTR, Charmy Kaur, Ileana D'Cruz. Released in: 2006."
Ammayi Kosam,Muppalaneni Siva,"Vineeth, Meena, Ravi Teja, Venu",2001,Telugu,"Movie Title: Ammayi Kosam. Directed by: Muppalaneni Siva. Starring: Vineeth, Meena, Ravi Teja, Venu. Released in: 2001."
Naayudamma,A. Madhava Sai,"Vijaya Shanti, Prabhu Deva, Rekha Vedavyas",2006,Telugu,"Movie Title: Naayudamma. Directed by: A. Madhava Sai. Starring: Vijaya Shanti, Prabhu Deva, Rekha Vedavyas. Released in: 2006."
Bhagyalakshmi Bumper Draw,Nidhi Prasad,Rajendra Prasad,2006,Telugu,Movie Title: Bhagyalakshmi Bumper Draw. Directed by: Nidhi Prasad. Starring: Rajendra Prasad. Released in: 2006.
Neeku Naaku,Selvendran,"Sarath Chander, Rambha, Lakshmi Rai",2006,Telugu,"Movie Title: Neeku Naaku. Directed by: Selvendran. Starring: Sarath Chander, Rambha, Lakshmi Rai. Released in: 2006."
Sardar Pappanna,Pratani Ramakrishna Goud,"Krishna, Suman",2006,Telugu,"Movie Title: Sardar Pappanna. Directed by: Pratani Ramakrishna Goud. Starring: Krishna, Suman. Released in: 2006."
Indian Beauty,Shantikumar,"Gopichand Lagadapati, Sairao, Collin Mcgee",2006,Telugu,"Movie Title: Indian Beauty. Directed by: Shantikumar. Starring: Gopichand Lagadapati, Sairao, Collin Mcgee. Released in: 2006."
Photo,Siva Nageswara Rao,"Anand, Anjali, Mukta",2006,Telugu,"Movie Title: Photo. Directed by: Siva Nageswara Rao. Starring: Anand, Anjali, Mukta. Released in: 2006."
Seetha Ramudu,Shyam Prasad,"Sivaji, Ankita, Rahul Dev",2006,Telugu,"Movie Title: Seetha Ramudu. Directed by: Shyam Prasad. Starring: Sivaji, Ankita, Rahul Dev. Released in: 2006."
Maa Idhari Madhya,Ramesh Maddineni,"Bharat, Vidisha, Brahmanandam",2006,Telugu,"Movie Title: Maa Idhari Madhya. Directed by: Ramesh Maddineni. Starring: Bharat, Vidisha, Brahmanandam. Released in: 2006."
Vayasu,Sai Sagar,"Ramesh Mitra, Yada Krishna",2001,Telugu,"Movie Title: Vayasu. Directed by: Sai Sagar. Starring: Ramesh Mitra, Yada Krishna. Released in: 2001."
Aganthakudu,Anil Kishore,"Siva Balaji, Nikita Thukral, Madhu Shalini",2006,Telugu,"Movie Title: Aganthakudu. Directed by: Anil Kishore. Starring: Siva Balaji, Nikita Thukral, Madhu Shalini. Released in: 2006."
Nuvve,Gopichand,"Dhanush, Samragni",2006,Telugu,"Movie Title: Nuvve. Directed by: Gopichand. Starring: Dhanush, Samragni. Released in: 2006."
Stalin,A. R. Murugadoss,"Chiranjeevi, Trisha Krishnan, Khushbu",2006,Telugu,"Movie Title: Stalin. Directed by: A. R. Murugadoss. Starring: Chiranjeevi, Trisha Krishnan, Khushbu. Released in: 2006."
"Boss, I Love You",V. N. Aditya,"Nagarjuna, Shriya saran, Nayantara, Poonam Bajwa",2006,Telugu,"Movie Title: Boss, I Love You. Directed by: V. N. Aditya. Starring: Nagarjuna, Shriya saran, Nayantara, Poonam Bajwa. Released in: 2006."
Tata Birla Madhyalo Laila,Srinivasa Reddy,"Sivaji, Krishna Bhagavaan, Ali",2006,Telugu,"Movie Title: Tata Birla Madhyalo Laila. Directed by: Srinivasa Reddy. Starring: Sivaji, Krishna Bhagavaan, Ali. Released in: 2006."
Maayajaalam,S. V. Krishna Reddy,"Srikanth, Venu Madhav, Ali",2006,Telugu,"Movie Title: Maayajaalam. Directed by: S. V. Krishna Reddy. Starring: Srikanth, Venu Madhav, Ali. Released in: 2006."
Raraju,Udayasankar,"Gopichand, Meera Jasmine",2006,Telugu,"Movie Title: Raraju. Directed by: Udayasankar. Starring: Gopichand, Meera Jasmine. Released in: 2006."
Samanyudu,C. Ravi Kumar,Jagapati Babu,2006,Telugu,Movie Title: Samanyudu. Directed by: C. Ravi Kumar. Starring: Jagapati Babu. Released in: 2006.
Thrill,Veeru K,"Venkat, Ruthika",2006,Telugu,"Movie Title: Thrill. Directed by: Veeru K. Starring: Venkat, Ruthika. Released in: 2006."
Chinnodu,Kanmani,"Sumanth, Charmme",2006,Telugu,"Movie Title: Chinnodu. Directed by: Kanmani. Starring: Sumanth, Charmme. Released in: 2006."
Vanaja,Rajnesh Domalpalli,"Indira Amperiani, Bhaskara S. Narayanan",2006,Telugu,"Movie Title: Vanaja. Directed by: Rajnesh Domalpalli. Starring: Indira Amperiani, Bhaskara S. Narayanan. Released in: 2006."
Style,Raghava Lawrence,"Raghava Lawrence, Prabhu Deva, Raja, Charmme, Kamalini Mukherjee",2006,Telugu,"Movie Title: Style. Directed by: Raghava Lawrence. Starring: Raghava Lawrence, Prabhu Deva, Raja, Charmme, Kamalini Mukherjee. Released in: 2006."
Devadasu,YVS Chowdary,"Ram, Ileana D'Cruz",2006,Telugu,"Movie Title: Devadasu. Directed by: YVS Chowdary. Starring: Ram, Ileana D'Cruz. Released in: 2006."
Bava Nachadu,KS Ravikumar,"Nagarjuna, Simran, Reema Sen",2001,Telugu,"Movie Title: Bava Nachadu. Directed by: KS Ravikumar. Starring: Nagarjuna, Simran, Reema Sen. Released in: 2001."
Subhakaryam,Ravi Raja Pinisetty,"Rajasekhar, Naveen, Asha Saini",2001,Telugu,"Movie Title: Subhakaryam. Directed by: Ravi Raja Pinisetty. Starring: Rajasekhar, Naveen, Asha Saini. Released in: 2001."
Tholi Valapu,Muthyala Subbaiah,"Gopichand, Sneha",2001,Telugu,"Movie Title: Tholi Valapu. Directed by: Muthyala Subbaiah. Starring: Gopichand, Sneha. Released in: 2001."
Jackpot,G. Kasinath,"Kashinath, Naveena, L. B. Sriram, Jaya Prakash Reddy",2001,Telugu,"Movie Title: Jackpot. Directed by: G. Kasinath. Starring: Kashinath, Naveena, L. B. Sriram, Jaya Prakash Reddy. Released in: 2001."
Naa Manasistha Raa,R.R.Shinde,"Srikanth, Richa, Soundarya",2001,Telugu,"Movie Title: Naa Manasistha Raa. Directed by: R.R.Shinde. Starring: Srikanth, Richa, Soundarya. Released in: 2001."
Sampangi,Sanayadi Reddy,"Deepak, Kanchi Kaul",2001,Telugu,"Movie Title: Sampangi. Directed by: Sanayadi Reddy. Starring: Deepak, Kanchi Kaul. Released in: 2001."
Ramma Chilakamma,Tammareddy Bharadwaja,"Sumanth, Laya",2001,Telugu,"Movie Title: Ramma Chilakamma. Directed by: Tammareddy Bharadwaja. Starring: Sumanth, Laya. Released in: 2001."
Atu America Itu India,Gummaluri Shastry,"Sunny, Vanessa, Vijay Nainan",2001,Telugu,"Movie Title: Atu America Itu India. Directed by: Gummaluri Shastry. Starring: Sunny, Vanessa, Vijay Nainan. Released in: 2001."
Wife,Ravipalli Rambabu,"Sivaji, Preetha Vijayakumar",2001,Telugu,"Movie Title: Wife. Directed by: Ravipalli Rambabu. Starring: Sivaji, Preetha Vijayakumar. Released in: 2001."
Simharasi,V. Samudra,"Rajasekhar, Sakshi Shivanand",2001,Telugu,"Movie Title: Simharasi. Directed by: V. Samudra. Starring: Rajasekhar, Sakshi Shivanand. Released in: 2001."
Oka Oorilo,Ramesh Verma,"Raja, Tarun, Saloni Aswani",2005,Telugu,"Movie Title: Oka Oorilo. Directed by: Ramesh Verma. Starring: Raja, Tarun, Saloni Aswani. Released in: 2005."
Naa Oopiri,Kanmani,"Vadde Naveen, Sangeetha, Anjana, Sudha, M. S. Narayana",2005,Telugu,"Movie Title: Naa Oopiri. Directed by: Kanmani. Starring: Vadde Naveen, Sangeetha, Anjana, Sudha, M. S. Narayana. Released in: 2005."
Nireekshana,N. Seetharam,"Aryan Rajesh, Sridevi Vijayakumar, Nagendra Prasad",2005,Telugu,"Movie Title: Nireekshana. Directed by: N. Seetharam. Starring: Aryan Rajesh, Sridevi Vijayakumar, Nagendra Prasad. Released in: 2005."
A Film by Aravind,Shekkar Suri,"Rajiv Kanakala, Ghazal Srinivas, Richard Rishi, Sherlyn Chopra",2005,Telugu,"Movie Title: A Film by Aravind. Directed by: Shekkar Suri. Starring: Rajiv Kanakala, Ghazal Srinivas, Richard Rishi, Sherlyn Chopra. Released in: 2005."
Kanchanamala Cable TV,Parthasaradhi,"Srikanth, Lakshmi Rai, Raghu Babu, Brahmanandam",2005,Telugu,"Movie Title: Kanchanamala Cable TV. Directed by: Parthasaradhi. Starring: Srikanth, Lakshmi Rai, Raghu Babu, Brahmanandam. Released in: 2005."
Super,Puri Jagannadh,"Nagarjuna, Sonu Sood, Anushka Shetty, Ayesha Takia",2005,Telugu,"Movie Title: Super. Directed by: Puri Jagannadh. Starring: Nagarjuna, Sonu Sood, Anushka Shetty, Ayesha Takia. Released in: 2005."
Rendella Tharuvatha,K B Anand,"Sreeram, Gopichand Lagadapati",2005,Telugu,"Movie Title: Rendella Tharuvatha. Directed by: K B Anand. Starring: Sreeram, Gopichand Lagadapati. Released in: 2005."
Guru,B Jaffer,"Akash, Pranathi",2005,Telugu,"Movie Title: Guru. Directed by: B Jaffer. Starring: Akash, Pranathi. Released in: 2005."
Premikulu,Jaya,"Yuvaraj, Rishi Girish, Kamna Jethmalani, Rajiv Kanakala, Rambabu",2005,Telugu,"Movie Title: Premikulu. Directed by: Jaya. Starring: Yuvaraj, Rishi Girish, Kamna Jethmalani, Rajiv Kanakala, Rambabu. Released in: 2005."
Nuvvu Nenu,Teja,"Uday Kiran, Anitha",2001,Telugu,"Movie Title: Nuvvu Nenu. Directed by: Teja. Starring: Uday Kiran, Anitha. Released in: 2001."
Anukokunda Oka Roju,Chandra Sekhar Yeleti,"Jagapathi Babu, Charmme, Shashank",2005,Telugu,"Movie Title: Anukokunda Oka Roju. Directed by: Chandra Sekhar Yeleti. Starring: Jagapathi Babu, Charmme, Shashank. Released in: 2005."
Muddula Mogudu Allari Pellam,Ramachandrudu,Ali,2005,Telugu,Movie Title: Muddula Mogudu Allari Pellam. Directed by: Ramachandrudu. Starring: Ali. Released in: 2005.
Ayodhya,Kodi Ramakrishna,"Krishna, Vadde Naveen, Rathi",2005,Telugu,"Movie Title: Ayodhya. Directed by: Kodi Ramakrishna. Starring: Krishna, Vadde Naveen, Rathi. Released in: 2005."
Subash Chandra Bose,K. Raghavendra Rao,"Venkatesh, Genelia D'Souza, Shriya Saran, Prakash Raj",2005,Telugu,"Movie Title: Subash Chandra Bose. Directed by: K. Raghavendra Rao. Starring: Venkatesh, Genelia D'Souza, Shriya Saran, Prakash Raj. Released in: 2005."
Hungama,S. V. Krishna Reddy,Venu Madhav,2005,Telugu,Movie Title: Hungama. Directed by: S. V. Krishna Reddy. Starring: Venu Madhav. Released in: 2005.
Mr. Errababu,K Kishore,"Sivaji, Roma, Nagendra Babu, Sunil, Satyanarayana, Venu Madhav",2005,Telugu,"Movie Title: Mr. Errababu. Directed by: K Kishore. Starring: Sivaji, Roma, Nagendra Babu, Sunil, Satyanarayana, Venu Madhav. Released in: 2005."
10 The Strangers,Rajesh Touchriver,"Nagababu, Jyothirmayee, Nassar, Brahmaji, Sherry",2005,Telugu,"Movie Title: 10 The Strangers. Directed by: Rajesh Touchriver. Starring: Nagababu, Jyothirmayee, Nassar, Brahmaji, Sherry. Released in: 2005."
Naa Praanam Kante Ekkuva,Sashi Preetham,"Neeraj, Madhu Shalini, Vamsi Varma, Jeevan Sekhar",2005,Telugu,"Movie Title: Naa Praanam Kante Ekkuva. Directed by: Sashi Preetham. Starring: Neeraj, Madhu Shalini, Vamsi Varma, Jeevan Sekhar. Released in: 2005."
Evadra Rowdy,Sarath,"Srihari, Sanghavi, Sujatha",2001,Telugu,"Movie Title: Evadra Rowdy. Directed by: Sarath. Starring: Srihari, Sanghavi, Sujatha. Released in: 2001."
Athanokkade,Surender Reddy,"Kalyan Ram, Sindhu Tolani, Ashish Vidyarthi, Brahmanandam",2005,Telugu,"Movie Title: Athanokkade. Directed by: Surender Reddy. Starring: Kalyan Ram, Sindhu Tolani, Ashish Vidyarthi, Brahmanandam. Released in: 2005."
Kumkuma,Jyothindranath Vemuri,"Siva Balaji, Jayant, Seema, Ranganath, Sivaji Raja",2005,Telugu,"Movie Title: Kumkuma. Directed by: Jyothindranath Vemuri. Starring: Siva Balaji, Jayant, Seema, Ranganath, Sivaji Raja. Released in: 2005."
Narasimhudu,B. Gopal,"Jr. NTR, Ameesha Patel, Sameera Reddy",2005,Telugu,"Movie Title: Narasimhudu. Directed by: B. Gopal. Starring: Jr. NTR, Ameesha Patel, Sameera Reddy. Released in: 2005."
Andarivadu,Srinu Vaitla,"Chiranjeevi, Tabu, Rimi Sen",2005,Telugu,"Movie Title: Andarivadu. Directed by: Srinu Vaitla. Starring: Chiranjeevi, Tabu, Rimi Sen. Released in: 2005."
Meghamala O Pellam Gola,Sanjay,"Santhosh Pawan, Tanu Roy",2005,Telugu,"Movie Title: Meghamala O Pellam Gola. Directed by: Sanjay. Starring: Santhosh Pawan, Tanu Roy. Released in: 2005."
Kadante Avunanile,O S Avinash,"Vamsi Krishna, Naveena, Suman, Chandra Mohan, Giribabu, Brahmanandam",2005,Telugu,"Movie Title: Kadante Avunanile. Directed by: O S Avinash. Starring: Vamsi Krishna, Naveena, Suman, Chandra Mohan, Giribabu, Brahmanandam. Released in: 2005."
Jagapathi,Jonnalagadda Srinivasa Rao,"Jagapati Babu, Rakshita, Sai Kiran, Navneet Kaur, Pradeep Rawat",2005,Telugu,"Movie Title: Jagapathi. Directed by: Jonnalagadda Srinivasa Rao. Starring: Jagapati Babu, Rakshita, Sai Kiran, Navneet Kaur, Pradeep Rawat. Released in: 2005."
Devi Abhayam,Srinivasa Reddy,"Sai Kiran, Raasi, Prema, Prabhakar",2005,Telugu,"Movie Title: Devi Abhayam. Directed by: Srinivasa Reddy. Starring: Sai Kiran, Raasi, Prema, Prabhakar. Released in: 2005."
Bhadra,Boyapati Srinu,"Ravi Teja, Meera Jasmine, Prakash Raj, Pradeep Rawat",2005,Telugu,"Movie Title: Bhadra. Directed by: Boyapati Srinu. Starring: Ravi Teja, Meera Jasmine, Prakash Raj, Pradeep Rawat. Released in: 2005."
Nikkis Engagement,Rafi,"Surya, Vamsi, Rekha",2005,Telugu,"Movie Title: Nikkis Engagement. Directed by: Rafi. Starring: Surya, Vamsi, Rekha. Released in: 2005."
Athadu,Trivikram Srinivas,"Mahesh Babu, Trisha, Sonu Sood, Prakash Raj, Sayaji Shinde, Kota Srinivasa Rao, Nassar, Sunil, Rahul Dev, Brahmanandam",2005,Telugu,"Movie Title: Athadu. Directed by: Trivikram Srinivas. Starring: Mahesh Babu, Trisha, Sonu Sood, Prakash Raj, Sayaji Shinde, Kota Srinivasa Rao, Nassar, Sunil, Rahul Dev, Brahmanandam. Released in: 2005."
Nuvvante Naakishtam,E. V. V. Satyanarayana,"Aryan Rajesh, Allari Naresh, Anuradha Mehta",2005,Telugu,"Movie Title: Nuvvante Naakishtam. Directed by: E. V. V. Satyanarayana. Starring: Aryan Rajesh, Allari Naresh, Anuradha Mehta. Released in: 2005."
Seenugadu Chiranjeevi Fan,Posala Radhakrishna,"Akula Vijay Vardhan, Venu Madhav, M. S. Narayana",2005,Telugu,"Movie Title: Seenugadu Chiranjeevi Fan. Directed by: Posala Radhakrishna. Starring: Akula Vijay Vardhan, Venu Madhav, M. S. Narayana. Released in: 2005."
Vennela,Deva Kaushik,"Raja, Parvati Melton",2005,Telugu,"Movie Title: Vennela. Directed by: Deva Kaushik. Starring: Raja, Parvati Melton. Released in: 2005."
Sri,Dasaradh,"Manoj Manchu, Tamanna",2005,Telugu,"Movie Title: Sri. Directed by: Dasaradh. Starring: Manoj Manchu, Tamanna. Released in: 2005."
Mukha Chitram,S Babu,"Srirambaji, Haripriya",2005,Telugu,"Movie Title: Mukha Chitram. Directed by: S Babu. Starring: Srirambaji, Haripriya. Released in: 2005."
Mahanandi,V. Samudra,"Sumanth, Srihari, Anushka Shetty",2005,Telugu,"Movie Title: Mahanandi. Directed by: V. Samudra. Starring: Sumanth, Srihari, Anushka Shetty. Released in: 2005."
Kaaki,Bobbili Bhanu,"Brahmaji, Gurleen Chopra",2005,Telugu,"Movie Title: Kaaki. Directed by: Bobbili Bhanu. Starring: Brahmaji, Gurleen Chopra. Released in: 2005."
Yuvakulu,Sai Venkat,"Kiran Tej, Sangeetha Tiwari, Abhinayasri",2005,Telugu,"Movie Title: Yuvakulu. Directed by: Sai Venkat. Starring: Kiran Tej, Sangeetha Tiwari, Abhinayasri. Released in: 2005."
Ayinda Leda,Bharath,"Ali, Raksha, Kota Srinivasa Rao, Mallikarjuna Rao, Brahmanandam",2005,Telugu,"Movie Title: Ayinda Leda. Directed by: Bharath. Starring: Ali, Raksha, Kota Srinivasa Rao, Mallikarjuna Rao, Brahmanandam. Released in: 2005."
Kalisi Naduddam,Kodi Ramakrishna,"Srikanth, Soundarya, Rama Prabha, Brahmanandam",2001,Telugu,"Movie Title: Kalisi Naduddam. Directed by: Kodi Ramakrishna. Starring: Srikanth, Soundarya, Rama Prabha, Brahmanandam. Released in: 2001."
Jai Chiranjeeva,K. Vijaya Bhaskar,"Chiranjeevi, Sameera Reddy, Bhoomika Chawla, Arbaaz Khan",2005,Telugu,"Movie Title: Jai Chiranjeeva. Directed by: K. Vijaya Bhaskar. Starring: Chiranjeevi, Sameera Reddy, Bhoomika Chawla, Arbaaz Khan. Released in: 2005."
Alex,Rajesh Touchriver,"Haranath, Rambha, Sangeetha, Shiju, Kousha, Indu Anand",2005,Telugu,"Movie Title: Alex. Directed by: Rajesh Touchriver. Starring: Haranath, Rambha, Sangeetha, Shiju, Kousha, Indu Anand. Released in: 2005."
Gowtam SSC,P A Arun Prasad,"Navdeep, Sindhu Tolani, K. Vishwanath, Bhanupriya",2005,Telugu,"Movie Title: Gowtam SSC. Directed by: P A Arun Prasad. Starring: Navdeep, Sindhu Tolani, K. Vishwanath, Bhanupriya. Released in: 2005."
Maha Simham,Akkumurthy Babu Rao,"Mukkuraju, Rallapalli, Kallu Chidambaram, Swathi, Susheela",2005,Telugu,"Movie Title: Maha Simham. Directed by: Akkumurthy Babu Rao. Starring: Mukkuraju, Rallapalli, Kallu Chidambaram, Swathi, Susheela. Released in: 2005."
Vechi Vunta,Sriram Murthy,"Raja, Uttej, Krishna Bhagavaan",2001,Telugu,"Movie Title: Vechi Vunta. Directed by: Sriram Murthy. Starring: Raja, Uttej, Krishna Bhagavaan. Released in: 2001."
Bhalevadivi Basu,P. A. Arun Prasad,"Balakrishna Nandamuri, Shilpa Shetty, Anjala Zaveri",2001,Telugu,"Movie Title: Bhalevadivi Basu. Directed by: P. A. Arun Prasad. Starring: Balakrishna Nandamuri, Shilpa Shetty, Anjala Zaveri. Released in: 2001."
6 Teens,G. Nageswara Reddy,"Rohit, Ruthika, Santosh",2001,Telugu,"Movie Title: 6 Teens. Directed by: G. Nageswara Reddy. Starring: Rohit, Ruthika, Santosh. Released in: 2001."
Venkat Tho Alivelu,P Balaji,"Dilip, Sanjana, M. S. Narayana, Omkar, Anil",2005,Telugu,"Movie Title: Venkat Tho Alivelu. Directed by: P Balaji. Starring: Dilip, Sanjana, M. S. Narayana, Omkar, Anil. Released in: 2005."
Meenakshi,T Prabhakar,"Rajiv Kanakala, Kamalinee Mukherjee, Amit, Preethi Nigam",2005,Telugu,"Movie Title: Meenakshi. Directed by: T Prabhakar. Starring: Rajiv Kanakala, Kamalinee Mukherjee, Amit, Preethi Nigam. Released in: 2005."
Abhimaani,Sana Yadi Reddy,"Nakuul Mehta, Swetha Malhotra",2005,Telugu,"Movie Title: Abhimaani. Directed by: Sana Yadi Reddy. Starring: Nakuul Mehta, Swetha Malhotra. Released in: 2005."
Moguds Pellams,Ranganath,"Sivaji Raja, Karthik, Rathi, Harika, Chandra Mohan, M. S. Narayana",2005,Telugu,"Movie Title: Moguds Pellams. Directed by: Ranganath. Starring: Sivaji Raja, Karthik, Rathi, Harika, Chandra Mohan, M. S. Narayana. Released in: 2005."
Andhrudu,Paruchuri Murali,"Gopichand, Gowri Pandit, Sayaji Shinde",2005,Telugu,"Movie Title: Andhrudu. Directed by: Paruchuri Murali. Starring: Gopichand, Gowri Pandit, Sayaji Shinde. Released in: 2005."
Please Naaku Pellaindi,Gandhi,"Raghu, Rajiv Kanakala, Sruthi Malhotra, Soni Charishma, Venu Madhav",2005,Telugu,"Movie Title: Please Naaku Pellaindi. Directed by: Gandhi. Starring: Raghu, Rajiv Kanakala, Sruthi Malhotra, Soni Charishma, Venu Madhav. Released in: 2005."
Adirindayya Chandram,Srinivasa Reddy,"Sivaji, Laya",2005,Telugu,"Movie Title: Adirindayya Chandram. Directed by: Srinivasa Reddy. Starring: Sivaji, Laya. Released in: 2005."
123 from Amalapuram,Varma,"Ravi Prakash, Raja Sridhar, Anil, Nithya Das, Dharmavarapu Subramanyam",2005,Telugu,"Movie Title: 123 from Amalapuram. Directed by: Varma. Starring: Ravi Prakash, Raja Sridhar, Anil, Nithya Das, Dharmavarapu Subramanyam. Released in: 2005."
Okkade,Chandra Mahesh,"Srihari, Santhoshi, Mukesh Rishi",2005,Telugu,"Movie Title: Okkade. Directed by: Chandra Mahesh. Starring: Srihari, Santhoshi, Mukesh Rishi. Released in: 2005."
Mogudu Pellam O Dongodu,Venky,"Shriya Saran, Raja, Brahmanandam",2005,Telugu,"Movie Title: Mogudu Pellam O Dongodu. Directed by: Venky. Starring: Shriya Saran, Raja, Brahmanandam. Released in: 2005."
Khaki Chokka,Vikky,"Sai Kumar, Neelambari, Thriller Manju",2001,Telugu,"Movie Title: Khaki Chokka. Directed by: Vikky. Starring: Sai Kumar, Neelambari, Thriller Manju. Released in: 2001."
Veeri Veeri Gummadi Pandu,Nimmagadda Babu,"Ali, Sreekar Babu, Jayalalitha, Rajiv Kanakala",2005,Telugu,"Movie Title: Veeri Veeri Gummadi Pandu. Directed by: Nimmagadda Babu. Starring: Ali, Sreekar Babu, Jayalalitha, Rajiv Kanakala. Released in: 2005."
Allari Bullodu,K. Raghavendra Rao,"Nitin, Trisha, Rathi",2005,Telugu,"Movie Title: Allari Bullodu. Directed by: K. Raghavendra Rao. Starring: Nitin, Trisha, Rathi. Released in: 2005."
Nayakudu,Kodi Ramakrishna,"Rajasekhar, Namitha",2005,Telugu,"Movie Title: Nayakudu. Directed by: Kodi Ramakrishna. Starring: Rajasekhar, Namitha. Released in: 2005."
Good Boy,G. Nageswara Reddy,"Rohit, Navneet Kaur",2005,Telugu,"Movie Title: Good Boy. Directed by: G. Nageswara Reddy. Starring: Rohit, Navneet Kaur. Released in: 2005."
Political Rowdy,Adi,"Mohan Babu, Charmy Kaur, Prakash Raj, Abbas",2005,Telugu,"Movie Title: Political Rowdy. Directed by: Adi. Starring: Mohan Babu, Charmy Kaur, Prakash Raj, Abbas. Released in: 2005."
Chatrapathi,S. S. Rajamouli,"Prabhas, Shriya Saran, Bhanupriya",2005,Telugu,"Movie Title: Chatrapathi. Directed by: S. S. Rajamouli. Starring: Prabhas, Shriya Saran, Bhanupriya. Released in: 2005."
Allari Pidugu,Jayanth C. Paranjee,"Nandamuri Balakrishna, Charmy Kaur, Katrina Kaif",2005,Telugu,"Movie Title: Allari Pidugu. Directed by: Jayanth C. Paranjee. Starring: Nandamuri Balakrishna, Charmy Kaur, Katrina Kaif. Released in: 2005."
Bhageeratha,Rasool Ellore,"Ravi Teja, Shriya Saran, Prakash Raj",2005,Telugu,"Movie Title: Bhageeratha. Directed by: Rasool Ellore. Starring: Ravi Teja, Shriya Saran, Prakash Raj. Released in: 2005."
Modati Cinema,Venkat Kuchipudi,"Navdeep, Poonam Bajwa, Brahmanandam",2005,Telugu,"Movie Title: Modati Cinema. Directed by: Venkat Kuchipudi. Starring: Navdeep, Poonam Bajwa, Brahmanandam. Released in: 2005."
Bhama Kalapam,K.V.V. Satyanarayana,"Aditya Om, Meghna Naidu, Pooja Bharati",2005,Telugu,"Movie Title: Bhama Kalapam. Directed by: K.V.V. Satyanarayana. Starring: Aditya Om, Meghna Naidu, Pooja Bharati. Released in: 2005."
Abhaddam,K. Balachander,"Uday Kiran, Vimala Raman",2006,Telugu,"Movie Title: Abhaddam. Directed by: K. Balachander. Starring: Uday Kiran, Vimala Raman. Released in: 2006."
Avunanna Kaadanna,Teja,"Uday Kiran, Sadha",2005,Telugu,"Movie Title: Avunanna Kaadanna. Directed by: Teja. Starring: Uday Kiran, Sadha. Released in: 2005."
Annavaram,Bhimaneni Srinivasa Rao,"Pawan Kalyan, Asin, Sandhya",2006,Telugu,"Movie Title: Annavaram. Directed by: Bhimaneni Srinivasa Rao. Starring: Pawan Kalyan, Asin, Sandhya. Released in: 2006."
Desamuduru,Puri Jagannadh,"Allu Arjun, Hansika Motwani",2007,Telugu,"Movie Title: Desamuduru. Directed by: Puri Jagannadh. Starring: Allu Arjun, Hansika Motwani. Released in: 2007."
Buddha,Allani Sridhar,"Sunil Sharma, Kausha Rach, Suman, Puneet Issar",2008,Telugu,"Movie Title: Buddha. Directed by: Allani Sridhar. Starring: Sunil Sharma, Kausha Rach, Suman, Puneet Issar. Released in: 2008."
Aatadista,A.S. Ravi Kumar,"Nithiin, Kajal Agarwal",2008,Telugu,"Movie Title: Aatadista. Directed by: A.S. Ravi Kumar. Starring: Nithiin, Kajal Agarwal. Released in: 2008."
Abbo Aadavallu,T. N. Raju,"Saila Katri, Vanita Reddy, Sruthi",2008,Telugu,"Movie Title: Abbo Aadavallu. Directed by: T. N. Raju. Starring: Saila Katri, Vanita Reddy, Sruthi. Released in: 2008."
Jalsa,Trivikram Srinivas,"Pawan Kalyan, Ileana D'Cruz, Mukesh Rishi",2008,Telugu,"Movie Title: Jalsa. Directed by: Trivikram Srinivas. Starring: Pawan Kalyan, Ileana D'Cruz, Mukesh Rishi. Released in: 2008."
Bhale Dongalu,K. Vijaya Bhaskar,"Tarun, Ileana D'Cruz, Jagapati Babu",2008,Telugu,"Movie Title: Bhale Dongalu. Directed by: K. Vijaya Bhaskar. Starring: Tarun, Ileana D'Cruz, Jagapati Babu. Released in: 2008."
Kalidasu,G. Ravicharan Reddy,"Sushanth, Tamannaah Bhatia, Jayasudha",2008,Telugu,"Movie Title: Kalidasu. Directed by: G. Ravicharan Reddy. Starring: Sushanth, Tamannaah Bhatia, Jayasudha. Released in: 2008."
Bhadradri,Mallikarjuna,"Raghumudri Srihari, Raja Abel, Nikita Thukral, Gajala",2008,Telugu,"Movie Title: Bhadradri. Directed by: Mallikarjuna. Starring: Raghumudri Srihari, Raja Abel, Nikita Thukral, Gajala. Released in: 2008."
John Appa Rao 40 Plus,Kuchipudi Venkat,"Krishna Bhagawan, Simran",2008,Telugu,"Movie Title: John Appa Rao 40 Plus. Directed by: Kuchipudi Venkat. Starring: Krishna Bhagawan, Simran. Released in: 2008."
Michael Madana Kamaraju,Nidhi Prasad,"Prabhu Deva, Charmy Kaur, Meka Srikanth, Sunil",2008,Telugu,"Movie Title: Michael Madana Kamaraju. Directed by: Nidhi Prasad. Starring: Prabhu Deva, Charmy Kaur, Meka Srikanth, Sunil. Released in: 2008."
Donga Sachinollu,Raja Vannemreddy,"Krishna Bhagavan, Raghu Babu, Ali, Rambha, Brahmanandam",2008,Telugu,"Movie Title: Donga Sachinollu. Directed by: Raja Vannemreddy. Starring: Krishna Bhagavan, Raghu Babu, Ali, Rambha, Brahmanandam. Released in: 2008."
Bujjigadu,Puri Jagannadh,"Prabhas, Sanjana, Trisha Krishnan",2008,Telugu,"Movie Title: Bujjigadu. Directed by: Puri Jagannadh. Starring: Prabhas, Sanjana, Trisha Krishnan. Released in: 2008."
Kantri,Meher Ramesh,"Jr. NTR, Hansika Motwani, Tanisha Mukherjee",2008,Telugu,"Movie Title: Kantri. Directed by: Meher Ramesh. Starring: Jr. NTR, Hansika Motwani, Tanisha Mukherjee. Released in: 2008."
Kshudra,Nagul,"Priyanka, Ramya, Kondavalasa Lakshmana Rao, Jeeva",2008,Telugu,"Movie Title: Kshudra. Directed by: Nagul. Starring: Priyanka, Ramya, Kondavalasa Lakshmana Rao, Jeeva. Released in: 2008."
Pandurangadu,K. Raghavendra Rao,"Balakrishna Nandamuri, Sneha, Tabu",2008,Telugu,"Movie Title: Pandurangadu. Directed by: K. Raghavendra Rao. Starring: Balakrishna Nandamuri, Sneha, Tabu. Released in: 2008."
Parugu,Bhaskar,"Allu Arjun, Sheela, Prakash Raj",2008,Telugu,"Movie Title: Parugu. Directed by: Bhaskar. Starring: Allu Arjun, Sheela, Prakash Raj. Released in: 2008."
Premabhishekam,Vikram Gandhi,"Venu Madhav, Ruthika, Priya Mohan",2008,Telugu,"Movie Title: Premabhishekam. Directed by: Vikram Gandhi. Starring: Venu Madhav, Ruthika, Priya Mohan. Released in: 2008."
Bommana Brothers Chandana Sisters,Srinivasa Reddy,"Allari Naresh, Krishna Bhagawan, Farzana",2008,Telugu,"Movie Title: Bommana Brothers Chandana Sisters. Directed by: Srinivasa Reddy. Starring: Allari Naresh, Krishna Bhagawan, Farzana. Released in: 2008."
Victory,Ravi C. Kumar,"Nithiin, Mamta Mohandas, Sindhu Tolani",2008,Telugu,"Movie Title: Victory. Directed by: Ravi C. Kumar. Starring: Nithiin, Mamta Mohandas, Sindhu Tolani. Released in: 2008."
Nagaram,Srinivas C. C,"Meka Srikanth, Jagapathi Babu, Kaveri Jha",2008,Telugu,"Movie Title: Nagaram. Directed by: Srinivas C. C. Starring: Meka Srikanth, Jagapathi Babu, Kaveri Jha. Released in: 2008."
Mangathaayaru Tiffin Centre,Venky,"Mumaith Khan, Ali, Shafi",2008,Telugu,"Movie Title: Mangathaayaru Tiffin Centre. Directed by: Venky. Starring: Mumaith Khan, Ali, Shafi. Released in: 2008."
Pourudu,Raj Aditya,"Sumanth, Kajal Agarwal",2008,Telugu,"Movie Title: Pourudu. Directed by: Raj Aditya. Starring: Sumanth, Kajal Agarwal. Released in: 2008."
Swagatam,Dasaradh,"Jagapati Babu, Anushka, Bhumika Chawla",2008,Telugu,"Movie Title: Swagatam. Directed by: Dasaradh. Starring: Jagapati Babu, Anushka, Bhumika Chawla. Released in: 2008."
Mr. Medhavi,Neelakanta,"Raja, Genelia D'Souza",2008,Telugu,"Movie Title: Mr. Medhavi. Directed by: Neelakanta. Starring: Raja, Genelia D'Souza. Released in: 2008."
Highway,V. Manoj Kumar,"Sai Kumar, Nataraj, Santosh Pavan, Rajeev Kanakala",2008,Telugu,"Movie Title: Highway. Directed by: V. Manoj Kumar. Starring: Sai Kumar, Nataraj, Santosh Pavan, Rajeev Kanakala. Released in: 2008."
Vaana,M. S. Raju,"Vinay Rai, Meera Chopra",2008,Telugu,"Movie Title: Vaana. Directed by: M. S. Raju. Starring: Vinay Rai, Meera Chopra. Released in: 2008."
Krishnarjuna,P. Vasu,"Vishnu Manchu, Nagarjuna Akkineni",2008,Telugu,"Movie Title: Krishnarjuna. Directed by: P. Vasu. Starring: Vishnu Manchu, Nagarjuna Akkineni. Released in: 2008."
Homam,J. D. Chakravarthy,"Jagapati Babu, J. D. Chakravarthy, Mamta Mohandas, Madhurima Tuli, Pradeep Rawat, Mahesh Manjrekar",2008,Telugu,"Movie Title: Homam. Directed by: J. D. Chakravarthy. Starring: Jagapati Babu, J. D. Chakravarthy, Mamta Mohandas, Madhurima Tuli, Pradeep Rawat, Mahesh Manjrekar. Released in: 2008."
Premabandham,Agathiyan,"Aakash, Sridevika, Vani, Vijay Kumar, Saranya, Aiswarya",2008,Telugu,"Movie Title: Premabandham. Directed by: Agathiyan. Starring: Aakash, Sridevika, Vani, Vijay Kumar, Saranya, Aiswarya. Released in: 2008."
Vishaka Express,Mullapudi Vara,"Allari Naresh, Rajiv Kanakala, Preeti Jhangiani, Sindhu Tolani",2008,Telugu,"Movie Title: Vishaka Express. Directed by: Mullapudi Vara. Starring: Allari Naresh, Rajiv Kanakala, Preeti Jhangiani, Sindhu Tolani. Released in: 2008."
Black & White,Srikanth Vemulapalli,"Rajeev Kanakala, Sindhu Tolani, Jackie Shroff, Surekha Vani",2008,Telugu,"Movie Title: Black & White. Directed by: Srikanth Vemulapalli. Starring: Rajeev Kanakala, Sindhu Tolani, Jackie Shroff, Surekha Vani. Released in: 2008."
Andamaina Manasulo,R. P. Patnaik,"Rajiv, Remya Nambeesan, Archana Gupta",2008,Telugu,"Movie Title: Andamaina Manasulo. Directed by: R. P. Patnaik. Starring: Rajiv, Remya Nambeesan, Archana Gupta. Released in: 2008."
Ontari,Ramana,"Gopichand, Bhavana",2008,Telugu,"Movie Title: Ontari. Directed by: Ramana. Starring: Gopichand, Bhavana. Released in: 2008."
Idi Sangathi,Chandra Siddhartha,"Tabu, Abbas, Sunil",2008,Telugu,"Movie Title: Idi Sangathi. Directed by: Chandra Siddhartha. Starring: Tabu, Abbas, Sunil. Released in: 2008."
Nee Sukhame Ne Koruthunna,Giri Babu,"Raja, Sneha",2008,Telugu,"Movie Title: Nee Sukhame Ne Koruthunna. Directed by: Giri Babu. Starring: Raja, Sneha. Released in: 2008."
Pelli Kani Prasad,Satyam Dwarapudi,"Allari Naresh, Sridevi Vijaykumar, Sivaji",2008,Telugu,"Movie Title: Pelli Kani Prasad. Directed by: Satyam Dwarapudi. Starring: Allari Naresh, Sridevi Vijaykumar, Sivaji. Released in: 2008."
Gamyam,Radhakrishna Jagarlamudi,"Allari Naresh, Sharwanand, Kamalinee Mukherjee",2008,Telugu,"Movie Title: Gamyam. Directed by: Radhakrishna Jagarlamudi. Starring: Allari Naresh, Sharwanand, Kamalinee Mukherjee. Released in: 2008."
Sundarakanda,Bapu,"Charmee Kaur, Allari Naresh",2008,Telugu,"Movie Title: Sundarakanda. Directed by: Bapu. Starring: Charmee Kaur, Allari Naresh. Released in: 2008."
Okka Magadu,Y. V. S. Chowdary,"Balakrishna Nandamuri, Nisha Kothari, Anushka",2008,Telugu,"Movie Title: Okka Magadu. Directed by: Y. V. S. Chowdary. Starring: Balakrishna Nandamuri, Nisha Kothari, Anushka. Released in: 2008."
Ready,Sreenu Vaitla,"Ram, Genelia D'Souza, Bramhanandam",2008,Telugu,"Movie Title: Ready. Directed by: Sreenu Vaitla. Starring: Ram, Genelia D'Souza, Bramhanandam. Released in: 2008."
Adhyakshaa,Marudhuri Raja,"Raghu Babu, Brahmaji, Jeeva",2008,Telugu,"Movie Title: Adhyakshaa. Directed by: Marudhuri Raja. Starring: Raghu Babu, Brahmaji, Jeeva. Released in: 2008."
Souryam,J Siva Kumar,"Gopichand, Anushka",2008,Telugu,"Movie Title: Souryam. Directed by: J Siva Kumar. Starring: Gopichand, Anushka. Released in: 2008."
Friends Colony,Achana Srinivas,"Anil kumar, Posani Krishna Murali, Poonam Singar, Sony Charista",2008,Telugu,"Movie Title: Friends Colony. Directed by: Achana Srinivas. Starring: Anil kumar, Posani Krishna Murali, Poonam Singar, Sony Charista. Released in: 2008."
College Days to Marriage Days,Premchand,"Sandeep, Madhavi Latha",2008,Telugu,"Movie Title: College Days to Marriage Days. Directed by: Premchand. Starring: Sandeep, Madhavi Latha. Released in: 2008."
Gorintaku,V. R. Prathap,"Dr. Rajasekhar, Meera Jasmine, Aarti Agarwal",2008,Telugu,"Movie Title: Gorintaku. Directed by: V. R. Prathap. Starring: Dr. Rajasekhar, Meera Jasmine, Aarti Agarwal. Released in: 2008."
Hero,G. V. Sudhakar Naidu,"Nithiin, Bhavana, Ramya Krishna",2008,Telugu,"Movie Title: Hero. Directed by: G. V. Sudhakar Naidu. Starring: Nithiin, Bhavana, Ramya Krishna. Released in: 2008."
Kousalya Supraja Rama,Surya Prasad,"Meka Srikanth, Sivaji, Charmy Kaur, Gowri Munjal",2008,Telugu,"Movie Title: Kousalya Supraja Rama. Directed by: Surya Prasad. Starring: Meka Srikanth, Sivaji, Charmy Kaur, Gowri Munjal. Released in: 2008."
Keka,Teja,"Raja, Anup Kumar, Ishana",2008,Telugu,"Movie Title: Keka. Directed by: Teja. Starring: Raja, Anup Kumar, Ishana. Released in: 2008."
Raksha,Vamsikrishna Akella,"Jagapathi Babu, Kalyani, Bramhanandam",2008,Telugu,"Movie Title: Raksha. Directed by: Vamsikrishna Akella. Starring: Jagapathi Babu, Kalyani, Bramhanandam. Released in: 2008."
Kotha Bangaru Lokam,Srikanth Addala,"Varun Sandesh, Shweta Prasad, Prakash Raj",2008,Telugu,"Movie Title: Kotha Bangaru Lokam. Directed by: Srikanth Addala. Starring: Varun Sandesh, Shweta Prasad, Prakash Raj. Released in: 2008."
Ninna Nedu Repu,Lakshmikanth Chenna,"Ravi Krishna, Rekha Vedavyas, Tamannaah Bhatia",2008,Telugu,"Movie Title: Ninna Nedu Repu. Directed by: Lakshmikanth Chenna. Starring: Ravi Krishna, Rekha Vedavyas, Tamannaah Bhatia. Released in: 2008."
Rainbow,V. N. Aditya,"Rahul, Sonal Chauhan, Sindhu Menon",2008,Telugu,"Movie Title: Rainbow. Directed by: V. N. Aditya. Starring: Rahul, Sonal Chauhan, Sindhu Menon. Released in: 2008."
Avakai Biryani,Anish Kuruvilla,Kamal Kamaraju,2008,Telugu,Movie Title: Avakai Biryani. Directed by: Anish Kuruvilla. Starring: Kamal Kamaraju. Released in: 2008.
Priya Nestama,R. Ganapathy,"Venu, Shama, Malavika",2002,Telugu,"Movie Title: Priya Nestama. Directed by: R. Ganapathy. Starring: Venu, Shama, Malavika. Released in: 2002."
Deepavali,Haribabu,"Venu Thottempudi, Megha Nair, Aarthi Agarwal",2008,Telugu,"Movie Title: Deepavali. Directed by: Haribabu. Starring: Venu Thottempudi, Megha Nair, Aarthi Agarwal. Released in: 2008."
Devarakonda Veeraiah,R. Narayana Murthy,"R.Narayana Murthy, Sharafat",2008,Telugu,"Movie Title: Devarakonda Veeraiah. Directed by: R. Narayana Murthy. Starring: R.Narayana Murthy, Sharafat. Released in: 2008."
Ek Police,Kodi Ramakrishna,Naga Babu,2008,Telugu,Movie Title: Ek Police. Directed by: Kodi Ramakrishna. Starring: Naga Babu. Released in: 2008.
Nenu Meeku Telusa?,Ajay Sastry,"Manoj Manchu, Sneha Ullal, Riya Sen",2008,Telugu,"Movie Title: Nenu Meeku Telusa?. Directed by: Ajay Sastry. Starring: Manoj Manchu, Sneha Ullal, Riya Sen. Released in: 2008."
Konchem Kothaga,Raju Rajendra Prasad,"Venkat, Tulip Joshi, Ashish Vidyarthi, Johnny Lever, Banerjee",2008,Telugu,"Movie Title: Konchem Kothaga. Directed by: Raju Rajendra Prasad. Starring: Venkat, Tulip Joshi, Ashish Vidyarthi, Johnny Lever, Banerjee. Released in: 2008."
Mallepuvvu,V. Samudra,"Bhumika Chawla, Murali Krishna",2008,Telugu,"Movie Title: Mallepuvvu. Directed by: V. Samudra. Starring: Bhumika Chawla, Murali Krishna. Released in: 2008."
Gunde Jhallumandi,Madan,"Uday Kiran, Aditi Sharma",2008,Telugu,"Movie Title: Gunde Jhallumandi. Directed by: Madan. Starring: Uday Kiran, Aditi Sharma. Released in: 2008."
Brahmanandam Drama Company,E. Srikanth Nahatha,"Sivaji, Ravi Krishna, Brahmanandam, Kamalinee Mukherjee",2008,Telugu,"Movie Title: Brahmanandam Drama Company. Directed by: E. Srikanth Nahatha. Starring: Sivaji, Ravi Krishna, Brahmanandam, Kamalinee Mukherjee. Released in: 2008."
Sangamam,Rasool Ellore,"Sindhura Gadde, Rohit Khurana, Murali Mohan, Suhasini",2008,Telugu,"Movie Title: Sangamam. Directed by: Rasool Ellore. Starring: Sindhura Gadde, Rohit Khurana, Murali Mohan, Suhasini. Released in: 2008."
Gajibiji,K. Vasu,"Ali, Farjana, Brahmanandam, Krishna Bhagawan",2008,Telugu,"Movie Title: Gajibiji. Directed by: K. Vasu. Starring: Ali, Farjana, Brahmanandam, Krishna Bhagawan. Released in: 2008."
Hare Ram,Harsha Vardhan,"Kalyan Ram, Priyamani, Sindhu Tolani",2008,Telugu,"Movie Title: Hare Ram. Directed by: Harsha Vardhan. Starring: Kalyan Ram, Priyamani, Sindhu Tolani. Released in: 2008."
Maa Ayana Chanti Pilladu,Raja Vannem Reddy,"Sivaji, Meera Jasmine",2008,Telugu,"Movie Title: Maa Ayana Chanti Pilladu. Directed by: Raja Vannem Reddy. Starring: Sivaji, Meera Jasmine. Released in: 2008."
Ullasamga Utsahamga,A. Karunakaran,"Yasho Sagar, Sneha Ullal, Sunil",2008,Telugu,"Movie Title: Ullasamga Utsahamga. Directed by: A. Karunakaran. Starring: Yasho Sagar, Sneha Ullal, Sunil. Released in: 2008."
Aalayam,Muthyala Subbaiah,"Sivaji, Honey Rose",2008,Telugu,"Movie Title: Aalayam. Directed by: Muthyala Subbaiah. Starring: Sivaji, Honey Rose. Released in: 2008."
King,Sreenu Vaitla,"Nagarjuna Akkineni, Trisha Krishnan",2008,Telugu,"Movie Title: King. Directed by: Sreenu Vaitla. Starring: Nagarjuna Akkineni, Trisha Krishnan. Released in: 2008."
Kathanayakudu,P. Vasu,"Rajinikanth, Jagapati Babu",2008,Telugu,"Movie Title: Kathanayakudu. Directed by: P. Vasu. Starring: Rajinikanth, Jagapati Babu. Released in: 2008."
Salute,A. Rajasekhar,"Vishal, Upendra, Nayanthara",2008,Telugu,"Movie Title: Salute. Directed by: A. Rajasekhar. Starring: Vishal, Upendra, Nayanthara. Released in: 2008."
Siddu from Sikakulam,Eashwar,"Allari Naresh, Manjari Phadnis",2008,Telugu,"Movie Title: Siddu from Sikakulam. Directed by: Eashwar. Starring: Allari Naresh, Manjari Phadnis. Released in: 2008."
Adivishnu,Bharat Parepalli,"Dasari Arunkumar, Sneha, Suman, Kota Srinivasa Rao",2008,Telugu,"Movie Title: Adivishnu. Directed by: Bharat Parepalli. Starring: Dasari Arunkumar, Sneha, Suman, Kota Srinivasa Rao. Released in: 2008."
"Ankit, Pallavi & Friends",Hari Yelleti,"Nikhil Siddharth, Naresh, Megha Burman, Venu",2008,Telugu,"Movie Title: Ankit, Pallavi & Friends. Directed by: Hari Yelleti. Starring: Nikhil Siddharth, Naresh, Megha Burman, Venu. Released in: 2008."
Ashta Chamma,Mohan Krishna Indraganti,"Nani, Swati Reddy",2008,Telugu,"Movie Title: Ashta Chamma. Directed by: Mohan Krishna Indraganti. Starring: Nani, Swati Reddy. Released in: 2008."
Call Center,Kanmani,"Vamsi Krishna, Luna",2008,Telugu,"Movie Title: Call Center. Directed by: Kanmani. Starring: Vamsi Krishna, Luna. Released in: 2008."
Chintakayala Ravi,Yogie,"Venkatesh, Anushka Shetty, Mamta Mohandas",2008,Telugu,"Movie Title: Chintakayala Ravi. Directed by: Yogie. Starring: Venkatesh, Anushka Shetty, Mamta Mohandas. Released in: 2008."
Baladur,Udayasankar,"Ravi Teja, Krishna, Anushka Shetty, Chandra Mohan, Pradeep Rawat",2008,Telugu,"Movie Title: Baladur. Directed by: Udayasankar. Starring: Ravi Teja, Krishna, Anushka Shetty, Chandra Mohan, Pradeep Rawat. Released in: 2008."
Krishna,V. V. Vinayak,"Ravi Teja, Trisha Krishnan, Mukul Dev, Bramhanandam",2008,Telugu,"Movie Title: Krishna. Directed by: V. V. Vinayak. Starring: Ravi Teja, Trisha Krishnan, Mukul Dev, Bramhanandam. Released in: 2008."
Aapada Mokkulavaadu,Posani Krishna Murali,"Nagendra Babu, Sai Kumar, Tanikella Bharani",2008,Telugu,"Movie Title: Aapada Mokkulavaadu. Directed by: Posani Krishna Murali. Starring: Nagendra Babu, Sai Kumar, Tanikella Bharani. Released in: 2008."
Bangaru Konda,Kolla Nageswara Rao,"Rishi, Navaneet Kaur",2007,Telugu,"Movie Title: Bangaru Konda. Directed by: Kolla Nageswara Rao. Starring: Rishi, Navaneet Kaur. Released in: 2007."
Gnapakam,Uppalapati Narayana Rao,"Venkateswara Rao Atluri, Vishakha Singh",2007,Telugu,"Movie Title: Gnapakam. Directed by: Uppalapati Narayana Rao. Starring: Venkateswara Rao Atluri, Vishakha Singh. Released in: 2007."
Veduka,Y Jitender,"Raja, K Viswanath, Poonam Bajwa",2007,Telugu,"Movie Title: Veduka. Directed by: Y Jitender. Starring: Raja, K Viswanath, Poonam Bajwa. Released in: 2007."
Devathalu,Kodi Ramakrishna,"Rishi, Radhika, Bhanupriya",2007,Telugu,"Movie Title: Devathalu. Directed by: Kodi Ramakrishna. Starring: Rishi, Radhika, Bhanupriya. Released in: 2007."
Athili Sattibabu LKG,E. V. V. Satyanarayana,"Allari Naresh, Kausha Rach, Vidisha",2007,Telugu,"Movie Title: Athili Sattibabu LKG. Directed by: E. V. V. Satyanarayana. Starring: Allari Naresh, Kausha Rach, Vidisha. Released in: 2007."
Kotta Kadha,R. Venu,"Vijaya Sai, Rambha, Vikram",2007,Telugu,"Movie Title: Kotta Kadha. Directed by: R. Venu. Starring: Vijaya Sai, Rambha, Vikram. Released in: 2007."
Dhee,Srinu Vytla,"Vishnu, Genelia D'Souza, Srihari",2007,Telugu,"Movie Title: Dhee. Directed by: Srinu Vytla. Starring: Vishnu, Genelia D'Souza, Srihari. Released in: 2007."
Classmates,K. Vijaya Bhaskar,"Sumanth, Sadha, Kamalinee Mukherjee",2007,Telugu,"Movie Title: Classmates. Directed by: K. Vijaya Bhaskar. Starring: Sumanth, Sadha, Kamalinee Mukherjee. Released in: 2007."
Jagadam,Sukumar,"Ram, Isha Sahani",2007,Telugu,"Movie Title: Jagadam. Directed by: Sukumar. Starring: Ram, Isha Sahani. Released in: 2007."
Aadavari Matalaku Arthale Verule,Selvaraghavan,"Venkatesh, Trisha",2007,Telugu,"Movie Title: Aadavari Matalaku Arthale Verule. Directed by: Selvaraghavan. Starring: Venkatesh, Trisha. Released in: 2007."
Love,Ravi Chavali,"Sivaji, Manya, Ali, Tanikella Bharani",2001,Telugu,"Movie Title: Love. Directed by: Ravi Chavali. Starring: Sivaji, Manya, Ali, Tanikella Bharani. Released in: 2001."
Munna,Vamsi,"Prabhas, Ileana D'Cruz",2007,Telugu,"Movie Title: Munna. Directed by: Vamsi. Starring: Prabhas, Ileana D'Cruz. Released in: 2007."
Sri Mahalakshmi,Vijayan,"Srihari, Suhasini",2007,Telugu,"Movie Title: Sri Mahalakshmi. Directed by: Vijayan. Starring: Srihari, Suhasini. Released in: 2007."
Aata,V. N. Aditya,"Siddharth, Ileana D'Cruz",2007,Telugu,"Movie Title: Aata. Directed by: V. N. Aditya. Starring: Siddharth, Ileana D'Cruz. Released in: 2007."
Raju Bhai,R Suryakiran,"Manoj Manchu, Sheela, Dharmavarapu Subramanyam",2007,Telugu,"Movie Title: Raju Bhai. Directed by: R Suryakiran. Starring: Manoj Manchu, Sheela, Dharmavarapu Subramanyam. Released in: 2007."
Bhookailas,Siva Nageswara Rao,"Venu Madhav, Mumaith Khan",2007,Telugu,"Movie Title: Bhookailas. Directed by: Siva Nageswara Rao. Starring: Venu Madhav, Mumaith Khan. Released in: 2007."
Operation Duryodhana,Posani Krishna Murali,"Srikanth, Chalapathi Rao, Mumaith Khan",2007,Telugu,"Movie Title: Operation Duryodhana. Directed by: Posani Krishna Murali. Starring: Srikanth, Chalapathi Rao, Mumaith Khan. Released in: 2007."
Gundamma Gaari Manavadu,B. Jaya,"Ali, Sindhuri, Nicole, Kota, Bharani, Vadivukkarasi, AVS, Mallikarjuna Ra",2007,Telugu,"Movie Title: Gundamma Gaari Manavadu. Directed by: B. Jaya. Starring: Ali, Sindhuri, Nicole, Kota, Bharani, Vadivukkarasi, AVS, Mallikarjuna Ra. Released in: 2007."
Dubai Seenu,Srinu Vaitla,"Ravi Teja, Nayantara",2007,Telugu,"Movie Title: Dubai Seenu. Directed by: Srinu Vaitla. Starring: Ravi Teja, Nayantara. Released in: 2007."
Enthavaralaina,Malladi Vinayaka,"Kranthi, Manya, Gundu Hanumantha Rao",2007,Telugu,"Movie Title: Enthavaralaina. Directed by: Malladi Vinayaka. Starring: Kranthi, Manya, Gundu Hanumantha Rao. Released in: 2007."
Nekki & Neraj,Purna Adapala,"Sivaji, Poonam Kaur",2007,Telugu,"Movie Title: Nekki & Neraj. Directed by: Purna Adapala. Starring: Sivaji, Poonam Kaur. Released in: 2007."
Yogi,V. V. Vinayak,"Prabhas, Nayantara",2007,Telugu,"Movie Title: Yogi. Directed by: V. V. Vinayak. Starring: Prabhas, Nayantara. Released in: 2007."
Pagale Vennela,CV Reddy,"Siva Balaji, Mythili, Brahmanandam",2007,Telugu,"Movie Title: Pagale Vennela. Directed by: CV Reddy. Starring: Siva Balaji, Mythili, Brahmanandam. Released in: 2007."
Poramboku,Srinivas,"Navdeep, Ekta Khosla",2007,Telugu,"Movie Title: Poramboku. Directed by: Srinivas. Starring: Navdeep, Ekta Khosla. Released in: 2007."
Premalekha Rasa,Kulashekar,"Venu Malladi, Anjali",2007,Telugu,"Movie Title: Premalekha Rasa. Directed by: Kulashekar. Starring: Venu Malladi, Anjali. Released in: 2007."
Maharathi,P. Vasu,"Balakrishna, Sneha, Meera Jasmine",2007,Telugu,"Movie Title: Maharathi. Directed by: P. Vasu. Starring: Balakrishna, Sneha, Meera Jasmine. Released in: 2007."
Notebook,Chandu,"Rajiv, Gayatri",2007,Telugu,"Movie Title: Notebook. Directed by: Chandu. Starring: Rajiv, Gayatri. Released in: 2007."
Sunny,Kamalakar,"Kamalakar, Abhishek, Kriti",2007,Telugu,"Movie Title: Sunny. Directed by: Kamalakar. Starring: Kamalakar, Abhishek, Kriti. Released in: 2007."
Vihari,R Tulasikumar,"Mithun, Dharmavarapu Subramanyam, Sunil",2007,Telugu,"Movie Title: Vihari. Directed by: R Tulasikumar. Starring: Mithun, Dharmavarapu Subramanyam, Sunil. Released in: 2007."
Sri Satyanarayana Swamy,Nagesh Naradasi,"Suman, Rajkumar, Karthik, Chandra Mohan",2007,Telugu,"Movie Title: Sri Satyanarayana Swamy. Directed by: Nagesh Naradasi. Starring: Suman, Rajkumar, Karthik, Chandra Mohan. Released in: 2007."
Evadaithe Nakenti,"Samudra, Jeevitha","Rajasekhar, Samvrita",2007,Telugu,"Movie Title: Evadaithe Nakenti. Directed by: Samudra, Jeevitha. Starring: Rajasekhar, Samvrita. Released in: 2007."
Anumanaspadam,Vamsy,"Aryan Rajesh, Hamsa Nandini, Tanikella Bharani, Jaya Prakash Reddy",2007,Telugu,"Movie Title: Anumanaspadam. Directed by: Vamsy. Starring: Aryan Rajesh, Hamsa Nandini, Tanikella Bharani, Jaya Prakash Reddy. Released in: 2007."
Lakshmi Kalyanam,Teja,"Kalyan Ram, Kajal Aggarwal, Ajay, Sayaji Shinde",2007,Telugu,"Movie Title: Lakshmi Kalyanam. Directed by: Teja. Starring: Kalyan Ram, Kajal Aggarwal, Ajay, Sayaji Shinde. Released in: 2007."
Hara Hara Shambo Sankara,Gedhada Anand Babu,"Narasimha Raju, Anuradha, Rami Reddy",2007,Telugu,"Movie Title: Hara Hara Shambo Sankara. Directed by: Gedhada Anand Babu. Starring: Narasimha Raju, Anuradha, Rami Reddy. Released in: 2007."
Okkadunnadu,Chandra Sekhar Yeleti,"Gopichand, Neha Jhulka, Mahesh Manjrekar",2007,Telugu,"Movie Title: Okkadunnadu. Directed by: Chandra Sekhar Yeleti. Starring: Gopichand, Neha Jhulka, Mahesh Manjrekar. Released in: 2007."
Amma Nanna Lekunte,Yaramada Ashok Reddy,"Krishna, Seema",2007,Telugu,"Movie Title: Amma Nanna Lekunte. Directed by: Yaramada Ashok Reddy. Starring: Krishna, Seema. Released in: 2007."
Laila Majnu,Anji Seenu,"Hari Varu, Jyothi Krishna",2007,Telugu,"Movie Title: Laila Majnu. Directed by: Anji Seenu. Starring: Hari Varu, Jyothi Krishna. Released in: 2007."
Madhumasam,Chandra Siddhartha,"Sumanth, Parvati Melton, Sneha",2007,Telugu,"Movie Title: Madhumasam. Directed by: Chandra Siddhartha. Starring: Sumanth, Parvati Melton, Sneha. Released in: 2007."
Chandrahas,Siva Shakthi Datta,"Harinath Policharla, Krishna, Sarath Babu",2007,Telugu,"Movie Title: Chandrahas. Directed by: Siva Shakthi Datta. Starring: Harinath Policharla, Krishna, Sarath Babu. Released in: 2007."
Bahumathi,S. V. Krishna Reddy,"Venu, Sangeeta, Pavala Syamala",2007,Telugu,"Movie Title: Bahumathi. Directed by: S. V. Krishna Reddy. Starring: Venu, Sangeeta, Pavala Syamala. Released in: 2007."
Aa Roje,K S Kumar,"Brahmanandam, Yaswant, Soumya, M. S. Narayana",2007,Telugu,"Movie Title: Aa Roje. Directed by: K S Kumar. Starring: Brahmanandam, Yaswant, Soumya, M. S. Narayana. Released in: 2007."
Railway Coolie,Kodi Ramakrishna,"Mammootty, Meena, Harish",2001,Telugu,"Movie Title: Railway Coolie. Directed by: Kodi Ramakrishna. Starring: Mammootty, Meena, Harish. Released in: 2001."
Deevinchandi,Muthyala Subbaiah,"Srikanth, Raasi, Malavika",2001,Telugu,"Movie Title: Deevinchandi. Directed by: Muthyala Subbaiah. Starring: Srikanth, Raasi, Malavika. Released in: 2001."
Cheppukondi Chuddam,K Ranga Rao,"Suman, M. S. Narayana, Tirupathi Prakash",2001,Telugu,"Movie Title: Cheppukondi Chuddam. Directed by: K Ranga Rao. Starring: Suman, M. S. Narayana, Tirupathi Prakash. Released in: 2001."
Budget Padmanabham,S. V. Krishna Reddy,"Jagapati Babu, Ravi Teja, Ramya Krishnan",2001,Telugu,"Movie Title: Budget Padmanabham. Directed by: S. V. Krishna Reddy. Starring: Jagapati Babu, Ravi Teja, Ramya Krishnan. Released in: 2001."
Godava,A. Kodandarami Reddy,"Vaibhav Reddy, Sayaji Shinde, Shraddha Arya",2007,Telugu,"Movie Title: Godava. Directed by: A. Kodandarami Reddy. Starring: Vaibhav Reddy, Sayaji Shinde, Shraddha Arya. Released in: 2007."
Tulasi,Boyapati Srinu,"Venkatesh, Nayantara, Ramya Krishnan",2007,Telugu,"Movie Title: Tulasi. Directed by: Boyapati Srinu. Starring: Venkatesh, Nayantara, Ramya Krishnan. Released in: 2007."
Athidi,Surender Reddy,"Mahesh Babu, Amrita Rao",2007,Telugu,"Movie Title: Athidi. Directed by: Surender Reddy. Starring: Mahesh Babu, Amrita Rao. Released in: 2007."
Eduruleni Manishi,Srinivasa Rao,"Nagarjuna, Soundarya, Shenaz Treasurywala",2001,Telugu,"Movie Title: Eduruleni Manishi. Directed by: Srinivasa Rao. Starring: Nagarjuna, Soundarya, Shenaz Treasurywala. Released in: 2001."
Nee Navve Chaalu,Mallikharjuna Eluri,"Sivaji, Sindhu Tolani, Brahmanandam",2007,Telugu,"Movie Title: Nee Navve Chaalu. Directed by: Mallikharjuna Eluri. Starring: Sivaji, Sindhu Tolani, Brahmanandam. Released in: 2007."
Nava Vasantham,K Shahjahan,"Tarun Kumar, Priyamani, Sunil",2007,Telugu,"Movie Title: Nava Vasantham. Directed by: K Shahjahan. Starring: Tarun Kumar, Priyamani, Sunil. Released in: 2007."
Seema Sastri,G. Nageswara Reddy,"Allari Naresh, L. B. Sriram, Kovai Sarala, Ali, J P",2007,Telugu,"Movie Title: Seema Sastri. Directed by: G. Nageswara Reddy. Starring: Allari Naresh, L. B. Sriram, Kovai Sarala, Ali, J P. Released in: 2007."
Takkari,Amma Rajasekhar,"Nithiin, Sadha, Sayaji Shinde",2007,Telugu,"Movie Title: Takkari. Directed by: Amma Rajasekhar. Starring: Nithiin, Sadha, Sayaji Shinde. Released in: 2007."
Athadevaru,Teertha,"Keshava, Tejasri",2007,Telugu,"Movie Title: Athadevaru. Directed by: Teertha. Starring: Keshava, Tejasri. Released in: 2007."
Mantra,Osho Tulasiram,"Sivaji, Charmee Kaur, Jeeva",2007,Telugu,"Movie Title: Mantra. Directed by: Osho Tulasiram. Starring: Sivaji, Charmee Kaur, Jeeva. Released in: 2007."
Anasuya,Ravi Babu,"Bhumika Chawla, Abbas",2007,Telugu,"Movie Title: Anasuya. Directed by: Ravi Babu. Starring: Bhumika Chawla, Abbas. Released in: 2007."
Don,Lawrence,"Nagarjuna, Anushka",2007,Telugu,"Movie Title: Don. Directed by: Lawrence. Starring: Nagarjuna, Anushka. Released in: 2007."
Bhajantrilu,M. S. Narayana,"Sivaji, Savyasachi, Susmitha",2007,Telugu,"Movie Title: Bhajantrilu. Directed by: M. S. Narayana. Starring: Sivaji, Savyasachi, Susmitha. Released in: 2007."
Preminchu,Boyani Subbarao,"Sai Kiran, Laya",2001,Telugu,"Movie Title: Preminchu. Directed by: Boyani Subbarao. Starring: Sai Kiran, Laya. Released in: 2001."
Akka Bavekkada,Raja Vannem Reddy,"J. D. Chakravarthy, Raasi",2001,Telugu,"Movie Title: Akka Bavekkada. Directed by: Raja Vannem Reddy. Starring: J. D. Chakravarthy, Raasi. Released in: 2001."
Orey Thammudu,Sai Balaji,"Srihari, Sanghavi",2001,Telugu,"Movie Title: Orey Thammudu. Directed by: Sai Balaji. Starring: Srihari, Sanghavi. Released in: 2001."
Lakshyam,Sriwass,"Gopichand, Anushka, Jagapati Babu",2007,Telugu,"Movie Title: Lakshyam. Directed by: Sriwass. Starring: Gopichand, Anushka, Jagapati Babu. Released in: 2007."
Satyabhama,Srihari Nanu,"Sivaji, Bhumika Chawla, Chandramohan",2007,Telugu,"Movie Title: Satyabhama. Directed by: Srihari Nanu. Starring: Sivaji, Bhumika Chawla, Chandramohan. Released in: 2007."
Kushi,S. J. Suryah,"Pawan Kalyan, Bhoomika Chawla, Mumtaj",2001,Telugu,"Movie Title: Kushi. Directed by: S. J. Suryah. Starring: Pawan Kalyan, Bhoomika Chawla, Mumtaj. Released in: 2001."
Toss,Priyadarshini Ram,"Upendra, Priyamani",2007,Telugu,"Movie Title: Toss. Directed by: Priyadarshini Ram. Starring: Upendra, Priyamani. Released in: 2007."
Shankar Dada Zindabad,Prabhu Deva,"Chiranjeevi, Srikanth, Karishma Kotak",2007,Telugu,"Movie Title: Shankar Dada Zindabad. Directed by: Prabhu Deva. Starring: Chiranjeevi, Srikanth, Karishma Kotak. Released in: 2007."
Allare Allari,Muppalaneni Shiva,"Allari Naresh, Venu, Mallika Kapoor, Parvati Melton",2007,Telugu,"Movie Title: Allare Allari. Directed by: Muppalaneni Shiva. Starring: Allari Naresh, Venu, Mallika Kapoor, Parvati Melton. Released in: 2007."
Yamadonga,S. S. Rajamouli,"Jr. NTR, Mohan Babu, Priyamani, Mamta Mohandas",2007,Telugu,"Movie Title: Yamadonga. Directed by: S. S. Rajamouli. Starring: Jr. NTR, Mohan Babu, Priyamani, Mamta Mohandas. Released in: 2007."
Yamagola,Srinivas Reddy,"Srikanth, Venu, Reemma Sen",2007,Telugu,"Movie Title: Yamagola. Directed by: Srinivas Reddy. Starring: Srikanth, Venu, Reemma Sen. Released in: 2007."
Kalyanam,Murali Krishna,"Chandu, Samyogitha",2007,Telugu,"Movie Title: Kalyanam. Directed by: Murali Krishna. Starring: Chandu, Samyogitha. Released in: 2007."
Hello Premistara,Raj Kumar,"Sairam Shankar, Sheela, Chandra Mohan",2007,Telugu,"Movie Title: Hello Premistara. Directed by: Raj Kumar. Starring: Sairam Shankar, Sheela, Chandra Mohan. Released in: 2007."
Chandamama,Krishna Vamsi,"Navdeep, Kajal Aggarwal, Sindhu Menon, Siva Balaji",2007,Telugu,"Movie Title: Chandamama. Directed by: Krishna Vamsi. Starring: Navdeep, Kajal Aggarwal, Sindhu Menon, Siva Balaji. Released in: 2007."
Vijayadasami,V. Samudra,"Kalyan Ram, Vedhika, Saikumar",2007,Telugu,"Movie Title: Vijayadasami. Directed by: V. Samudra. Starring: Kalyan Ram, Vedhika, Saikumar. Released in: 2007."
Maisamma IPS,Bharath Parepalli,"Mumaith Khan, Sayaji Shinde",2007,Telugu,"Movie Title: Maisamma IPS. Directed by: Bharath Parepalli. Starring: Mumaith Khan, Sayaji Shinde. Released in: 2007."
Chirutha,Puri Jagannadh,"Ram Charan Teja, Neha Sharma",2007,Telugu,"Movie Title: Chirutha. Directed by: Puri Jagannadh. Starring: Ram Charan Teja, Neha Sharma. Released in: 2007."
Happy Days,Sekhar Kammula,"Varun Sandesh, Tamannaah Bhatia, Nikhil, Gayatri Rao",2007,Telugu,"Movie Title: Happy Days. Directed by: Sekhar Kammula. Starring: Varun Sandesh, Tamannaah Bhatia, Nikhil, Gayatri Rao. Released in: 2007."
Poga,Shankar Marthand,"Navdeep, Madhu Shalini",2014,Telugu,"Movie Title: Poga. Directed by: Shankar Marthand. Starring: Navdeep, Madhu Shalini. Released in: 2014."
Raave Naa Cheliya,P Kishore Kumar,"Sai Kiran, AVS, Prudhviraj",2001,Telugu,"Movie Title: Raave Naa Cheliya. Directed by: P Kishore Kumar. Starring: Sai Kiran, AVS, Prudhviraj. Released in: 2001."
Brahma – The Creator,Cherukuri Srinivasa Rao,"Kiran Tej, Madhu Sharma",2007,Telugu,"Movie Title: Brahma – The Creator. Directed by: Cherukuri Srinivasa Rao. Starring: Kiran Tej, Madhu Sharma. Released in: 2007."
Bunny,V. V. Vinayak,"Allu Arjun, Gowri Munjal, Prakash Raj",2005,Telugu,"Movie Title: Bunny. Directed by: V. V. Vinayak. Starring: Allu Arjun, Gowri Munjal, Prakash Raj. Released in: 2005."
Soggadu,Ravi Babu,"Tarun, Aarti Agarwal",2005,Telugu,"Movie Title: Soggadu. Directed by: Ravi Babu. Starring: Tarun, Aarti Agarwal. Released in: 2005."
Chakram,Krishna Vamsi,"Prabhas, Asin Thottumkal, Charmme",2005,Telugu,"Movie Title: Chakram. Directed by: Krishna Vamsi. Starring: Prabhas, Asin Thottumkal, Charmme. Released in: 2005."
Okkadu,Gunasekhar,"Mahesh Babu, Bhoomika Chawla, Prakash Raj",2003,Telugu,"Movie Title: Okkadu. Directed by: Gunasekhar. Starring: Mahesh Babu, Bhoomika Chawla, Prakash Raj. Released in: 2003."
Pellam Oorelithe,S. V. Krishna Reddy,"Srikanth, Venu, Rakshita, Sangeetha, Brahmanandam, Sunil",2003,Telugu,"Movie Title: Pellam Oorelithe. Directed by: S. V. Krishna Reddy. Starring: Srikanth, Venu, Rakshita, Sangeetha, Brahmanandam, Sunil. Released in: 2003."
Juniors,J. Pulla Rao,"Allari Naresh, Sherin, Pawan, Prakash Raj",2003,Telugu,"Movie Title: Juniors. Directed by: J. Pulla Rao. Starring: Allari Naresh, Sherin, Pawan, Prakash Raj. Released in: 2003."
Ammayilu Abbayilu,Ravi Babu,"Vijay, Mohit, Vidya, Sonu Sood, Devina, Swapna Madhuri",2003,Telugu,"Movie Title: Ammayilu Abbayilu. Directed by: Ravi Babu. Starring: Vijay, Mohit, Vidya, Sonu Sood, Devina, Swapna Madhuri. Released in: 2003."
Idi Maa Ashokgadi Love Story,Suresh Krissna,"Siva Balaji, Shweta Agarwal, Kanchi Kaul",2003,Telugu,"Movie Title: Idi Maa Ashokgadi Love Story. Directed by: Suresh Krissna. Starring: Siva Balaji, Shweta Agarwal, Kanchi Kaul. Released in: 2003."
Veedekkadi Mogudandi?,E. V. V. Satyanarayana,"Venu, Shruthi Raj, Geethu Mohandas",2001,Telugu,"Movie Title: Veedekkadi Mogudandi?. Directed by: E. V. V. Satyanarayana. Starring: Venu, Shruthi Raj, Geethu Mohandas. Released in: 2001."
Fools,Dasari Narayana Rao,"Dasari Narayana Rao, Srinath, Gajala, Kovai Sarala",2003,Telugu,"Movie Title: Fools. Directed by: Dasari Narayana Rao. Starring: Dasari Narayana Rao, Srinath, Gajala, Kovai Sarala. Released in: 2003."
Ee Abbai Chala Manchodu,Agathiyan,"Ravi Teja, Sangeetha, Vani",2003,Telugu,"Movie Title: Ee Abbai Chala Manchodu. Directed by: Agathiyan. Starring: Ravi Teja, Sangeetha, Vani. Released in: 2003."
Utsaham,Allani Sridhar,"Sai Kiran, Sunitha Varma, Amar",2003,Telugu,"Movie Title: Utsaham. Directed by: Allani Sridhar. Starring: Sai Kiran, Sunitha Varma, Amar. Released in: 2003."
Golmaal,P. N. Ramachandra Rao,"J. D. Chakravarthy, Ramesh Arvind, Meera Vasudevan, Neha Pendse, Giri Babu, Jayaprakash Reddy, Brahmanandam",2003,Telugu,"Movie Title: Golmaal. Directed by: P. N. Ramachandra Rao. Starring: J. D. Chakravarthy, Ramesh Arvind, Meera Vasudevan, Neha Pendse, Giri Babu, Jayaprakash Reddy, Brahmanandam. Released in: 2003."
Indiramma,Ammineni Madhava Sai,"Vijayashanti, Achyuth, Vijayakumar",2003,Telugu,"Movie Title: Indiramma. Directed by: Ammineni Madhava Sai. Starring: Vijayashanti, Achyuth, Vijayakumar. Released in: 2003."
Vijayam,Singeetham Srinivasa Rao,"Raja, Gajala, Sunil, Murali Mohan",2003,Telugu,"Movie Title: Vijayam. Directed by: Singeetham Srinivasa Rao. Starring: Raja, Gajala, Sunil, Murali Mohan. Released in: 2003."
Raghavendra,Suresh Krissna,"Prabhas, Shweta Agarwal, Anshu, Brahmanandam, Murali Mohan",2003,Telugu,"Movie Title: Raghavendra. Directed by: Suresh Krissna. Starring: Prabhas, Shweta Agarwal, Anshu, Brahmanandam, Murali Mohan. Released in: 2003."
Gangotri,K. Raghavendra Rao,"Allu Arjun, Aditi Agarwal, Suman, Prakash Raj",2003,Telugu,"Movie Title: Gangotri. Directed by: K. Raghavendra Rao. Starring: Allu Arjun, Aditi Agarwal, Suman, Prakash Raj. Released in: 2003."
Hari Villu,B. Narsing Rao,"Bhanuchander, Haritha, Master Sai Subhakar, Baby Nitya",2003,Telugu,"Movie Title: Hari Villu. Directed by: B. Narsing Rao. Starring: Bhanuchander, Haritha, Master Sai Subhakar, Baby Nitya. Released in: 2003."
Taarak,Balasekaran,"N. T. Rathnaa, Sharmili, Krishna",2003,Telugu,"Movie Title: Taarak. Directed by: Balasekaran. Starring: N. T. Rathnaa, Sharmili, Krishna. Released in: 2003."
Kabaddi Kabaddi,Venki,"Jagapati Babu, Kalyani, Surya, Jeeva",2003,Telugu,"Movie Title: Kabaddi Kabaddi. Directed by: Venki. Starring: Jagapati Babu, Kalyani, Surya, Jeeva. Released in: 2003."
Karthik,Murali Raju,"Mukesh, Kanishka",2003,Telugu,"Movie Title: Karthik. Directed by: Murali Raju. Starring: Mukesh, Kanishka. Released in: 2003."
Evare Athagadu,Bhanu Shankar,"Vallabha, Priyamani, Jaya Seal, Brahmanandam",2003,Telugu,"Movie Title: Evare Athagadu. Directed by: Bhanu Shankar. Starring: Vallabha, Priyamani, Jaya Seal, Brahmanandam. Released in: 2003."
Jabili,S. V. Krishna Reddy,"Dileep, Rekha Vedavyas",2001,Telugu,"Movie Title: Jabili. Directed by: S. V. Krishna Reddy. Starring: Dileep, Rekha Vedavyas. Released in: 2001."
Nee Sneham,Parichuri Murali,"Uday Kiran, Aarti Agarwal, Jatin Grewal",2002,Telugu,"Movie Title: Nee Sneham. Directed by: Parichuri Murali. Starring: Uday Kiran, Aarti Agarwal, Jatin Grewal. Released in: 2002."
Siva Rama Raju,V. Samudra,"Jagapathi Babu, Mounika, Venkat, Nandamuri Harikrishna",2002,Telugu,"Movie Title: Siva Rama Raju. Directed by: V. Samudra. Starring: Jagapathi Babu, Mounika, Venkat, Nandamuri Harikrishna. Released in: 2002."
Eeswar,Jayanth C. Paranjee,"Prabhas, Sridevi Vijayakumar, Revathi",2002,Telugu,"Movie Title: Eeswar. Directed by: Jayanth C. Paranjee. Starring: Prabhas, Sridevi Vijayakumar, Revathi. Released in: 2002."
2 Much,K. Veeru,"Balakumar, Ruthika, Ali",2002,Telugu,"Movie Title: 2 Much. Directed by: K. Veeru. Starring: Balakumar, Ruthika, Ali. Released in: 2002."
Khadgam,Krishna Vamshi,"Ravi Teja, Srikanth, Sonali Bendre, Prakash Raj, Kim Sharma, Sangeetha",2002,Telugu,"Movie Title: Khadgam. Directed by: Krishna Vamshi. Starring: Ravi Teja, Srikanth, Sonali Bendre, Prakash Raj, Kim Sharma, Sangeetha. Released in: 2002."
Yuva Rathna,U. Narayana Rao,"Nandamuri Taraka Ram, Jeevitha",2002,Telugu,"Movie Title: Yuva Rathna. Directed by: U. Narayana Rao. Starring: Nandamuri Taraka Ram, Jeevitha. Released in: 2002."
Thotti Gang,E. V. V. Satyanarayana,"Allari Naresh, Prabhu Deva, Sunil, Anitha, Gajala",2002,Telugu,"Movie Title: Thotti Gang. Directed by: E. V. V. Satyanarayana. Starring: Allari Naresh, Prabhu Deva, Sunil, Anitha, Gajala. Released in: 2002."
Naaga,D. K. Suresh,"Jr. NTR, Sadha, Jennifer, Raghuvaran, Nassar",2003,Telugu,"Movie Title: Naaga. Directed by: D. K. Suresh. Starring: Jr. NTR, Sadha, Jennifer, Raghuvaran, Nassar. Released in: 2003."
Trinetram,Kodi Ramakrishna,"Sijju, Raasi",2002,Telugu,"Movie Title: Trinetram. Directed by: Kodi Ramakrishna. Starring: Sijju, Raasi. Released in: 2002."
Premalo Pavani Kalyan,Polur Ghatikachalam,"Deepak, Ankitha",2002,Telugu,"Movie Title: Premalo Pavani Kalyan. Directed by: Polur Ghatikachalam. Starring: Deepak, Ankitha. Released in: 2002."
Manmadhudu,K. Vijaya Bhaskar,"Nagarjuna, Sonali Bendre, Anshu",2002,Telugu,"Movie Title: Manmadhudu. Directed by: K. Vijaya Bhaskar. Starring: Nagarjuna, Sonali Bendre, Anshu. Released in: 2002."
Ninu Choodaka Nenundalenu,R. Srinivas,"Sachin, Bhavana Pani",2002,Telugu,"Movie Title: Ninu Choodaka Nenundalenu. Directed by: R. Srinivas. Starring: Sachin, Bhavana Pani. Released in: 2002."
Anveshana,Sagar,"Ravi Teja, Radhika Varma, Bose",2002,Telugu,"Movie Title: Anveshana. Directed by: Sagar. Starring: Ravi Teja, Radhika Varma, Bose. Released in: 2002."
Rifles,Dasari Narayana Rao,"Vijaya Shanthi, Dasari Arun Kumar",2002,Telugu,"Movie Title: Rifles. Directed by: Dasari Narayana Rao. Starring: Vijaya Shanthi, Dasari Arun Kumar. Released in: 2002."
Athanu,Satyam Babu,"Sai Kumar, Rachana, Ravi Varma",2001,Telugu,"Movie Title: Athanu. Directed by: Satyam Babu. Starring: Sai Kumar, Rachana, Ravi Varma. Released in: 2001."
Paravasam,K.Balachander,"R. Madhavan, Simran Bagga, Sneha, Lawrence Raghavendra",2001,Telugu,"Movie Title: Paravasam. Directed by: K.Balachander. Starring: R. Madhavan, Simran Bagga, Sneha, Lawrence Raghavendra. Released in: 2001."
Sandade Sandadi,Muppalaneni Siva,"Rajendra Prasad, Jagapathi Babu, Raasi",2002,Telugu,"Movie Title: Sandade Sandadi. Directed by: Muppalaneni Siva. Starring: Rajendra Prasad, Jagapathi Babu, Raasi. Released in: 2002."
Bobby,Sobhan,"Mahesh Babu, Aarti Agarwal",2002,Telugu,"Movie Title: Bobby. Directed by: Sobhan. Starring: Mahesh Babu, Aarti Agarwal. Released in: 2002."
Dil,V. V. Vinayak,"Nitin, Neha, Prakash Raj",2003,Telugu,"Movie Title: Dil. Directed by: V. V. Vinayak. Starring: Nitin, Neha, Prakash Raj. Released in: 2003."
Ammaye Navvithe,Jyothi Kumar,"Rajendra Prasad, Bhavana, Brahmanandam",2001,Telugu,"Movie Title: Ammaye Navvithe. Directed by: Jyothi Kumar. Starring: Rajendra Prasad, Bhavana, Brahmanandam. Released in: 2001."
Dongodu,Bheemineni Srinivas,"Ravi Teja, Kalyani, Rekha Vedavyas, Tanikella Bharani",2003,Telugu,"Movie Title: Dongodu. Directed by: Bheemineni Srinivas. Starring: Ravi Teja, Kalyani, Rekha Vedavyas, Tanikella Bharani. Released in: 2003."
Simhachalam,Indra Kumar,"Srihari, Meena, Prakash Raj, Suresh, Sunil",2003,Telugu,"Movie Title: Simhachalam. Directed by: Indra Kumar. Starring: Srihari, Meena, Prakash Raj, Suresh, Sunil. Released in: 2003."
Neeku Nenu Naaku Nuvvu,Raja Shekar,"Uday Kiran, Shriya Saran, Krishnam Raju, Suman",2003,Telugu,"Movie Title: Neeku Nenu Naaku Nuvvu. Directed by: Raja Shekar. Starring: Uday Kiran, Shriya Saran, Krishnam Raju, Suman. Released in: 2003."
Anaganaga O Kurraadu,L P Ramarao,"Rohit, Rekha Vedavyas, Rajeev Kanakala",2003,Telugu,"Movie Title: Anaganaga O Kurraadu. Directed by: L P Ramarao. Starring: Rohit, Rekha Vedavyas, Rajeev Kanakala. Released in: 2003."
Charminar,Sagar,"Venkat, Abhirami, Prakash Raj",2003,Telugu,"Movie Title: Charminar. Directed by: Sagar. Starring: Venkat, Abhirami, Prakash Raj. Released in: 2003."
Seetayya,YVS Chowdhary,"Nandamuri Harikrishna, Simran, Soundarya, Mukesh Rishi",2003,Telugu,"Movie Title: Seetayya. Directed by: YVS Chowdhary. Starring: Nandamuri Harikrishna, Simran, Soundarya, Mukesh Rishi. Released in: 2003."
Aadanthe Ado Type,E. V. V. Satyanarayana,"Sivaji, Aryan Rajesh, Bhoomika Chawla, Anitha Hassandhani",2003,Telugu,"Movie Title: Aadanthe Ado Type. Directed by: E. V. V. Satyanarayana. Starring: Sivaji, Aryan Rajesh, Bhoomika Chawla, Anitha Hassandhani. Released in: 2003."
Sambaram,K. Dasaradh,"Nitin, Nikita Thukral, Giri Babu, Seetha",2003,Telugu,"Movie Title: Sambaram. Directed by: K. Dasaradh. Starring: Nitin, Nikita Thukral, Giri Babu, Seetha. Released in: 2003."
Oka Radha Iddaru Krishnula Pelli,G. Nageswara Reddy,"Srikanth, Prabhu Deva, Namitha, Tanikella Bharani, Chandra Mohan",2003,Telugu,"Movie Title: Oka Radha Iddaru Krishnula Pelli. Directed by: G. Nageswara Reddy. Starring: Srikanth, Prabhu Deva, Namitha, Tanikella Bharani, Chandra Mohan. Released in: 2003."
Pellamtho Panenti,S. V. Krishna Reddy,"Venu Thottempudi, Laya, Kalyani",2003,Telugu,"Movie Title: Pellamtho Panenti. Directed by: S. V. Krishna Reddy. Starring: Venu Thottempudi, Laya, Kalyani. Released in: 2003."
Okato Number Kurraadu,A. Kodandarami Reddy,"Taraka Ratna, Rekha Vedavyas, Brahmanandam",2003,Telugu,"Movie Title: Okato Number Kurraadu. Directed by: A. Kodandarami Reddy. Starring: Taraka Ratna, Rekha Vedavyas, Brahmanandam. Released in: 2003."
Tagore,V. V. Vinayak,"Chiranjeevi, Jyothika, Shriya Saran",2003,Telugu,"Movie Title: Tagore. Directed by: V. V. Vinayak. Starring: Chiranjeevi, Jyothika, Shriya Saran. Released in: 2003."
Vishnu,Shaji Kailas,"Vishnu Manchu, Vedhika, Neetu Chandra",2003,Telugu,"Movie Title: Vishnu. Directed by: Shaji Kailas. Starring: Vishnu Manchu, Vedhika, Neetu Chandra. Released in: 2003."
Ela Cheppanu,Ramana,"Tarun, Shriya Saran, Sunil",2003,Telugu,"Movie Title: Ela Cheppanu. Directed by: Ramana. Starring: Tarun, Shriya Saran, Sunil. Released in: 2003."
Toli Choopulone,Kasi Viswanath,"Kalyan Ram, Akanksha, Charanraj, Sudeepa",2003,Telugu,"Movie Title: Toli Choopulone. Directed by: Kasi Viswanath. Starring: Kalyan Ram, Akanksha, Charanraj, Sudeepa. Released in: 2003."
Okariki Okaru,Rasool,"Srikanth, Aarti Chabria, Balayya, Tanikella Bharani",2003,Telugu,"Movie Title: Okariki Okaru. Directed by: Rasool. Starring: Srikanth, Aarti Chabria, Balayya, Tanikella Bharani. Released in: 2003."
Janaki Weds Sriram,Anji,"Rohit, Gajala, Rekha Vedavyas",2003,Telugu,"Movie Title: Janaki Weds Sriram. Directed by: Anji. Starring: Rohit, Gajala, Rekha Vedavyas. Released in: 2003."
Aithe,Chandra Sekhar Yeleti,"Shashank, Sindhu Tolani, Abhishek, Mohit",2003,Telugu,"Movie Title: Aithe. Directed by: Chandra Sekhar Yeleti. Starring: Shashank, Sindhu Tolani, Abhishek, Mohit. Released in: 2003."
City,Ambati Subhash,"Mukesh Udeshi, Swapna Reddy, Vaibhavi",2003,Telugu,"Movie Title: City. Directed by: Ambati Subhash. Starring: Mukesh Udeshi, Swapna Reddy, Vaibhavi. Released in: 2003."
Shambhu,R. Suresh Verma,"Aryan Rajesh, Sarika, Chandra Mohan, Venu Madhav, Prakash Raj, Sanghavi",2003,Telugu,"Movie Title: Shambhu. Directed by: R. Suresh Verma. Starring: Aryan Rajesh, Sarika, Chandra Mohan, Venu Madhav, Prakash Raj, Sanghavi. Released in: 2003."
Dhanush,Nallamothu Sreenivasa Rao,"Vadde Naveen, Kiran Gill, Sivaji Raja, Brahmanandam",2003,Telugu,"Movie Title: Dhanush. Directed by: Nallamothu Sreenivasa Rao. Starring: Vadde Naveen, Kiran Gill, Sivaji Raja, Brahmanandam. Released in: 2003."
Amma Nanna O Tamila Ammayi,Puri Jagannadh,"Ravi Teja, Asin, Jayasudha, Prakash Raj, Ali",2003,Telugu,"Movie Title: Amma Nanna O Tamila Ammayi. Directed by: Puri Jagannadh. Starring: Ravi Teja, Asin, Jayasudha, Prakash Raj, Ali. Released in: 2003."
Johnny,Pawan Kalyan,"Pawan Kalyan, Renu Desai, Raghuvaran, M. S. Narayana",2003,Telugu,"Movie Title: Johnny. Directed by: Pawan Kalyan. Starring: Pawan Kalyan, Renu Desai, Raghuvaran, M. S. Narayana. Released in: 2003."
Ottesi Cheputunna,E. Sathi Babu,"Srikanth, Sivaji, Sravanthi, Anitha Patel, Sunil",2003,Telugu,"Movie Title: Ottesi Cheputunna. Directed by: E. Sathi Babu. Starring: Srikanth, Sivaji, Sravanthi, Anitha Patel, Sunil. Released in: 2003."
Appudappudu,Chandra Siddhartha,"Raja, Sriya Reddy, Jayasudha, Kaikala Satyanarayana",2003,Telugu,"Movie Title: Appudappudu. Directed by: Chandra Siddhartha. Starring: Raja, Sriya Reddy, Jayasudha, Kaikala Satyanarayana. Released in: 2003."
Maa Bapu Bommaku Pellanta,Ravi Raja Pinisetty,"Ajay Raghavendra, Gayathri Raguram, Aravind Akash",2003,Telugu,"Movie Title: Maa Bapu Bommaku Pellanta. Directed by: Ravi Raja Pinisetty. Starring: Ajay Raghavendra, Gayathri Raguram, Aravind Akash. Released in: 2003."
Aayudham,N. Shankar,"Rajasekhar, Sangita, Gurleen Chopra",2003,Telugu,"Movie Title: Aayudham. Directed by: N. Shankar. Starring: Rajasekhar, Sangita, Gurleen Chopra. Released in: 2003."
Dhum,Raju Voopati,"Jagapati Babu, Chaitanya Krishna, Neha Mehta, Sonia Agarwal",2003,Telugu,"Movie Title: Dhum. Directed by: Raju Voopati. Starring: Jagapati Babu, Chaitanya Krishna, Neha Mehta, Sonia Agarwal. Released in: 2003."
Nijam,Teja,"Mahesh Babu, Gopichand, Rakshita, Raasi",2003,Telugu,"Movie Title: Nijam. Directed by: Teja. Starring: Mahesh Babu, Gopichand, Rakshita, Raasi. Released in: 2003."
Ninne Ishtapaddanu,Konda,"Tarun, Sridevi Vijayakumar, Anitha, Giri Babu",2003,Telugu,"Movie Title: Ninne Ishtapaddanu. Directed by: Konda. Starring: Tarun, Sridevi Vijayakumar, Anitha, Giri Babu. Released in: 2003."
Oka Raju Oka Rani,Yogi M,"Ravi Teja, Namitha, Brahmanandam, Tanikella Bharani, M. S. Narayana",2003,Telugu,"Movie Title: Oka Raju Oka Rani. Directed by: Yogi M. Starring: Ravi Teja, Namitha, Brahmanandam, Tanikella Bharani, M. S. Narayana. Released in: 2003."
Donga Ramudu & Party,Vamsi,"Srikanth, Laya, Chandra Mohan, Kaikala Satyanarayana",2003,Telugu,"Movie Title: Donga Ramudu & Party. Directed by: Vamsi. Starring: Srikanth, Laya, Chandra Mohan, Kaikala Satyanarayana. Released in: 2003."
Simhadri,S. S. Rajamouli,"Jr. NTR, Bhoomika Chawla, Ankitha, Nassar",2003,Telugu,"Movie Title: Simhadri. Directed by: S. S. Rajamouli. Starring: Jr. NTR, Bhoomika Chawla, Ankitha, Nassar. Released in: 2003."
Vasantam,Vikraman,"Daggubati Venkatesh, Aarti Agarwal, Kalyani, Tanikella Bharani, Sunil",2003,Telugu,"Movie Title: Vasantam. Directed by: Vikraman. Starring: Daggubati Venkatesh, Aarti Agarwal, Kalyani, Tanikella Bharani, Sunil. Released in: 2003."
Kalyana Ramudu,G. Ramprasad,"Venu Thottempudi, Prabhu Deva, Nikita Thukral, Suman, Sunil",2003,Telugu,"Movie Title: Kalyana Ramudu. Directed by: G. Ramprasad. Starring: Venu Thottempudi, Prabhu Deva, Nikita Thukral, Suman, Sunil. Released in: 2003."
Praanam,Malli,"Allari Naresh, Sadha, Seetha, M. S. Narayana, Kovai Sarala",2003,Telugu,"Movie Title: Praanam. Directed by: Malli. Starring: Allari Naresh, Sadha, Seetha, M. S. Narayana, Kovai Sarala. Released in: 2003."
Palnati Brahmanayudu,B. Gopal,"Nandamuri Balakrishna, Sonali Bendre, Aarti Agarwal, Mukesh Rishi",2003,Telugu,"Movie Title: Palnati Brahmanayudu. Directed by: B. Gopal. Starring: Nandamuri Balakrishna, Sonali Bendre, Aarti Agarwal, Mukesh Rishi. Released in: 2003."
Police Sisters,Vikki,"Roja, Raasi, Sridhar, Brahmanandam",2002,Telugu,"Movie Title: Police Sisters. Directed by: Vikki. Starring: Roja, Raasi, Sridhar, Brahmanandam. Released in: 2002."
Pilisthe Palukutha,Kodi Ramakrishna,"Jai Akash, Shamita Shetty",2002,Telugu,"Movie Title: Pilisthe Palukutha. Directed by: Kodi Ramakrishna. Starring: Jai Akash, Shamita Shetty. Released in: 2002."
"Dhanalakshmi, I Love You",Siva Nageswara Rao,"Allari Naresh, Aditya Om, NAresh, Ankitha",2002,Telugu,"Movie Title: Dhanalakshmi, I Love You. Directed by: Siva Nageswara Rao. Starring: Allari Naresh, Aditya Om, NAresh, Ankitha. Released in: 2002."
Aaduthu Paaduthu,Devi Prasad,"Srikanth, Sunil, Gayatri Jayaraman",2002,Telugu,"Movie Title: Aaduthu Paaduthu. Directed by: Devi Prasad. Starring: Srikanth, Sunil, Gayatri Jayaraman. Released in: 2002."
Vasu,A. Karunakaran,"Venkatesh, Bhoomika Chawla",2002,Telugu,"Movie Title: Vasu. Directed by: A. Karunakaran. Starring: Venkatesh, Bhoomika Chawla. Released in: 2002."
Priyadarshini,Dhavala Mallik,"Surya Vamsi, Sunitha Varma, Brahmanandam",2002,Telugu,"Movie Title: Priyadarshini. Directed by: Dhavala Mallik. Starring: Surya Vamsi, Sunitha Varma, Brahmanandam. Released in: 2002."
Bejawada Police Station,Chimakurthi Hari Babu,"Keshav, Shilpa Shivanand, Brahmaji, Ali, Chinna",2002,Telugu,"Movie Title: Bejawada Police Station. Directed by: Chimakurthi Hari Babu. Starring: Keshav, Shilpa Shivanand, Brahmaji, Ali, Chinna. Released in: 2002."
Friends,Bandi Ramesh,"Sivaji, Ali",2002,Telugu,"Movie Title: Friends. Directed by: Bandi Ramesh. Starring: Sivaji, Ali. Released in: 2002."
Narahari,Thriller Manju,"Sai Kumar, Thriller Manju, Sreedevi",2002,Telugu,"Movie Title: Narahari. Directed by: Thriller Manju. Starring: Sai Kumar, Thriller Manju, Sreedevi. Released in: 2002."
Manasunte Chaalu,Jonnalagadda Srinivasa Rao,"Sai Kiran, Sivaji, Jennifer Kotwal",2002,Telugu,"Movie Title: Manasunte Chaalu. Directed by: Jonnalagadda Srinivasa Rao. Starring: Sai Kiran, Sivaji, Jennifer Kotwal. Released in: 2002."
Nee Thodu Kavali,Bheemaneni Srinivas Rao,"Deepak, Charmy Kaur, Rimi Sen",2002,Telugu,"Movie Title: Nee Thodu Kavali. Directed by: Bheemaneni Srinivas Rao. Starring: Deepak, Charmy Kaur, Rimi Sen. Released in: 2002."
Mounamelanoyi,Shyam Prasad,"Sachin, Sampadha, Chalapathi Rao",2002,Telugu,"Movie Title: Mounamelanoyi. Directed by: Shyam Prasad. Starring: Sachin, Sampadha, Chalapathi Rao. Released in: 2002."
Vendi Mabbulu,Raviraja Pinisetty,"Balayya, Pulakit, Anil, Mona Chopra, Meghana Naidu, Mitika",2002,Telugu,"Movie Title: Vendi Mabbulu. Directed by: Raviraja Pinisetty. Starring: Balayya, Pulakit, Anil, Mona Chopra, Meghana Naidu, Mitika. Released in: 2002."
Santosham,Dasaradh,"Nagarjuna, Gracy Singh, Prabhu Deva, Shriya Saran",2002,Telugu,"Movie Title: Santosham. Directed by: Dasaradh. Starring: Nagarjuna, Gracy Singh, Prabhu Deva, Shriya Saran. Released in: 2002."
Allari,Ravi Babu,"Naresh, Anuradha Mehta",2002,Telugu,"Movie Title: Allari. Directed by: Ravi Babu. Starring: Naresh, Anuradha Mehta. Released in: 2002."
Manasutho,Ravi Kumar Chowdary,"Jai Akash, Arzoo Govitrikar, Khayyam",2002,Telugu,"Movie Title: Manasutho. Directed by: Ravi Kumar Chowdary. Starring: Jai Akash, Arzoo Govitrikar, Khayyam. Released in: 2002."
Sahasa Baludu Vichitra Kothi,Dasharatha Raju,"Vijayashanti, Brahmanandam, Sarath Babu, Sudha",2002,Telugu,"Movie Title: Sahasa Baludu Vichitra Kothi. Directed by: Dasharatha Raju. Starring: Vijayashanti, Brahmanandam, Sarath Babu, Sudha. Released in: 2002."
Tappu Chesi Pappu Koodu,A. Kodandarami Reddy,"Mohan Babu, Srikanth, Gracy Singh",2002,Telugu,"Movie Title: Tappu Chesi Pappu Koodu. Directed by: A. Kodandarami Reddy. Starring: Mohan Babu, Srikanth, Gracy Singh. Released in: 2002."
Hai,E. V. V. Satyanarayana,"Aryan Rajesh, Nikita Thukral",2002,Telugu,"Movie Title: Hai. Directed by: E. V. V. Satyanarayana. Starring: Aryan Rajesh, Nikita Thukral. Released in: 2002."
Lahiri Lahiri Lahirilo,Y. V. S. Chowdary,"Nandamuri Harikrishna, Bhanupriya, Rachana Banerjee, Ankitha",2002,Telugu,"Movie Title: Lahiri Lahiri Lahirilo. Directed by: Y. V. S. Chowdary. Starring: Nandamuri Harikrishna, Bhanupriya, Rachana Banerjee, Ankitha. Released in: 2002."
Vooru Manadiraa,R. Narayana Murthy,"R. Narayana Murthy, Siddappa Naidu",2002,Telugu,"Movie Title: Vooru Manadiraa. Directed by: R. Narayana Murthy. Starring: R. Narayana Murthy, Siddappa Naidu. Released in: 2002."
Aadi,V. V. Vinayak,"Jr. NTR, Keerthi Chawla",2002,Telugu,"Movie Title: Aadi. Directed by: V. V. Vinayak. Starring: Jr. NTR, Keerthi Chawla. Released in: 2002."
Entha Bagundo,Bharadwaja Thammareddy,"Sai Kiran, Laya",2002,Telugu,"Movie Title: Entha Bagundo. Directed by: Bharadwaja Thammareddy. Starring: Sai Kiran, Laya. Released in: 2002."
O Chinnadana,E. Sathibabu,"Srikanth, Raja, Gajala, Asha Saini, Shruthi Raj",2002,Telugu,"Movie Title: O Chinnadana. Directed by: E. Sathibabu. Starring: Srikanth, Raja, Gajala, Asha Saini, Shruthi Raj. Released in: 2002."
Neethone Vuntanu,T. Prabhakar,"Upendra, Sanghavi, Rachana Banerjee",2002,Telugu,"Movie Title: Neethone Vuntanu. Directed by: T. Prabhakar. Starring: Upendra, Sanghavi, Rachana Banerjee. Released in: 2002."
Raghava,Y. Nageswara Rao,"Suresh, Rajasri, Kota Srinivasa Rao, Brahmanandam",2002,Telugu,"Movie Title: Raghava. Directed by: Y. Nageswara Rao. Starring: Suresh, Rajasri, Kota Srinivasa Rao, Brahmanandam. Released in: 2002."
Kalusukovalani,Raghu Raj,"Uday Kiran, Gajala, Pratyusha",2002,Telugu,"Movie Title: Kalusukovalani. Directed by: Raghu Raj. Starring: Uday Kiran, Gajala, Pratyusha. Released in: 2002."
Kondaveeti Simhasanam,Dasari Narayana Rao,"Mohan Babu, Soundarya, Udaya Bhanu",2002,Telugu,"Movie Title: Kondaveeti Simhasanam. Directed by: Dasari Narayana Rao. Starring: Mohan Babu, Soundarya, Udaya Bhanu. Released in: 2002."
Nenu Ninnu Premistunnanu,G. Haribabu,"Prasanna, Keerthi Shaheen, Amrutha, Ahuti Prasad",2002,Telugu,"Movie Title: Nenu Ninnu Premistunnanu. Directed by: G. Haribabu. Starring: Prasanna, Keerthi Shaheen, Amrutha, Ahuti Prasad. Released in: 2002."
Chandravamsam,J. K. Bharavi,"Krishna Ghattamaneni, Jaya Pradha, Sivaji, Rohit",2002,Telugu,"Movie Title: Chandravamsam. Directed by: J. K. Bharavi. Starring: Krishna Ghattamaneni, Jaya Pradha, Sivaji, Rohit. Released in: 2002."
Chelia Chelia Chiru Kopama,Sai Shyam,"Nivas, Shikha Sinha",2002,Telugu,"Movie Title: Chelia Chelia Chiru Kopama. Directed by: Sai Shyam. Starring: Nivas, Shikha Sinha. Released in: 2002."
Action No. 1,Sagar,"Ram, Lakshman, Thriller Manju, Vani Viswanath",2002,Telugu,"Movie Title: Action No. 1. Directed by: Sagar. Starring: Ram, Lakshman, Thriller Manju, Vani Viswanath. Released in: 2002."
Lagna Patrika,Subburaju,"Babloo Prithviraj, Sanghavi, Brahmanandam, Phaniraj Kumar",2002,Telugu,"Movie Title: Lagna Patrika. Directed by: Subburaju. Starring: Babloo Prithviraj, Sanghavi, Brahmanandam, Phaniraj Kumar. Released in: 2002."
Seshu,Jeevitha Rajashekar,"Rajasekhar, Kalyani, Nassar",2002,Telugu,"Movie Title: Seshu. Directed by: Jeevitha Rajashekar. Starring: Rajasekhar, Kalyani, Nassar. Released in: 2002."
Nee Premakai,Muppulaneni Siva,"Vineeth, Abbas, Laya, Sonia Agarwal",2002,Telugu,"Movie Title: Nee Premakai. Directed by: Muppulaneni Siva. Starring: Vineeth, Abbas, Laya, Sonia Agarwal. Released in: 2002."
Parasuram,Mohan Gandhi,"Srihari, Sanghavi",2002,Telugu,"Movie Title: Parasuram. Directed by: Mohan Gandhi. Starring: Srihari, Sanghavi. Released in: 2002."
Neetho Cheppalani,B. Satya Naidu,"Akash, Anupriya, Ashita",2002,Telugu,"Movie Title: Neetho Cheppalani. Directed by: B. Satya Naidu. Starring: Akash, Anupriya, Ashita. Released in: 2002."
Mee Kosam,V. Janardhan,"Ramyasri, Samaram, Sharmila",2002,Telugu,"Movie Title: Mee Kosam. Directed by: V. Janardhan. Starring: Ramyasri, Samaram, Sharmila. Released in: 2002."
Nuvvunte Chaalu,Achyuth Reddy,"Adarsha, Sonali Raj",2002,Telugu,"Movie Title: Nuvvunte Chaalu. Directed by: Achyuth Reddy. Starring: Adarsha, Sonali Raj. Released in: 2002."
Ramana,Siva Nageswara Rao,"Rajendra Babu, Mahi, Brahmanandam, Tanikella Bharani",2002,Telugu,"Movie Title: Ramana. Directed by: Siva Nageswara Rao. Starring: Rajendra Babu, Mahi, Brahmanandam, Tanikella Bharani. Released in: 2002."
Devi Nagamma,Alahari,"Prema, Baby Deepika, Jackie, Mani Chandana, Mada, Somayajulu, Jeeva",2002,Telugu,"Movie Title: Devi Nagamma. Directed by: Alahari. Starring: Prema, Baby Deepika, Jackie, Mani Chandana, Mada, Somayajulu, Jeeva. Released in: 2002."
Adrustam,Sekhar Suri,"Tarun, Gajala, Reemma Sen, Asha Saini",2002,Telugu,"Movie Title: Adrustam. Directed by: Sekhar Suri. Starring: Tarun, Gajala, Reemma Sen, Asha Saini. Released in: 2002."
Jayam,Teja,"Nitin, Sadha, Tottempudi Gopichand",2002,Telugu,"Movie Title: Jayam. Directed by: Teja. Starring: Nitin, Sadha, Tottempudi Gopichand. Released in: 2002."
Hanuman Junction,Mohan Raja,"Jagapati Babu, Arjun",2001,Telugu,"Movie Title: Hanuman Junction. Directed by: Mohan Raja. Starring: Jagapati Babu, Arjun. Released in: 2001."
Bhadrachalam,N.Shankar,"Srihari, Sindhu Menon",2001,Telugu,"Movie Title: Bhadrachalam. Directed by: N.Shankar. Starring: Srihari, Sindhu Menon. Released in: 2001."
Little Hearts,Srikanth,"R. Venkateswar, Gayathri Priya, Murali Mohan, M. S. Narayana",2001,Telugu,"Movie Title: Little Hearts. Directed by: Srikanth. Starring: R. Venkateswar, Gayathri Priya, Murali Mohan, M. S. Narayana. Released in: 2001."
Prudhvi Narayana,P. Vasu,"Srihari, Vijayalakshmi, Meghana Naidu, Lakshmi",2002,Telugu,"Movie Title: Prudhvi Narayana. Directed by: P. Vasu. Starring: Srihari, Vijayalakshmi, Meghana Naidu, Lakshmi. Released in: 2002."
Prema Sakshiga,V. Jyothi Kumar,"Vijay, Swetha, Anjali, Sraavan",2002,Telugu,"Movie Title: Prema Sakshiga. Directed by: V. Jyothi Kumar. Starring: Vijay, Swetha, Anjali, Sraavan. Released in: 2002."
Bharata Simha Reddy,Surya Prakash,"Rajasekhar, Meena, Gajala, Ravali, Brahmanandam",2002,Telugu,"Movie Title: Bharata Simha Reddy. Directed by: Surya Prakash. Starring: Rajasekhar, Meena, Gajala, Ravali, Brahmanandam. Released in: 2002."
Manamiddaram,Gosangi Subba Ra,"Raja Sridhar, Sonali Joshi, Lahari",2002,Telugu,"Movie Title: Manamiddaram. Directed by: Gosangi Subba Ra. Starring: Raja Sridhar, Sonali Joshi, Lahari. Released in: 2002."
Subbu,Rudraraju Suresh Varma,"Jr. NTR, Sonali Joshi",2001,Telugu,"Movie Title: Subbu. Directed by: Rudraraju Suresh Varma. Starring: Jr. NTR, Sonali Joshi. Released in: 2001."
Khaidi Brothers,Sahar,"Sai Kumar, Lakshman, Ram, Surya Prakash, Rekha",2002,Telugu,"Movie Title: Khaidi Brothers. Directed by: Sahar. Starring: Sai Kumar, Lakshman, Ram, Surya Prakash, Rekha. Released in: 2002."
Chennakeshava Reddy,V. V. Vinayak,"Nandamuri Balakrishna, Shriya Saran, Tabu, Devayani",2002,Telugu,"Movie Title: Chennakeshava Reddy. Directed by: V. V. Vinayak. Starring: Nandamuri Balakrishna, Shriya Saran, Tabu, Devayani. Released in: 2002."
Malli Malli Chudali,Pawan Sridhar,"Venu, Janani",2002,Telugu,"Movie Title: Malli Malli Chudali. Directed by: Pawan Sridhar. Starring: Venu, Janani. Released in: 2002."
Aahuti,Y. Sai Nivas,Chandra Babu,2002,Telugu,Movie Title: Aahuti. Directed by: Y. Sai Nivas. Starring: Chandra Babu. Released in: 2002.
Prema Donga,Ramana,"Srihari, Soundarya, Vinod",2002,Telugu,"Movie Title: Prema Donga. Directed by: Ramana. Starring: Srihari, Soundarya, Vinod. Released in: 2002."
Janda,Kodi Ramakrishna,"Ajju, Sravan, Akrithi",2002,Telugu,"Movie Title: Janda. Directed by: Kodi Ramakrishna. Starring: Ajju, Sravan, Akrithi. Released in: 2002."
Nuvve Nuvve,Trivikram Srinivas,"Tarun, Shriya Saran, Prakash Raj",2002,Telugu,"Movie Title: Nuvve Nuvve. Directed by: Trivikram Srinivas. Starring: Tarun, Shriya Saran, Prakash Raj. Released in: 2002."
Gemeni,Saran,"Venkatesh, Namitha, Mumtaj",2002,Telugu,"Movie Title: Gemeni. Directed by: Saran. Starring: Venkatesh, Namitha, Mumtaj. Released in: 2002."
Okato Number Kurraadu,A. Kodandarami Reddy,"Nandamuri Taraka Ratna, Rekha Vedavyas, Brahmanandam",2002,Telugu,"Movie Title: Okato Number Kurraadu. Directed by: A. Kodandarami Reddy. Starring: Nandamuri Taraka Ratna, Rekha Vedavyas, Brahmanandam. Released in: 2002."
Darling Darling,V. Samudra,"Srikanth, Shaheen Khan, Sai Kiran",2001,Telugu,"Movie Title: Darling Darling. Directed by: V. Samudra. Starring: Srikanth, Shaheen Khan, Sai Kiran. Released in: 2001."
Ishtam,Vikram Kumar,"Charan, Shriya Saran",2001,Telugu,"Movie Title: Ishtam. Directed by: Vikram Kumar. Starring: Charan, Shriya Saran. Released in: 2001."
Apparao ki Oka Nela Thappindi,Relangi Narasimha Rao,"Rajendra Prasad, Madhusmita",2001,Telugu,"Movie Title: Apparao ki Oka Nela Thappindi. Directed by: Relangi Narasimha Rao. Starring: Rajendra Prasad, Madhusmita. Released in: 2001."
Hrudayanjali,A. Raghurami Reddy,"Sanjay Mitra, Girija Shettar",2002,Telugu,"Movie Title: Hrudayanjali. Directed by: A. Raghurami Reddy. Starring: Sanjay Mitra, Girija Shettar. Released in: 2002."
Sreeram,V. N. Aditya,"Uday Kiran, Anitha Hassanandani, Ashish Vidyarthi",2002,Telugu,"Movie Title: Sreeram. Directed by: V. N. Aditya. Starring: Uday Kiran, Anitha Hassanandani, Ashish Vidyarthi. Released in: 2002."
Neetho,John Mahendran,"Suryaprakash, Mahek Chahal,",2002,Telugu,"Movie Title: Neetho. Directed by: John Mahendran. Starring: Suryaprakash, Mahek Chahal,. Released in: 2002."
Kanulu Moosina Neevaye,Manjula Naidu,"Deepak, Archana",2002,Telugu,"Movie Title: Kanulu Moosina Neevaye. Directed by: Manjula Naidu. Starring: Deepak, Archana. Released in: 2002."
Janam,Ayyappa P. Sharma,"Sai Kumar, Vani Viswanath, Thriller Manju, Dasari Arun Kumar, Zarina",2002,Telugu,"Movie Title: Janam. Directed by: Ayyappa P. Sharma. Starring: Sai Kumar, Vani Viswanath, Thriller Manju, Dasari Arun Kumar, Zarina. Released in: 2002."
Girl Friend,G. Nageswara Reddy,"Rohit, Anitha Patil",2002,Telugu,"Movie Title: Girl Friend. Directed by: G. Nageswara Reddy. Starring: Rohit, Anitha Patil. Released in: 2002."
Allari Ramudu,B. Gopal,"Jr. NTR, Aarti Agarwal, Gajala",2002,Telugu,"Movie Title: Allari Ramudu. Directed by: B. Gopal. Starring: Jr. NTR, Aarti Agarwal, Gajala. Released in: 2002."
Indra,B. Gopal,"Chiranjeevi, Sonali Bendre, Aarti Agarwal",2002,Telugu,"Movie Title: Indra. Directed by: B. Gopal. Starring: Chiranjeevi, Sonali Bendre, Aarti Agarwal. Released in: 2002."
Avunu Valliddaru Ista Paddaru!,Vamsi,"Ravi Teja, Kalyani",2002,Telugu,"Movie Title: Avunu Valliddaru Ista Paddaru!. Directed by: Vamsi. Starring: Ravi Teja, Kalyani. Released in: 2002."
Kuchi Kuchi Koonamma,Ashok Kumar,"Jakeer, Siri, K. Viswanath",2002,Telugu,"Movie Title: Kuchi Kuchi Koonamma. Directed by: Ashok Kumar. Starring: Jakeer, Siri, K. Viswanath. Released in: 2002."
Vachina Vaadu Suryudu,Mandava Gopala Krishna,"Krisha, Lakshmana Swamy, Vijayachander, Rahul, Lahari",2002,Telugu,"Movie Title: Vachina Vaadu Suryudu. Directed by: Mandava Gopala Krishna. Starring: Krisha, Lakshmana Swamy, Vijayachander, Rahul, Lahari. Released in: 2002."
Idiot,Puri Jagannadh,"Ravi Teja, Rakshita",2002,Telugu,"Movie Title: Idiot. Directed by: Puri Jagannadh. Starring: Ravi Teja, Rakshita. Released in: 2002."
Sontham,Srinu Vaitla,"Aryan Rajesh, Namitha, Rohit, Sunil",2002,Telugu,"Movie Title: Sontham. Directed by: Srinu Vaitla. Starring: Aryan Rajesh, Namitha, Rohit, Sunil. Released in: 2002."
Holi,Vara Prasad,"Uday Kiran, Richa Pallod, Sunil",2002,Telugu,"Movie Title: Holi. Directed by: Vara Prasad. Starring: Uday Kiran, Richa Pallod, Sunil. Released in: 2002."
Nuvvu Leka Nenu Lenu,Y. Kasi Viswanath,"Tarun, Aarthi Agarwal, Laya, Sarath Babu",2002,Telugu,"Movie Title: Nuvvu Leka Nenu Lenu. Directed by: Y. Kasi Viswanath. Starring: Tarun, Aarthi Agarwal, Laya, Sarath Babu. Released in: 2002."
Takkari Donga,Jayanth C. Paranjee,"Mahesh Babu, Lisa Ray, Bipasha Basu, Krishna Ghattamaneni",2002,Telugu,"Movie Title: Takkari Donga. Directed by: Jayanth C. Paranjee. Starring: Mahesh Babu, Lisa Ray, Bipasha Basu, Krishna Ghattamaneni. Released in: 2002."
Seema Simham,G. Ram Prasad,"Nandamuri Balakrishna, Simran, Reemma Sen, P. Vasu",2002,Telugu,"Movie Title: Seema Simham. Directed by: G. Ram Prasad. Starring: Nandamuri Balakrishna, Simran, Reemma Sen, P. Vasu. Released in: 2002."
Ori Nee Prema Bangaram Kaanu,AVS,"Rajesh Krishnan, Sangeetha, Giri Babu, Bramhanandam",2003,Telugu,"Movie Title: Ori Nee Prema Bangaram Kaanu. Directed by: AVS. Starring: Rajesh Krishnan, Sangeetha, Giri Babu, Bramhanandam. Released in: 2003."
Sivamani,Puri Jagannadh,"Nagarjuna, Asin Thottumkal, Rakshita, Prakash Raj",2003,Telugu,"Movie Title: Sivamani. Directed by: Puri Jagannadh. Starring: Nagarjuna, Asin Thottumkal, Rakshita, Prakash Raj. Released in: 2003."
Veede,Ravi Raja Pinisetty,"Ravi Teja, Reema Sen, Aarti Agarwal, Shayaji Shinde",2003,Telugu,"Movie Title: Veede. Directed by: Ravi Raja Pinisetty. Starring: Ravi Teja, Reema Sen, Aarti Agarwal, Shayaji Shinde. Released in: 2003."
Srirama Chandrulu,Srikanth,"Rajendra Prasad, Sivaji, Raasi, Rambha, Sindhu Menon, Brahmanandam, Kovai Sarala, Venu Madhav",2003,Telugu,"Movie Title: Srirama Chandrulu. Directed by: Srikanth. Starring: Rajendra Prasad, Sivaji, Raasi, Rambha, Sindhu Menon, Brahmanandam, Kovai Sarala, Venu Madhav. Released in: 2003."
Letha Manasulu,S. V. Krishna Reddy,"Srikanth, Kalyani, Gopika, Raghunatha Reddy",2004,Telugu,"Movie Title: Letha Manasulu. Directed by: S. V. Krishna Reddy. Starring: Srikanth, Kalyani, Gopika, Raghunatha Reddy. Released in: 2004."
Satruvu,P. A. Arun Prasad,"Vadde Naveen, Navneet Kaur",2004,Telugu,"Movie Title: Satruvu. Directed by: P. A. Arun Prasad. Starring: Vadde Naveen, Navneet Kaur. Released in: 2004."
Anand,Sekhar Kammula,"Raja, Kamalinee Mukherjee",2004,Telugu,"Movie Title: Anand. Directed by: Sekhar Kammula. Starring: Raja, Kamalinee Mukherjee. Released in: 2004."
Shankar Dada M.B.B.S.,Jayanth C. Paranjee,"Chiranjeevi, Srikanth, Sonali Bendre, Paresh Rawal",2004,Telugu,"Movie Title: Shankar Dada M.B.B.S.. Directed by: Jayanth C. Paranjee. Starring: Chiranjeevi, Srikanth, Sonali Bendre, Paresh Rawal. Released in: 2004."
Mr & Mrs Sailaja Krishnamurthy,Siva Nageswara Rao,"Sivaji, Laila, Tanikella Bharani, Banerjee",2004,Telugu,"Movie Title: Mr & Mrs Sailaja Krishnamurthy. Directed by: Siva Nageswara Rao. Starring: Sivaji, Laila, Tanikella Bharani, Banerjee. Released in: 2004."
Aaptudu,Muthyala Subbaiah,"Rajasekhar, Anjala Zhaveri, Mukesh Rishi",2004,Telugu,"Movie Title: Aaptudu. Directed by: Muthyala Subbaiah. Starring: Rajasekhar, Anjala Zhaveri, Mukesh Rishi. Released in: 2004."
Apparao Driving School,Anji Seenu,"Rajendra Prasad, Malavika, Preeti Jhangiani, Suman, Brahmanandam",2004,Telugu,"Movie Title: Apparao Driving School. Directed by: Anji Seenu. Starring: Rajendra Prasad, Malavika, Preeti Jhangiani, Suman, Brahmanandam. Released in: 2004."
Cheppave Chirugali,Vikraman,"Venu Thottempudi, Ashima Bhalla, Abhirami, Kiran Rathod",2004,Telugu,"Movie Title: Cheppave Chirugali. Directed by: Vikraman. Starring: Venu Thottempudi, Ashima Bhalla, Abhirami, Kiran Rathod. Released in: 2004."
Swarabhishekam,K. Viswanath,"K. Vishwanath, Srikanth, Laya, Urvashi",2004,Telugu,"Movie Title: Swarabhishekam. Directed by: K. Viswanath. Starring: K. Vishwanath, Srikanth, Laya, Urvashi. Released in: 2004."
Chanti,Sobhan,"Ravi Teja, Charmme",2004,Telugu,"Movie Title: Chanti. Directed by: Sobhan. Starring: Ravi Teja, Charmme. Released in: 2004."
Yuvasena,Jayaraj,"Bharath, Gopika, Sharwanand",2004,Telugu,"Movie Title: Yuvasena. Directed by: Jayaraj. Starring: Bharath, Gopika, Sharwanand. Released in: 2004."
Naalo,Samuthirakani,"SPB Charan, Babloo Prithviraj, Pooja Bharathi",2004,Telugu,"Movie Title: Naalo. Directed by: Samuthirakani. Starring: SPB Charan, Babloo Prithviraj, Pooja Bharathi. Released in: 2004."
Kaani,Abhinav Velagaleti,"Sai Kiran, Meera, Jyoti",2004,Telugu,"Movie Title: Kaani. Directed by: Abhinav Velagaleti. Starring: Sai Kiran, Meera, Jyoti. Released in: 2004."
Suryam,V. Samudra,"Vishnu Manchu, Celina Jaitley",2004,Telugu,"Movie Title: Suryam. Directed by: V. Samudra. Starring: Vishnu Manchu, Celina Jaitley. Released in: 2004."
Sakhiya,Jayanth C. Paranjee,"Tarun, Nauheed Cyrusi",2004,Telugu,"Movie Title: Sakhiya. Directed by: Jayanth C. Paranjee. Starring: Tarun, Nauheed Cyrusi. Released in: 2004."
No,Pappu,"Nandamuri Taraka Ratna, Chaya Singh, Neha, Keerti Chawla, Tanu Roy, Ashish Vidyarthi",2004,Telugu,"Movie Title: No. Directed by: Pappu. Starring: Nandamuri Taraka Ratna, Chaya Singh, Neha, Keerti Chawla, Tanu Roy, Ashish Vidyarthi. Released in: 2004."
7G Brindhavan Colony,Sri Raghava,"Ravi Krishna, Sonia Agarwal, Suman Setty, Chandra Mohan",2004,Telugu,"Movie Title: 7G Brindhavan Colony. Directed by: Sri Raghava. Starring: Ravi Krishna, Sonia Agarwal, Suman Setty, Chandra Mohan. Released in: 2004."
Konchem Touchlo Vunte Cheputanu,Vamsy,"Sivaji, Veda Shastry, Prakash Raj, M. S. Narayana, Brahmanandam",2004,Telugu,"Movie Title: Konchem Touchlo Vunte Cheputanu. Directed by: Vamsy. Starring: Sivaji, Veda Shastry, Prakash Raj, M. S. Narayana, Brahmanandam. Released in: 2004."
Sye,S. S. Rajamouli,"Nithiin, Genelia D'Souza, Pradeep Rawat",2004,Telugu,"Movie Title: Sye. Directed by: S. S. Rajamouli. Starring: Nithiin, Genelia D'Souza, Pradeep Rawat. Released in: 2004."
Gudumba Shankar,Veera Shankar,"Pawan Kalyan, Meera Jasmine",2004,Telugu,"Movie Title: Gudumba Shankar. Directed by: Veera Shankar. Starring: Pawan Kalyan, Meera Jasmine. Released in: 2004."
Thank You Subba Rao,E. V. V. Satyanarayana,"Srihari, Prakash Raj, Abhirami",2001,Telugu,"Movie Title: Thank You Subba Rao. Directed by: E. V. V. Satyanarayana. Starring: Srihari, Prakash Raj, Abhirami. Released in: 2001."
Daddy,Suresh Krishna,"Chiranjeevi, Simran, Ashima Bhalla",2001,Telugu,"Movie Title: Daddy. Directed by: Suresh Krishna. Starring: Chiranjeevi, Simran, Ashima Bhalla. Released in: 2001."
Time Pass,Sanfireddy Dasaradh,"Ajay, Asha Saini, Janardhan Maharshi",2001,Telugu,"Movie Title: Time Pass. Directed by: Sanfireddy Dasaradh. Starring: Ajay, Asha Saini, Janardhan Maharshi. Released in: 2001."
Anandam,Srinu Vaitla,"Jai Akash, Rekha Vedavyas",2001,Telugu,"Movie Title: Anandam. Directed by: Srinu Vaitla. Starring: Jai Akash, Rekha Vedavyas. Released in: 2001."
Gharshana,Gautham Vasudev Menon,"Venkatesh, Asin, Daniel Balaji",2004,Telugu,"Movie Title: Gharshana. Directed by: Gautham Vasudev Menon. Starring: Venkatesh, Asin, Daniel Balaji. Released in: 2004."
Pallakilo Pellikoothuru,Suchitra Chandrabose,"Gowtham, Rathi, Brahmanandam",2004,Telugu,"Movie Title: Pallakilo Pellikoothuru. Directed by: Suchitra Chandrabose. Starring: Gowtham, Rathi, Brahmanandam. Released in: 2004."
Donga Dongadi,Subramanyam Siva,"Manoj Manchu, Sadha, Varshitha, Sunil, Siva Reddy",2004,Telugu,"Movie Title: Donga Dongadi. Directed by: Subramanyam Siva. Starring: Manoj Manchu, Sadha, Varshitha, Sunil, Siva Reddy. Released in: 2004."
Soggadi Saradalu,Nimmagadda Babu,"Santosh Pavan, Haritha, Satyam Rajesh, Chitram Basha, Brahmanandam",2004,Telugu,"Movie Title: Soggadi Saradalu. Directed by: Nimmagadda Babu. Starring: Santosh Pavan, Haritha, Satyam Rajesh, Chitram Basha, Brahmanandam. Released in: 2004."
Naa Autograph,S. Gopal Reddy,"Ravi Teja, Bhoomika Chawla, Gopika, Mallika",2004,Telugu,"Movie Title: Naa Autograph. Directed by: S. Gopal Reddy. Starring: Ravi Teja, Bhoomika Chawla, Gopika, Mallika. Released in: 2004."
Valliddaru Okkate,J. Srinivasa Rao,"T. Kishore, Renuka Menon",2004,Telugu,"Movie Title: Valliddaru Okkate. Directed by: J. Srinivasa Rao. Starring: T. Kishore, Renuka Menon. Released in: 2004."
Student No.1,S. S. Rajamouli,"Jr. NTR, Gajala",2001,Telugu,"Movie Title: Student No.1. Directed by: S. S. Rajamouli. Starring: Jr. NTR, Gajala. Released in: 2001."
Arjun,Gunasekhar,"Mahesh Babu, Keerthi Reddy, Shriya Saran, Prakash Raj",2004,Telugu,"Movie Title: Arjun. Directed by: Gunasekhar. Starring: Mahesh Babu, Keerthi Reddy, Shriya Saran, Prakash Raj. Released in: 2004."
Shivashankar,Kapuganti Rajendra,"Mohan Babu, Soundarya, Natanya Singh, Raza Murad, Riyaz Khan",2004,Telugu,"Movie Title: Shivashankar. Directed by: Kapuganti Rajendra. Starring: Mohan Babu, Soundarya, Natanya Singh, Raza Murad, Riyaz Khan. Released in: 2004."
143 (and I miss You),Puri Jagannadh,"Sairam Shankar, Samiksha, Flora",2004,Telugu,"Movie Title: 143 (and I miss You). Directed by: Puri Jagannadh. Starring: Sairam Shankar, Samiksha, Flora. Released in: 2004."
Madhyanam Hathya,Ram Gopal Verma,"J. D. Chakravarthy, Aamani, Priyanka, Venkat, Bhanuchander, Brahmaji",2004,Telugu,"Movie Title: Madhyanam Hathya. Directed by: Ram Gopal Verma. Starring: J. D. Chakravarthy, Aamani, Priyanka, Venkat, Bhanuchander, Brahmaji. Released in: 2004."
Gowri,B. V. Ramana,"Sumanth, Charmme, Atul Kulkarni",2004,Telugu,"Movie Title: Gowri. Directed by: B. V. Ramana. Starring: Sumanth, Charmme, Atul Kulkarni. Released in: 2004."
Intlo Srimathi Veedhilo Kumari,K. Vasu,"Aarti Chabria, Srikanth, Prabhudeva, Prakash Raj, Brahmanandam",2004,Telugu,"Movie Title: Intlo Srimathi Veedhilo Kumari. Directed by: K. Vasu. Starring: Aarti Chabria, Srikanth, Prabhudeva, Prakash Raj, Brahmanandam. Released in: 2004."
Leela Mahal Center,Devi Prasad,"Aryan Rajesh, Sadha",2004,Telugu,"Movie Title: Leela Mahal Center. Directed by: Devi Prasad. Starring: Aryan Rajesh, Sadha. Released in: 2004."
Vidyardhi,Balachari,"Ramesh, Aditi Agarwal",2004,Telugu,"Movie Title: Vidyardhi. Directed by: Balachari. Starring: Ramesh, Aditi Agarwal. Released in: 2004."
Aa Naluguru,Chandra Sidhartha,"Rajendra Prasad, Amani",2004,Telugu,"Movie Title: Aa Naluguru. Directed by: Chandra Sidhartha. Starring: Rajendra Prasad, Amani. Released in: 2004."
Arey,K S Nageswara Rao,"Kesava Teerdha, Mounika",2005,Telugu,"Movie Title: Arey. Directed by: K S Nageswara Rao. Starring: Kesava Teerdha, Mounika. Released in: 2005."
Keelu Gurram,Kodi Ramakrishna,"Rohit, Baladitya, Nakul, Rajesh, Tanu Roy",2005,Telugu,"Movie Title: Keelu Gurram. Directed by: Kodi Ramakrishna. Starring: Rohit, Baladitya, Nakul, Rajesh, Tanu Roy. Released in: 2005."
Pandem,Sabhapati,"Jagapati Babu, Kalyani, Ramaraju, M. S. Narayana",2005,Telugu,"Movie Title: Pandem. Directed by: Sabhapati. Starring: Jagapati Babu, Kalyani, Ramaraju, M. S. Narayana. Released in: 2005."
Evaru Nenu,Bhimeshwararao munjuluri,Krishna,2005,Telugu,Movie Title: Evaru Nenu. Directed by: Bhimeshwararao munjuluri. Starring: Krishna. Released in: 2005.
Orey Pandu,Tejas Dhanraj,"Sachiin Joshi, Sandali Sinha, Bhanupriya",2005,Telugu,"Movie Title: Orey Pandu. Directed by: Tejas Dhanraj. Starring: Sachiin Joshi, Sandali Sinha, Bhanupriya. Released in: 2005."
Dhairyam,Teja,"Nitin, Raima Sen, Tanikella Bharani",2005,Telugu,"Movie Title: Dhairyam. Directed by: Teja. Starring: Nitin, Raima Sen, Tanikella Bharani. Released in: 2005."
Manasu Maata Vinadhu,V. N. Aditya,"Navdeep, Ankitha, Sandeep, Tanikella Bharani",2005,Telugu,"Movie Title: Manasu Maata Vinadhu. Directed by: V. N. Aditya. Starring: Navdeep, Ankitha, Sandeep, Tanikella Bharani. Released in: 2005."
786 Khaidi Premakatha,K S Nageswara Rao,"Sashikanth, Poonam Bhartke, Yana Sheik, Bramhanandam",2005,Telugu,"Movie Title: 786 Khaidi Premakatha. Directed by: K S Nageswara Rao. Starring: Sashikanth, Poonam Bhartke, Yana Sheik, Bramhanandam. Released in: 2005."
Sankranti,Muppalaneni Siva,"Venkatesh, Sneha, Siva Balaji, Sharwanand, Srikanth, Sangeetha",2005,Telugu,"Movie Title: Sankranti. Directed by: Muppalaneni Siva. Starring: Venkatesh, Sneha, Siva Balaji, Sharwanand, Srikanth, Sangeetha. Released in: 2005."
Subhasissulu,M Nagarjuna Reddy,"Anil Raj, Varsha, Giri Babu",2001,Telugu,"Movie Title: Subhasissulu. Directed by: M Nagarjuna Reddy. Starring: Anil Raj, Varsha, Giri Babu. Released in: 2001."
Sravanamasam,Posani Krishna Murali,"Krishna, Nandamuri Harikrishna, Karthikeya, Nagababu, Suman, Vijaya Nirmala, Gajala, Kalyani, Keerti Chawla",2005,Telugu,"Movie Title: Sravanamasam. Directed by: Posani Krishna Murali. Starring: Krishna, Nandamuri Harikrishna, Karthikeya, Nagababu, Suman, Vijaya Nirmala, Gajala, Kalyani, Keerti Chawla. Released in: 2005."
Slokam,Bharath,"Sai Kumar, Ambika, Madhu Sharma, K. Vishwanath",2005,Telugu,"Movie Title: Slokam. Directed by: Bharath. Starring: Sai Kumar, Ambika, Madhu Sharma, K. Vishwanath. Released in: 2005."
Youth,J. Jitendra,"Vikram, Sri Harsha, Lahari, Sishwa",2005,Telugu,"Movie Title: Youth. Directed by: J. Jitendra. Starring: Vikram, Sri Harsha, Lahari, Sishwa. Released in: 2005."
Prayatnam,P Sunil Kumar Reddy,"Babloo Prithviraj, Sujitha, Tanu Roy",2005,Telugu,"Movie Title: Prayatnam. Directed by: P Sunil Kumar Reddy. Starring: Babloo Prithviraj, Sujitha, Tanu Roy. Released in: 2005."
Tara,Maniraj,"Akash, Ruthika, Gundu Hanumantha Rao",2001,Telugu,"Movie Title: Tara. Directed by: Maniraj. Starring: Akash, Ruthika, Gundu Hanumantha Rao. Released in: 2001."
Swami Shankar,Madhusudhan Rao,"Dinesh, Sriram, Brahmanandam",2005,Telugu,"Movie Title: Swami Shankar. Directed by: Madhusudhan Rao. Starring: Dinesh, Sriram, Brahmanandam. Released in: 2005."
Thanks,Manraj,"Vineeth, Rashmi Gautam",2005,Telugu,"Movie Title: Thanks. Directed by: Manraj. Starring: Vineeth, Rashmi Gautam. Released in: 2005."
Evadi Gola Vaadidi,E. V. V. Satyanarayana,"Aryan Rajesh, Deepika Chikhalia, Brahmanandam",2005,Telugu,"Movie Title: Evadi Gola Vaadidi. Directed by: E. V. V. Satyanarayana. Starring: Aryan Rajesh, Deepika Chikhalia, Brahmanandam. Released in: 2005."
Dhana 51,R. Soorya Kiran,"Sumanth, Saloni Aswani",2005,Telugu,"Movie Title: Dhana 51. Directed by: R. Soorya Kiran. Starring: Sumanth, Saloni Aswani. Released in: 2005."
Naa Alludu,Vara Mullapudi,"Jr. NTR, Shriya Saran, Genelia D'Souza",2005,Telugu,"Movie Title: Naa Alludu. Directed by: Vara Mullapudi. Starring: Jr. NTR, Shriya Saran, Genelia D'Souza. Released in: 2005."
Gangamma Jatara,R. Narayana Murthy,"R. Narayana Murthy, Neelima Rao",2004,Telugu,"Movie Title: Gangamma Jatara. Directed by: R. Narayana Murthy. Starring: R. Narayana Murthy, Neelima Rao. Released in: 2004."
Vijayendra Varma,Swarna Subba Rao,"Nandamuri Balakrishna, Laya, Ankitha",2004,Telugu,"Movie Title: Vijayendra Varma. Directed by: Swarna Subba Rao. Starring: Nandamuri Balakrishna, Laya, Ankitha. Released in: 2004."
Mass,Raghava Lawrence,"Nagarjuna, Jyothika, Charmme",2004,Telugu,"Movie Title: Mass. Directed by: Raghava Lawrence. Starring: Nagarjuna, Jyothika, Charmme. Released in: 2004."
Chirujallu,Sriram Balaji,"Tarun, Richa Pallod",2001,Telugu,"Movie Title: Chirujallu. Directed by: Sriram Balaji. Starring: Tarun, Richa Pallod. Released in: 2001."
Chiranjeevulu,Radha Krishna,"Ravi Teja, Sanghavi, Sivaji",2001,Telugu,"Movie Title: Chiranjeevulu. Directed by: Radha Krishna. Starring: Ravi Teja, Sanghavi, Sivaji. Released in: 2001."
Idhe Naa Modhati Premalekha,G. Nageswara Reddy,"Jayaram, Rimmi Sen",2001,Telugu,"Movie Title: Idhe Naa Modhati Premalekha. Directed by: G. Nageswara Reddy. Starring: Jayaram, Rimmi Sen. Released in: 2001."
Adhipathi,Ravi Raja Pinisetty,"Mohan Babu, Nagarjuna, Preeti Jhangiani, Soundarya",2001,Telugu,"Movie Title: Adhipathi. Directed by: Ravi Raja Pinisetty. Starring: Mohan Babu, Nagarjuna, Preeti Jhangiani, Soundarya. Released in: 2001."
Itlu Sravani Subramanyam,Puri Jagannadh,"Ravi Teja, Tanu Roy",2001,Telugu,"Movie Title: Itlu Sravani Subramanyam. Directed by: Puri Jagannadh. Starring: Ravi Teja, Tanu Roy. Released in: 2001."
Nuvvu Naaku Nachav,Vijaya Bhaskar,"Venkatesh, Arthi Agarwal",2001,Telugu,"Movie Title: Nuvvu Naaku Nachav. Directed by: Vijaya Bhaskar. Starring: Venkatesh, Arthi Agarwal. Released in: 2001."
Naalo Unna Prema,Pratap,"Jagapathi Babu, Gajala, Laya",2001,Telugu,"Movie Title: Naalo Unna Prema. Directed by: Pratap. Starring: Jagapathi Babu, Gajala, Laya. Released in: 2001."
Chandu,Veeru K,"Pavan Kumar, Archana, Preethi",2001,Telugu,"Movie Title: Chandu. Directed by: Veeru K. Starring: Pavan Kumar, Archana, Preethi. Released in: 2001."
Cheppalani Vundi,Chandra Mahesh,"Naveen, Raasi, Kanchi Kaul",2001,Telugu,"Movie Title: Cheppalani Vundi. Directed by: Chandra Mahesh. Starring: Naveen, Raasi, Kanchi Kaul. Released in: 2001."
Akasa Veedhilo,Singeetam Srinivasa Rao,"Nagarjuna, Raveena Tandon",2001,Telugu,"Movie Title: Akasa Veedhilo. Directed by: Singeetam Srinivasa Rao. Starring: Nagarjuna, Raveena Tandon. Released in: 2001."
Pelli Kaani Pellam Avuthundi,Venkata Ganesh,"Venu Madhav, Mumtaj, Radhika Chowdhary",2005,Telugu,"Movie Title: Pelli Kaani Pellam Avuthundi. Directed by: Venkata Ganesh. Starring: Venu Madhav, Mumtaj, Radhika Chowdhary. Released in: 2005."
Balu,A. Karunakaran,"Pawan Kalyan, Shriya Saran, Neha Oberoi, Gulshan Grover, Milind Gunaji",2005,Telugu,"Movie Title: Balu. Directed by: A. Karunakaran. Starring: Pawan Kalyan, Shriya Saran, Neha Oberoi, Gulshan Grover, Milind Gunaji. Released in: 2005."
Bucchi Babu,T. Raju,"Krishnudu, Bobby, Abhinayasri",2005,Telugu,"Movie Title: Bucchi Babu. Directed by: T. Raju. Starring: Krishnudu, Bobby, Abhinayasri. Released in: 2005."
Nuvvostanante Nenoddantana,Prabhu Deva,"Siddharth, Trisha Krishnan, Srihari",2005,Telugu,"Movie Title: Nuvvostanante Nenoddantana. Directed by: Prabhu Deva. Starring: Siddharth, Trisha Krishnan, Srihari. Released in: 2005."
Manasantha Nuvve,V. N. Aditya,"Uday Kiran, Reema Sen",2001,Telugu,"Movie Title: Manasantha Nuvve. Directed by: V. N. Aditya. Starring: Uday Kiran, Reema Sen. Released in: 2001."
Ekaloveyudu,RK,"Uday Kiran, Kriti Ahuja, Babu Antony",2008,Telugu,"Movie Title: Ekaloveyudu. Directed by: RK. Starring: Uday Kiran, Kriti Ahuja, Babu Antony. Released in: 2008."
Prema Sandadi,P. A. Arun Prasad,"Srikanth, Anjala Zaveri",2001,Telugu,"Movie Title: Prema Sandadi. Directed by: P. A. Arun Prasad. Starring: Srikanth, Anjala Zaveri. Released in: 2001."
Snehamante Idera,Balasekaran,"Nagarjuna, Sumanth, Bhoomika Chawla",2001,Telugu,"Movie Title: Snehamante Idera. Directed by: Balasekaran. Starring: Nagarjuna, Sumanth, Bhoomika Chawla. Released in: 2001."
Love Today,Arputham,"Uday Kiran, Divya Khosla, Tanikella Bharani, Sunil",2004,Telugu,"Movie Title: Love Today. Directed by: Arputham. Starring: Uday Kiran, Divya Khosla, Tanikella Bharani, Sunil. Released in: 2004."
Anandamanandamaye,Srinu Vaitla,"Jai Akash, Renuka Menon, J. D. Chakravarthy, Preeti Jhangiani, Sunil",2004,Telugu,"Movie Title: Anandamanandamaye. Directed by: Srinu Vaitla. Starring: Jai Akash, Renuka Menon, J. D. Chakravarthy, Preeti Jhangiani, Sunil. Released in: 2004."
Aaruguru Pativratalu,E. V. V. Satyanarayana,"Vidya, Harika, Neetha, Amrutha, Lahari, Shanti Rao, Chalapathi Rao",2004,Telugu,"Movie Title: Aaruguru Pativratalu. Directed by: E. V. V. Satyanarayana. Starring: Vidya, Harika, Neetha, Amrutha, Lahari, Shanti Rao, Chalapathi Rao. Released in: 2004."
Tapana,Tejas Dhanraj,"Prabhu Deva, Siddardha, Maahi, Seema, Archana",2004,Telugu,"Movie Title: Tapana. Directed by: Tejas Dhanraj. Starring: Prabhu Deva, Siddardha, Maahi, Seema, Archana. Released in: 2004."
Dharma,K N Nageshwara Rao,"Sreeman, Keerthi Chawla, Siva Reddy",2004,Telugu,"Movie Title: Dharma. Directed by: K N Nageshwara Rao. Starring: Sreeman, Keerthi Chawla, Siva Reddy. Released in: 2004."
Sunday,Achyuta Reddy,"Sanjay, Mamatha, Suhasini",2004,Telugu,"Movie Title: Sunday. Directed by: Achyuta Reddy. Starring: Sanjay, Mamatha, Suhasini. Released in: 2004."
Malliswari,Vijaya Bhaskar,"Venkatesh, Katrina Kaif, Kota Srinivasa Rao, Brahmanandam",2004,Telugu,"Movie Title: Malliswari. Directed by: Vijaya Bhaskar. Starring: Venkatesh, Katrina Kaif, Kota Srinivasa Rao, Brahmanandam. Released in: 2004."
Ika Antha Subhame Pelli Jaripinchandi,Thota Krishna,"Sai Kiran, Priya Sahadevan, Vijayabhaskar, Priyanka Naidu",2004,Telugu,"Movie Title: Ika Antha Subhame Pelli Jaripinchandi. Directed by: Thota Krishna. Starring: Sai Kiran, Priya Sahadevan, Vijayabhaskar, Priyanka Naidu. Released in: 2004."
Swetha Naagu,Sanjeevi,"Soundarya, Abbas, Sarath Babu, Dharmavarapu Subramanyam, Brahmanandam",2004,Telugu,"Movie Title: Swetha Naagu. Directed by: Sanjeevi. Starring: Soundarya, Abbas, Sarath Babu, Dharmavarapu Subramanyam, Brahmanandam. Released in: 2004."
Mee Intikoste Yemistaru Ma Intikoste Yem Testaru,Raja Vannemreddy,"Aditya Om, Sangeetha, Sunil, Brahmanandam, Kovai Sarala, Radhika Chowdhary",2004,Telugu,"Movie Title: Mee Intikoste Yemistaru Ma Intikoste Yem Testaru. Directed by: Raja Vannemreddy. Starring: Aditya Om, Sangeetha, Sunil, Brahmanandam, Kovai Sarala, Radhika Chowdhary. Released in: 2004."
Abbayi Premalo Paddadu,Kota Babu,"Ramana, Anita Patel, Siva Krishna",2004,Telugu,"Movie Title: Abbayi Premalo Paddadu. Directed by: Kota Babu. Starring: Ramana, Anita Patel, Siva Krishna. Released in: 2004."
Sorry Naaku Pellaindi,Gandhi,"Raghu, Ruthika, Raghu Babu, Lahari",2004,Telugu,"Movie Title: Sorry Naaku Pellaindi. Directed by: Gandhi. Starring: Raghu, Ruthika, Raghu Babu, Lahari. Released in: 2004."
Guri,Bharat,"Srihari, Vadde Naveen, Sanghavi",2004,Telugu,"Movie Title: Guri. Directed by: Bharat. Starring: Srihari, Vadde Naveen, Sanghavi. Released in: 2004."
Enjoy,T. N. Raju,"Ajay, Chitra, Badrinath, Jaya Prakash Reddy",2004,Telugu,"Movie Title: Enjoy. Directed by: T. N. Raju. Starring: Ajay, Chitra, Badrinath, Jaya Prakash Reddy. Released in: 2004."
Satta,Lakshman,"Sai Kiran, Madurima, Kota Sreenivas Rao, Banerji",2004,Telugu,"Movie Title: Satta. Directed by: Lakshman. Starring: Sai Kiran, Madurima, Kota Sreenivas Rao, Banerji. Released in: 2004."
Jai,Teja,"Navdeep, Santhoshi, Ayesha Jhulka",2004,Telugu,"Movie Title: Jai. Directed by: Teja. Starring: Navdeep, Santhoshi, Ayesha Jhulka. Released in: 2004."
CBI Officer,D Ranga Rao,"Krishna, Naresh",2004,Telugu,"Movie Title: CBI Officer. Directed by: D Ranga Rao. Starring: Krishna, Naresh. Released in: 2004."
Venky,Srinu Vaitla,"Ravi Teja, Sneha, Ashutosh Rana, Brahmanandam",2004,Telugu,"Movie Title: Venky. Directed by: Srinu Vaitla. Starring: Ravi Teja, Sneha, Ashutosh Rana, Brahmanandam. Released in: 2004."
Vegu Chukkalu,R. Narayana Murthy,"R Narayana Murthy, Murali Mohan, Prabha, LB Sriram",2004,Telugu,"Movie Title: Vegu Chukkalu. Directed by: R. Narayana Murthy. Starring: R Narayana Murthy, Murali Mohan, Prabha, LB Sriram. Released in: 2004."
Anji,Kodi Ramakrishna,"Chiranjeevi, Namrata Shirodkar, Tinnu Anand, M. S. Narayana",2004,Telugu,"Movie Title: Anji. Directed by: Kodi Ramakrishna. Starring: Chiranjeevi, Namrata Shirodkar, Tinnu Anand, M. S. Narayana. Released in: 2004."
Nenu Seetamahalakshmi,G. Nageswara Reddy,"Rohit, Shravya, Chalapathi Rao",2003,Telugu,"Movie Title: Nenu Seetamahalakshmi. Directed by: G. Nageswara Reddy. Starring: Rohit, Shravya, Chalapathi Rao. Released in: 2003."
Abhimanyu,A Mallikarjun,"Kalyan Ram, Divya Spandana, Suhasini, Sowcar Janaki, Ali",2003,Telugu,"Movie Title: Abhimanyu. Directed by: A Mallikarjun. Starring: Kalyan Ram, Divya Spandana, Suhasini, Sowcar Janaki, Ali. Released in: 2003."
Goa,P. Kishore Kumar,"Sumit Roy, Subhash Chandra, Krishna Teja",2003,Telugu,"Movie Title: Goa. Directed by: P. Kishore Kumar. Starring: Sumit Roy, Subhash Chandra, Krishna Teja. Released in: 2003."
Nenu Pelliki Ready,Venky,"Srikanth, Laya, Sangeetha, Anitha Hassandani",2003,Telugu,"Movie Title: Nenu Pelliki Ready. Directed by: Venky. Starring: Srikanth, Laya, Sangeetha, Anitha Hassandani. Released in: 2003."
Villain,K. S. Ravikumar,"Rajasekhar, Neha Dhupia, Tulip Joshi, Naresh",2003,Telugu,"Movie Title: Villain. Directed by: K. S. Ravikumar. Starring: Rajasekhar, Neha Dhupia, Tulip Joshi, Naresh. Released in: 2003."
Chantigadu,Jaya,"Baladitya, Suhasini, Saranya, Ahuti Prasad",2003,Telugu,"Movie Title: Chantigadu. Directed by: Jaya. Starring: Baladitya, Suhasini, Saranya, Ahuti Prasad. Released in: 2003."
Missamma,Neelakanta,"Bhoomika Chawla, Sivaji, Laya, Tanikella Bharani",2003,Telugu,"Movie Title: Missamma. Directed by: Neelakanta. Starring: Bhoomika Chawla, Sivaji, Laya, Tanikella Bharani. Released in: 2003."
Athade Oka Sainyam,S. V. Krishna Reddy,"Jagapati Babu, Neha, Suman, Prakash Raj",2004,Telugu,"Movie Title: Athade Oka Sainyam. Directed by: S. V. Krishna Reddy. Starring: Jagapati Babu, Neha, Suman, Prakash Raj. Released in: 2004."
Nee Manasu Naaku Telusu,Jyoti Krishna,"Tarun, Trisha Krishnan, Shriya Saran, Sunil, Reema Sen, Archana Puran Singh",2003,Telugu,"Movie Title: Nee Manasu Naaku Telusu. Directed by: Jyoti Krishna. Starring: Tarun, Trisha Krishnan, Shriya Saran, Sunil, Reema Sen, Archana Puran Singh. Released in: 2003."
Neeke Manasichaanu,Surya Teja,"Srikanth, Charmee Kaur, Anvithaa, Brahmanandam",2003,Telugu,"Movie Title: Neeke Manasichaanu. Directed by: Surya Teja. Starring: Srikanth, Charmee Kaur, Anvithaa, Brahmanandam. Released in: 2003."
Avuna,C. Uma Maheshwara Rao,"Adarsh, Santhi Rao, Surya",2003,Telugu,"Movie Title: Avuna. Directed by: C. Uma Maheshwara Rao. Starring: Adarsh, Santhi Rao, Surya. Released in: 2003."
Tiger Harischandra Prasad,V. Samudra,"Nandamuri Harikrishna, Ramya Krishna, Dasari Arun Kumar, Sangeetha",2003,Telugu,"Movie Title: Tiger Harischandra Prasad. Directed by: V. Samudra. Starring: Nandamuri Harikrishna, Ramya Krishna, Dasari Arun Kumar, Sangeetha. Released in: 2003."
Satyam,Surya Kiran,"Sumanth, Genelia D'Souza, Brahmanandam, Kota Srinivasa Rao",2003,Telugu,"Movie Title: Satyam. Directed by: Surya Kiran. Starring: Sumanth, Genelia D'Souza, Brahmanandam, Kota Srinivasa Rao. Released in: 2003."
Andhrawala,Puri Jagannadh,"Jr. NTR, Rakshita, Shayaji Shinde, Rahul Dev, Sanghavi",2004,Telugu,"Movie Title: Andhrawala. Directed by: Puri Jagannadh. Starring: Jr. NTR, Rakshita, Shayaji Shinde, Rahul Dev, Sanghavi. Released in: 2004."
Lakshmi Narasimha,Jayanth C. Paranjee,"Nandamuri Balakrishna, Asin Thottumkal, Prakash Raj, K. Vishwanath, Sunil, Brahmanandam",2004,Telugu,"Movie Title: Lakshmi Narasimha. Directed by: Jayanth C. Paranjee. Starring: Nandamuri Balakrishna, Asin Thottumkal, Prakash Raj, K. Vishwanath, Sunil, Brahmanandam. Released in: 2004."
Varsham,Sobhan,"Prabhas, Trisha Krishnan, Gopichand, Prakash Raj, Sudha Chandran",2004,Telugu,"Movie Title: Varsham. Directed by: Sobhan. Starring: Prabhas, Trisha Krishnan, Gopichand, Prakash Raj, Sudha Chandran. Released in: 2004."
Maa Alludu Very Good,E V V Satyanarayana,"Rajendra Prasad, Allari Naresh, Ramya Krishna, Mounika, Kovai Sarala",2003,Telugu,"Movie Title: Maa Alludu Very Good. Directed by: E V V Satyanarayana. Starring: Rajendra Prasad, Allari Naresh, Ramya Krishna, Mounika, Kovai Sarala. Released in: 2003."
Seenu Vasanthi Lakshmi,N. M. Suresh,"R. P. Patnaik, Priya, Navneet Kaur, Prakash Raj, Giri Babu",2004,Telugu,"Movie Title: Seenu Vasanthi Lakshmi. Directed by: N. M. Suresh. Starring: R. P. Patnaik, Priya, Navneet Kaur, Prakash Raj, Giri Babu. Released in: 2004."
Avunu Nijame,Rafi,"Rafi, Tanu Roy, Brahmanandam",2004,Telugu,"Movie Title: Avunu Nijame. Directed by: Rafi. Starring: Rafi, Tanu Roy, Brahmanandam. Released in: 2004."
Premante Maade,L. Venu,"Vinay Babu, Reena, Rashmi, Amar, Vizag Prasad, Mallikharjuna Rao",2004,Telugu,"Movie Title: Premante Maade. Directed by: L. Venu. Starring: Vinay Babu, Reena, Rashmi, Amar, Vizag Prasad, Mallikharjuna Rao. Released in: 2004."
Nenu Saitham,Dhavala Satyam,"Madala Ravi, Madala Ranga Rao, Gurleen Chopra, Chandra Mohan",2004,Telugu,"Movie Title: Nenu Saitham. Directed by: Dhavala Satyam. Starring: Madala Ravi, Madala Ranga Rao, Gurleen Chopra, Chandra Mohan. Released in: 2004."
Bhadradri Ramudu,Suresh Krissna,"Taraka Rathna, Vanisri, Chalapathi Rao, Sudhakar, Radhika",2004,Telugu,"Movie Title: Bhadradri Ramudu. Directed by: Suresh Krissna. Starring: Taraka Rathna, Vanisri, Chalapathi Rao, Sudhakar, Radhika. Released in: 2004."
5va Tarikhu,Suresh Charan,"Sharwanand, Revathy",2004,Telugu,"Movie Title: 5va Tarikhu. Directed by: Suresh Charan. Starring: Sharwanand, Revathy. Released in: 2004."
Mystery,D. Ranga Rao,"Suman, Jyotsna",2004,Telugu,"Movie Title: Mystery. Directed by: D. Ranga Rao. Starring: Suman, Jyotsna. Released in: 2004."
Xtra,Veeru K.,"Santhosh Pawan, Ruthika, Naveen, Pooja, Jayalalitha",2004,Telugu,"Movie Title: Xtra. Directed by: Veeru K.. Starring: Santhosh Pawan, Ruthika, Naveen, Pooja, Jayalalitha. Released in: 2004."
Koduku,M. S. Narayana,"Vikram, Aditi Agarwal, Mounika, Suman, Ponnambalam",2004,Telugu,"Movie Title: Koduku. Directed by: M. S. Narayana. Starring: Vikram, Aditi Agarwal, Mounika, Suman, Ponnambalam. Released in: 2004."
Yagnam,A. S. Ravikumar Chowdhary,"Gopichand, Sameera Bannerjee, Prakash Raj",2004,Telugu,"Movie Title: Yagnam. Directed by: A. S. Ravikumar Chowdhary. Starring: Gopichand, Sameera Bannerjee, Prakash Raj. Released in: 2004."
Andaru Dongale Dorikite,Nidhi Prasad,"Rajendra Prasad, Prabhu Deva, Ankitha, Kiran Rathod",2004,Telugu,"Movie Title: Andaru Dongale Dorikite. Directed by: Nidhi Prasad. Starring: Rajendra Prasad, Prabhu Deva, Ankitha, Kiran Rathod. Released in: 2004."
Santhi Sandesam,P. C. Reddy,"Krishna, Ramyasri, Suman, Vinod Kumar, Ravali",2004,Telugu,"Movie Title: Santhi Sandesam. Directed by: P. C. Reddy. Starring: Krishna, Ramyasri, Suman, Vinod Kumar, Ravali. Released in: 2004."
Swamy,V. R. Pratap,"Nandamuri Harikrishna, Meena, Aamani, Uma, Rajiv Kanakala",2004,Telugu,"Movie Title: Swamy. Directed by: V. R. Pratap. Starring: Nandamuri Harikrishna, Meena, Aamani, Uma, Rajiv Kanakala. Released in: 2004."
Ammayi Bagundi,Bala Sekharan,"Sivaji, Meera Jasmine",2004,Telugu,"Movie Title: Ammayi Bagundi. Directed by: Bala Sekharan. Starring: Sivaji, Meera Jasmine. Released in: 2004."
Sivaram,Rajkumar,"Sai Kumar, Devayani, Devan, Rami Reddy, Jeeva",2004,Telugu,"Movie Title: Sivaram. Directed by: Rajkumar. Starring: Sai Kumar, Devayani, Devan, Rami Reddy, Jeeva. Released in: 2004."
Sri Anjaneyam,Krishna Vamsi,"Arjun, Nithiin, Charmme",2004,Telugu,"Movie Title: Sri Anjaneyam. Directed by: Krishna Vamsi. Starring: Arjun, Nithiin, Charmme. Released in: 2004."
Hyderabad,Ayyappa P. Sharma,"Ayyappa P. Sharma, Venu Madhav, P. J. Sarma",2001,Telugu,"Movie Title: Hyderabad. Directed by: Ayyappa P. Sharma. Starring: Ayyappa P. Sharma, Venu Madhav, P. J. Sarma. Released in: 2001."
Raa,K. S. Nageswara Rao,"Upendra, Priyanka Upendra",2001,Telugu,"Movie Title: Raa. Directed by: K. S. Nageswara Rao. Starring: Upendra, Priyanka Upendra. Released in: 2001."
Muthyam,Vasan,"Rohit, Anu",2001,Telugu,"Movie Title: Muthyam. Directed by: Vasan. Starring: Rohit, Anu. Released in: 2001."
KD No.1,Raviraja Pinisetty,"Srihari, Ramya Krishna",2004,Telugu,"Movie Title: KD No.1. Directed by: Raviraja Pinisetty. Starring: Srihari, Ramya Krishna. Released in: 2004."
Samba,V. V. Vinayak,"Jr. NTR, Genelia D'Souza, Bhoomika Chawla, Prakash Raj",2004,Telugu,"Movie Title: Samba. Directed by: V. V. Vinayak. Starring: Jr. NTR, Genelia D'Souza, Bhoomika Chawla, Prakash Raj. Released in: 2004."
Megham,Sunil Kumar Reddy,"Raghu, Tanu Roy",2004,Telugu,"Movie Title: Megham. Directed by: Sunil Kumar Reddy. Starring: Raghu, Tanu Roy. Released in: 2004."
Kala,C. Manohar,"Raja, Nayana Harshita, Ramachandra Reddy",2004,Telugu,"Movie Title: Kala. Directed by: C. Manohar. Starring: Raja, Nayana Harshita, Ramachandra Reddy. Released in: 2004."
Kaasi,Lakshmi Srinivas,"J. D. Chakravarthy, Keerthi Chawla",2004,Telugu,"Movie Title: Kaasi. Directed by: Lakshmi Srinivas. Starring: J. D. Chakravarthy, Keerthi Chawla. Released in: 2004."
Sankharavam,A. Mohana Gandhi,"Sarath Babu, Srinath, Rajiv Kanakala, Raja, Krishna Bhagavaan",2004,Telugu,"Movie Title: Sankharavam. Directed by: A. Mohana Gandhi. Starring: Sarath Babu, Srinath, Rajiv Kanakala, Raja, Krishna Bhagavaan. Released in: 2004."
Yours Abhi,Kiran,"Kamalakar, Sonali Joshi, Teja Sri, Suresh, Satya Prakash",2004,Telugu,"Movie Title: Yours Abhi. Directed by: Kiran. Starring: Kamalakar, Sonali Joshi, Teja Sri, Suresh, Satya Prakash. Released in: 2004."
Nenunnanu,V. N. Aditya,"Nagarjuna, Shriya Saran, Aarti Agarwal, Ali",2004,Telugu,"Movie Title: Nenunnanu. Directed by: V. N. Aditya. Starring: Nagarjuna, Shriya Saran, Aarti Agarwal, Ali. Released in: 2004."
Puttintiki Ra Chelli,Kodi Ramakrishna,"Arjun, Meena, Swati, Srinath, Sivaji Raja",2004,Telugu,"Movie Title: Puttintiki Ra Chelli. Directed by: Kodi Ramakrishna. Starring: Arjun, Meena, Swati, Srinath, Sivaji Raja. Released in: 2004."
Nenu,E. Sathibabu,"Allari Naresh, Veda Shastry, Abhishek",2004,Telugu,"Movie Title: Nenu. Directed by: E. Sathibabu. Starring: Allari Naresh, Veda Shastry, Abhishek. Released in: 2004."
Kushi Kushiga,G. Ram Prasad,"Jagapati Babu, Venu Thottempudi, Sangeetha, Nikita Thukral, Ramya Krishna",2004,Telugu,"Movie Title: Kushi Kushiga. Directed by: G. Ram Prasad. Starring: Jagapati Babu, Venu Thottempudi, Sangeetha, Nikita Thukral, Ramya Krishna. Released in: 2004."
Preminchukunnam Pelliki Randi,Relangi Narasimha Rao,"Aditya Om, Rekha Vedavyas, Vijay Sai, Revathi, Jeeva",2004,Telugu,"Movie Title: Preminchukunnam Pelliki Randi. Directed by: Relangi Narasimha Rao. Starring: Aditya Om, Rekha Vedavyas, Vijay Sai, Revathi, Jeeva. Released in: 2004."
Vignesh,Marella Seenu,"Bhagawan, Seema, Jahnavi, Brahmaji, Jayaprakash Reddy",2004,Telugu,"Movie Title: Vignesh. Directed by: Marella Seenu. Starring: Bhagawan, Seema, Jahnavi, Brahmaji, Jayaprakash Reddy. Released in: 2004."
Seshadri Naidu,Suresh Varma,"Srihari, Nanditha Jennifer, Swathi, Jayaram",2004,Telugu,"Movie Title: Seshadri Naidu. Directed by: Suresh Varma. Starring: Srihari, Nanditha Jennifer, Swathi, Jayaram. Released in: 2004."
Pedababu,Paruchuri Murali,"Jagapati Babu, Kalyani, Sarath Babu, K. Vishwanath, Kota Srinivasa Rao",2004,Telugu,"Movie Title: Pedababu. Directed by: Paruchuri Murali. Starring: Jagapati Babu, Kalyani, Sarath Babu, K. Vishwanath, Kota Srinivasa Rao. Released in: 2004."
Dost,Muppalaneni Siva,"Siva Balaji, Karthik, Neha, Suhasini, K. Vishwanath, Brahmanandam",2004,Telugu,"Movie Title: Dost. Directed by: Muppalaneni Siva. Starring: Siva Balaji, Karthik, Neha, Suhasini, K. Vishwanath, Brahmanandam. Released in: 2004."
Arya,Sukumar,"Allu Arjun, Anuradha Mehta, Siva Balaji",2004,Telugu,"Movie Title: Arya. Directed by: Sukumar. Starring: Allu Arjun, Anuradha Mehta, Siva Balaji. Released in: 2004."
Naani,S. J. Suryah,"Mahesh Babu, Amisha Patel, Devayani, Raghuvaran",2004,Telugu,"Movie Title: Naani. Directed by: S. J. Suryah. Starring: Mahesh Babu, Amisha Patel, Devayani, Raghuvaran. Released in: 2004."
Adavi Ramudu,B. Gopal,"Prabhas, Aarti Agarwal, Nassar, Seema",2004,Telugu,"Movie Title: Adavi Ramudu. Directed by: B. Gopal. Starring: Prabhas, Aarti Agarwal, Nassar, Seema. Released in: 2004."
Oka Pellam Muddu Rendo Pellam Vaddu,Teja,"Rajendra Prasad, Raasi, Gurleen Chopra, Surya, Rama Prabha",2004,Telugu,"Movie Title: Oka Pellam Muddu Rendo Pellam Vaddu. Directed by: Teja. Starring: Rajendra Prasad, Raasi, Gurleen Chopra, Surya, Rama Prabha. Released in: 2004."
Aithe Enti,Soma Vijay Prakash,"Namitha, Steven Kapoor, Mohit, Radhika Chowdary",2004,Telugu,"Movie Title: Aithe Enti. Directed by: Soma Vijay Prakash. Starring: Namitha, Steven Kapoor, Mohit, Radhika Chowdary. Released in: 2004."
Snehithuda,K S Nageswara Rao,"Sivaji, Rakesh, Reena",2001,Telugu,"Movie Title: Snehithuda. Directed by: K S Nageswara Rao. Starring: Sivaji, Rakesh, Reena. Released in: 2001."
Indrajith,V. R. Prasad,"Sai Kumar, Ramya Krishna, Sangeetha",2008,Telugu,"Movie Title: Indrajith. Directed by: V. R. Prasad. Starring: Sai Kumar, Ramya Krishna, Sangeetha. Released in: 2008."
Blade Babji,Devi Prasad,"Allari Naresh, Sayali Bhagat, Krishna Bhagawan, Brahmanandam",2008,Telugu,"Movie Title: Blade Babji. Directed by: Devi Prasad. Starring: Allari Naresh, Sayali Bhagat, Krishna Bhagawan, Brahmanandam. Released in: 2008."
Sri Medaram Sammakka Sarakka Mahatyam,Vemuganti,"Uday Babu, Prema",2008,Telugu,"Movie Title: Sri Medaram Sammakka Sarakka Mahatyam. Directed by: Vemuganti. Starring: Uday Babu, Prema. Released in: 2008."
Bachelors,Sana Yadi Reddy,"Sivaji, Manya",2000,Telugu,"Movie Title: Bachelors. Directed by: Sana Yadi Reddy. Starring: Sivaji, Manya. Released in: 2000."
Sevakudu,V. Samudra,"Srikanth, Charmy Kaur, Krishna, Manjula Swaroop",2013,Telugu,"Movie Title: Sevakudu. Directed by: V. Samudra. Starring: Srikanth, Charmy Kaur, Krishna, Manjula Swaroop. Released in: 2013."
Naayak,V. V. Vinayak,"Ram Charan Teja, Kajal Aggarwal, Amala Paul, Pradeep Rawat, Brahmanandam",2013,Telugu,"Movie Title: Naayak. Directed by: V. V. Vinayak. Starring: Ram Charan Teja, Kajal Aggarwal, Amala Paul, Pradeep Rawat, Brahmanandam. Released in: 2013."
Seethamma Vakitlo Sirimalle Chettu,Srikanth Addala,"Mahesh Babu, Venkatesh, Anjali, Samantha, Prakash Raj, Jayasudha",2013,Telugu,"Movie Title: Seethamma Vakitlo Sirimalle Chettu. Directed by: Srikanth Addala. Starring: Mahesh Babu, Venkatesh, Anjali, Samantha, Prakash Raj, Jayasudha. Released in: 2013."
Satruvu,NSR Prasad,"Srikanth, Aksha",2013,Telugu,"Movie Title: Satruvu. Directed by: NSR Prasad. Starring: Srikanth, Aksha. Released in: 2013."
Case No. 666/2013,"Venkat Siddareddy, Purnesh Konathala","Charan Tej, Aditya, Nanda Kishore, Guru Charan, Anurag, Nikitha",2013,Telugu,"Movie Title: Case No. 666/2013. Directed by: Venkat Siddareddy, Purnesh Konathala. Starring: Charan Tej, Aditya, Nanda Kishore, Guru Charan, Anurag, Nikitha. Released in: 2013."
Maa Pelliki Randi,Muppalaneni Shiva,"J. D. Chakravarthy, Sakshi Shivanand",2000,Telugu,"Movie Title: Maa Pelliki Randi. Directed by: Muppalaneni Shiva. Starring: J. D. Chakravarthy, Sakshi Shivanand. Released in: 2000."
Ongole Gittha,Bhaskar,"Ram Pothineni, Kriti Kharbanda, Prakash Raj, Prabhu",2013,Telugu,"Movie Title: Ongole Gittha. Directed by: Bhaskar. Starring: Ram Pothineni, Kriti Kharbanda, Prakash Raj, Prabhu. Released in: 2013."
Mirchi,Koratala Siva,"Prabhas, Anushka Shetty, Richa Gangopadhyay",2013,Telugu,"Movie Title: Mirchi. Directed by: Koratala Siva. Starring: Prabhas, Anushka Shetty, Richa Gangopadhyay. Released in: 2013."
Okkadine,Srinivas Raga,"Nara Rohit, Nithya Menen",2013,Telugu,"Movie Title: Okkadine. Directed by: Srinivas Raga. Starring: Nara Rohit, Nithya Menen. Released in: 2013."
Chammak Challo,G. Neelakanta Reddy,"Varun Sandesh, Sanchita Padukone, Catherine Tresa, Vennela Kishore, Srinivas Avasarala",2013,Telugu,"Movie Title: Chammak Challo. Directed by: G. Neelakanta Reddy. Starring: Varun Sandesh, Sanchita Padukone, Catherine Tresa, Vennela Kishore, Srinivas Avasarala. Released in: 2013."
Love Cycle,Sapan Kumar,"Mangam Srinivas, Reshma Rathore",2013,Telugu,"Movie Title: Love Cycle. Directed by: Sapan Kumar. Starring: Mangam Srinivas, Reshma Rathore. Released in: 2013."
Jabardasth,Nandini Reddy,"Siddharth, Samantha, Nithya Menen",2013,Telugu,"Movie Title: Jabardasth. Directed by: Nandini Reddy. Starring: Siddharth, Samantha, Nithya Menen. Released in: 2013."
Mr. Pellikoduku,Devi Prasad,"Sunil, Isha Chawla, Ravi Babu, Ali",2013,Telugu,"Movie Title: Mr. Pellikoduku. Directed by: Devi Prasad. Starring: Sunil, Isha Chawla, Ravi Babu, Ali. Released in: 2013."
Bullabbai,Yuvaraju,"Krishnudu, Brahmanandam, Shravani",2013,Telugu,"Movie Title: Bullabbai. Directed by: Yuvaraju. Starring: Krishnudu, Brahmanandam, Shravani. Released in: 2013."
Pellam Vachindi,Krishna Reddy,"Suman, Manichandana, Radhika Chowdhary",2000,Telugu,"Movie Title: Pellam Vachindi. Directed by: Krishna Reddy. Starring: Suman, Manichandana, Radhika Chowdhary. Released in: 2000."
Genius,Anchor Omkar,"Havish, Sanusha, R. Sarathkumar, Abhinaya",2012,Telugu,"Movie Title: Genius. Directed by: Anchor Omkar. Starring: Havish, Sanusha, R. Sarathkumar, Abhinaya. Released in: 2012."
Ko Antey Koti,Anish Yohan Kuruvilla,"Sharwanand, Priya Anand, Sri Hari",2012,Telugu,"Movie Title: Ko Antey Koti. Directed by: Anish Yohan Kuruvilla. Starring: Sharwanand, Priya Anand, Sri Hari. Released in: 2012."
Choosoddaam Randi,Raja Vannem Reddy,"Jagapathi Babu, Srikanth, Rambha",2000,Telugu,"Movie Title: Choosoddaam Randi. Directed by: Raja Vannem Reddy. Starring: Jagapathi Babu, Srikanth, Rambha. Released in: 2000."
Ee Tharam Nehru,Siva Nagu,"Krishna Ghattamaneni, Suman, Suresh, Prema",2000,Telugu,"Movie Title: Ee Tharam Nehru. Directed by: Siva Nagu. Starring: Krishna Ghattamaneni, Suman, Suresh, Prema. Released in: 2000."
9 Nelalu,Kranthi Kumar,"Vikram, Soundarya",2000,Telugu,"Movie Title: 9 Nelalu. Directed by: Kranthi Kumar. Starring: Vikram, Soundarya. Released in: 2000."
Manasunna Maaraju,Muthyala Subbaiah,"Rajasekhar, Laya, Asha Saini",2000,Telugu,"Movie Title: Manasunna Maaraju. Directed by: Muthyala Subbaiah. Starring: Rajasekhar, Laya, Asha Saini. Released in: 2000."
Sardukupodam Randi,S. V. Krishna Reddy,"Jagapathi Babu, Soundarya, Asha Saini, M. S. Narayana, Jayasudha",2000,Telugu,"Movie Title: Sardukupodam Randi. Directed by: S. V. Krishna Reddy. Starring: Jagapathi Babu, Soundarya, Asha Saini, M. S. Narayana, Jayasudha. Released in: 2000."
Kauravudu,V. Jyotikumar,"Konidela Nagendra Babu, Ramya Krishna",2000,Telugu,"Movie Title: Kauravudu. Directed by: V. Jyotikumar. Starring: Konidela Nagendra Babu, Ramya Krishna. Released in: 2000."
Pelli Sambandham,K. Raghavendra Rao,"Akkineni Nageswara Rao, Sumanth, Sakshi Shivanand, Sanghavi",2000,Telugu,"Movie Title: Pelli Sambandham. Directed by: K. Raghavendra Rao. Starring: Akkineni Nageswara Rao, Sumanth, Sakshi Shivanand, Sanghavi. Released in: 2000."
Goppinti Alludu,E. V. V. Satyanarayana,"Nandamuri Balakrishna, Simran, Sanghavi",2000,Telugu,"Movie Title: Goppinti Alludu. Directed by: E. V. V. Satyanarayana. Starring: Nandamuri Balakrishna, Simran, Sanghavi. Released in: 2000."
Kittigadu,Aditya PC,"Vishal Kumar, Sai Kiran, Surekha Vani",2012,Telugu,"Movie Title: Kittigadu. Directed by: Aditya PC. Starring: Vishal Kumar, Sai Kiran, Surekha Vani. Released in: 2012."
Yeto Vellipoyindhi Manasu,Gautham Vasudev Menon,"Nani, Samantha, Krishnudu, Anupama Kumar",2012,Telugu,"Movie Title: Yeto Vellipoyindhi Manasu. Directed by: Gautham Vasudev Menon. Starring: Nani, Samantha, Krishnudu, Anupama Kumar. Released in: 2012."
Yamaho Yama: In America,Y. Jitender,"Sairam Shankar, Parvati Melton, Srihari, Sanjjanaa",2012,Telugu,"Movie Title: Yamaho Yama: In America. Directed by: Y. Jitender. Starring: Sairam Shankar, Parvati Melton, Srihari, Sanjjanaa. Released in: 2012."
Sarocharu,Parasuram,"Ravi Teja, Kajal Aggarwal, Richa Gangopadhyay, Nara Rohit",2012,Telugu,"Movie Title: Sarocharu. Directed by: Parasuram. Starring: Ravi Teja, Kajal Aggarwal, Richa Gangopadhyay, Nara Rohit. Released in: 2012."
Midhunam,Tanikella Bharani,"S. P. Balasubrahmanyam, Lakshmi",2012,Telugu,"Movie Title: Midhunam. Directed by: Tanikella Bharani. Starring: S. P. Balasubrahmanyam, Lakshmi. Released in: 2012."
Agnatham,Sridhar Pokuru,"Kalyani, Subbaraju, Krishna Bhagavaan, Jeeva",2012,Telugu,"Movie Title: Agnatham. Directed by: Sridhar Pokuru. Starring: Kalyani, Subbaraju, Krishna Bhagavaan, Jeeva. Released in: 2012."
Yamudiki Mogudu,E. Satti Babu,"Allari Naresh, Richa Panai, Sayaji Shinde, Ramya Krishna, Naresh",2012,Telugu,"Movie Title: Yamudiki Mogudu. Directed by: E. Satti Babu. Starring: Allari Naresh, Richa Panai, Sayaji Shinde, Ramya Krishna, Naresh. Released in: 2012."
Race,Ramesh Raparthi,"Vikram, Karthik, Bharat Kishore, Disha Pandey, Nikitha Narayanan",2013,Telugu,"Movie Title: Race. Directed by: Ramesh Raparthi. Starring: Vikram, Karthik, Bharat Kishore, Disha Pandey, Nikitha Narayanan. Released in: 2013."
Gundello Godari,Kumar Nagendra,"Aadhi, Lakshmi Manchu, Sundeep Kishan, Taapsee Pannu",2013,Telugu,"Movie Title: Gundello Godari. Directed by: Kumar Nagendra. Starring: Aadhi, Lakshmi Manchu, Sundeep Kishan, Taapsee Pannu. Released in: 2013."
Mahankali,Jeevitha Rajasekhar,"Rajasekhar, Madhurima, Pradeep Rawat",2013,Telugu,"Movie Title: Mahankali. Directed by: Jeevitha Rajasekhar. Starring: Rajasekhar, Madhurima, Pradeep Rawat. Released in: 2013."
Telugabbai,Vo Yes Avinash,"Tanish, Remya Nambeesan, Tashu Kaushik, Naga Babu, Sona Nair",2013,Telugu,"Movie Title: Telugabbai. Directed by: Vo Yes Avinash. Starring: Tanish, Remya Nambeesan, Tashu Kaushik, Naga Babu, Sona Nair. Released in: 2013."
D/O Varma,Khaja,"Vennela Kishore, Naveena Jackson",2013,Telugu,"Movie Title: D/O Varma. Directed by: Khaja. Starring: Vennela Kishore, Naveena Jackson. Released in: 2013."
Sukumarudu,G. Ashok,"Aadi, Nisha Aggarwal, Krishna, Sharada, Srinivas Avasarala, Rao Ramesh",2013,Telugu,"Movie Title: Sukumarudu. Directed by: G. Ashok. Starring: Aadi, Nisha Aggarwal, Krishna, Sharada, Srinivas Avasarala, Rao Ramesh. Released in: 2013."
Chemistry,Vachespathy Jonnalagadda,"Sree Ram, Amitha Rao",2013,Telugu,"Movie Title: Chemistry. Directed by: Vachespathy Jonnalagadda. Starring: Sree Ram, Amitha Rao. Released in: 2013."
Chukkalanti Ammayi Chakkanaina Abbayi,Kanmani,"Tarun Kumar, Vimala Raman",2013,Telugu,"Movie Title: Chukkalanti Ammayi Chakkanaina Abbayi. Directed by: Kanmani. Starring: Tarun Kumar, Vimala Raman. Released in: 2013."
Iddarammayilatho,Puri Jagannadh,"Allu Arjun, Amala Paul, Catherine Tresa",2013,Telugu,"Movie Title: Iddarammayilatho. Directed by: Puri Jagannadh. Starring: Allu Arjun, Amala Paul, Catherine Tresa. Released in: 2013."
Pavitra,Janardhan Maharshi,"Shriya Saran, Roja, Sai Kumar, Brahmanandam",2013,Telugu,"Movie Title: Pavitra. Directed by: Janardhan Maharshi. Starring: Shriya Saran, Roja, Sai Kumar, Brahmanandam. Released in: 2013."
Theatre Lo Naluguru,Srinivasa Raju Dendukuri,"Srikanth Raghava, Dheeraj, Swetha Pandit, Varun Abhinay",2013,Telugu,"Movie Title: Theatre Lo Naluguru. Directed by: Srinivasa Raju Dendukuri. Starring: Srikanth Raghava, Dheeraj, Swetha Pandit, Varun Abhinay. Released in: 2013."
Prema Katha Chitram,J. Prabhakar Reddy,"Sudheer Babu, Nanditha Raj",2013,Telugu,"Movie Title: Prema Katha Chitram. Directed by: J. Prabhakar Reddy. Starring: Sudheer Babu, Nanditha Raj. Released in: 2013."
Saradaga Ammayitho,Bhanu Shankar,"Varun Sandesh, Nisha Agarwal, Charmee, K. Vishwanath, Brahmanandam",2013,Telugu,"Movie Title: Saradaga Ammayitho. Directed by: Bhanu Shankar. Starring: Varun Sandesh, Nisha Agarwal, Charmee, K. Vishwanath, Brahmanandam. Released in: 2013."
Action 3D,Anil Sunkara,"Allari Naresh, Shaam, Vaibhav Reddy, Raju Sundaram, Neelam Upadhyaya, Kamna Jethmalani, Sneha Ullal",2013,Telugu,"Movie Title: Action 3D. Directed by: Anil Sunkara. Starring: Allari Naresh, Shaam, Vaibhav Reddy, Raju Sundaram, Neelam Upadhyaya, Kamna Jethmalani, Sneha Ullal. Released in: 2013."
Balupu,Gopichand Malineni,"Ravi Teja, Shruthi Hassan, Anjali, Prakash Raj, Adivi Sesh, Ashutosh Rana, Brahmanandam",2013,Telugu,"Movie Title: Balupu. Directed by: Gopichand Malineni. Starring: Ravi Teja, Shruthi Hassan, Anjali, Prakash Raj, Adivi Sesh, Ashutosh Rana, Brahmanandam. Released in: 2013."
Moksha,Srikanth Vemulapalli,"Meera Jasmine, Rajeev Mohan, Disha Pandey, Nassar",2013,Telugu,"Movie Title: Moksha. Directed by: Srikanth Vemulapalli. Starring: Meera Jasmine, Rajeev Mohan, Disha Pandey, Nassar. Released in: 2013."
Oh My Love,M J Reddy,"Raja, Nisha",2013,Telugu,"Movie Title: Oh My Love. Directed by: M J Reddy. Starring: Raja, Nisha. Released in: 2013."
Mallela Theeram Lo Sirimalle Puvvu,GV Rama Raju,"Kranthi, Sri Divya, Jorge",2013,Telugu,"Movie Title: Mallela Theeram Lo Sirimalle Puvvu. Directed by: GV Rama Raju. Starring: Kranthi, Sri Divya, Jorge. Released in: 2013."
Operation Duryodhana 2,Nandam Srinivasa Rao,"Jagapathi Babu, Posani Krishna Murali, Rao Ramesh, Vijayachander",2013,Telugu,"Movie Title: Operation Duryodhana 2. Directed by: Nandam Srinivasa Rao. Starring: Jagapathi Babu, Posani Krishna Murali, Rao Ramesh, Vijayachander. Released in: 2013."
Love Touch,Sri Chand,"Jayanth, Dhruthi",2013,Telugu,"Movie Title: Love Touch. Directed by: Sri Chand. Starring: Jayanth, Dhruthi. Released in: 2013."
Manasichanu,Pramod Kumar,"Ravi Teja, Manichandana",2000,Telugu,"Movie Title: Manasichanu. Directed by: Pramod Kumar. Starring: Ravi Teja, Manichandana. Released in: 2000."
Tadakha,Kishore Kumar Pardasani,"Naga Chaitanya, Tamannaah, Sunil, Andrea Jeremiah",2013,Telugu,"Movie Title: Tadakha. Directed by: Kishore Kumar Pardasani. Starring: Naga Chaitanya, Tamannaah, Sunil, Andrea Jeremiah. Released in: 2013."
Greeku Veerudu,Kondapalli Dasaradh Kumar,"Nagarjuna, Nayantara",2013,Telugu,"Movie Title: Greeku Veerudu. Directed by: Kondapalli Dasaradh Kumar. Starring: Nagarjuna, Nayantara. Released in: 2013."
3G Love,Govardhan Krishna,"Avinash, Neelima, Rao Ramesh, Prabhas Sreenu",2013,Telugu,"Movie Title: 3G Love. Directed by: Govardhan Krishna. Starring: Avinash, Neelima, Rao Ramesh, Prabhas Sreenu. Released in: 2013."
Backbench Student,Madhura Sreedhar Reddy,"Mahat Raghavendra, Piaa Bajpai, Archana Jose Kavi",2013,Telugu,"Movie Title: Backbench Student. Directed by: Madhura Sreedhar Reddy. Starring: Mahat Raghavendra, Piaa Bajpai, Archana Jose Kavi. Released in: 2013."
Rai Rai,Sudhir Raju,"Sri, Aksha",2013,Telugu,"Movie Title: Rai Rai. Directed by: Sudhir Raju. Starring: Sri, Aksha. Released in: 2013."
Bakara,CSR Krishnan,"Srihari, Pradeep, Yashika, Pawan, Brahmanandam",2013,Telugu,"Movie Title: Bakara. Directed by: CSR Krishnan. Starring: Srihari, Pradeep, Yashika, Pawan, Brahmanandam. Released in: 2013."
Swamy Satyananda,Madan Patel,"Ravi Chetan, Neha, Anku, Madan Patel",2013,Telugu,"Movie Title: Swamy Satyananda. Directed by: Madan Patel. Starring: Ravi Chetan, Neha, Anku, Madan Patel. Released in: 2013."
Swamy Ra Ra,Sudheer Varma,"Nikhil, Swati Reddy",2013,Telugu,"Movie Title: Swamy Ra Ra. Directed by: Sudheer Varma. Starring: Nikhil, Swati Reddy. Released in: 2013."
Priyathama Neevachata Kusalama,Trinadha Rao Nakkina,"Varun Sandesh, Hasika, Komal Jha",2013,Telugu,"Movie Title: Priyathama Neevachata Kusalama. Directed by: Trinadha Rao Nakkina. Starring: Varun Sandesh, Hasika, Komal Jha. Released in: 2013."
Aravind 2,Sekhar Suri,"Sri, Madhavi Latha, Srinivas Avasarala, Kamal Kamaraju, Adonica",2013,Telugu,"Movie Title: Aravind 2. Directed by: Sekhar Suri. Starring: Sri, Madhavi Latha, Srinivas Avasarala, Kamal Kamaraju, Adonica. Released in: 2013."
Jaffa,Vennela Kishore,"Brahmanandam, Ali (actor)",2013,Telugu,"Movie Title: Jaffa. Directed by: Vennela Kishore. Starring: Brahmanandam, Ali (actor). Released in: 2013."
Baadshah,Srinu Vaitla,"Jr. NTR, Kajal Aggarwal, Navdeep",2013,Telugu,"Movie Title: Baadshah. Directed by: Srinu Vaitla. Starring: Jr. NTR, Kajal Aggarwal, Navdeep. Released in: 2013."
Jai Sriram,Balaji N. Sai,"Uday Kiran, Reshma Rathod, Nagineedu, M. S. Narayana, Chalapathi Rao",2013,Telugu,"Movie Title: Jai Sriram. Directed by: Balaji N. Sai. Starring: Uday Kiran, Reshma Rathod, Nagineedu, M. S. Narayana, Chalapathi Rao. Released in: 2013."
Vasool Raja,Karthika Gopalakrishnan,"Navdeep, Srihari, Ritu Barmecha, Sathyam Rajesh",2013,Telugu,"Movie Title: Vasool Raja. Directed by: Karthika Gopalakrishnan. Starring: Navdeep, Srihari, Ritu Barmecha, Sathyam Rajesh. Released in: 2013."
Gunde Jaari Gallanthayyinde,Vijay Kumar Konda,"Nitin, Nithya Menen, Isha Talwar, Ali",2013,Telugu,"Movie Title: Gunde Jaari Gallanthayyinde. Directed by: Vijay Kumar Konda. Starring: Nitin, Nithya Menen, Isha Talwar, Ali. Released in: 2013."
Gouravam,Radha Mohan,"Allu Sirish, Yami Gautam, Prakash Raj, Nassar, Harish Uthaman",2013,Telugu,"Movie Title: Gouravam. Directed by: Radha Mohan. Starring: Allu Sirish, Yami Gautam, Prakash Raj, Nassar, Harish Uthaman. Released in: 2013."
Shadow,Meher Ramesh,"Venkatesh, Tapsee, Srikanth, Madhurima",2013,Telugu,"Movie Title: Shadow. Directed by: Meher Ramesh. Starring: Venkatesh, Tapsee, Srikanth, Madhurima. Released in: 2013."
Gully Dada,Shashikanth,"Radhika Rathod, Aakash Reddy",2013,Telugu,"Movie Title: Gully Dada. Directed by: Shashikanth. Starring: Radhika Rathod, Aakash Reddy. Released in: 2013."
Vyjayanthi,K S Nageswara Rao,"Vijayashanti, Babloo Prithviraj",2000,Telugu,"Movie Title: Vyjayanthi. Directed by: K S Nageswara Rao. Starring: Vijayashanti, Babloo Prithviraj. Released in: 2000."
February 14th Necklace Road,Seenu,"Suman, Bhanupriya",2000,Telugu,"Movie Title: February 14th Necklace Road. Directed by: Seenu. Starring: Suman, Bhanupriya. Released in: 2000."
Swati I Love You,Santosh Parlawar,"Santosh Parlawar, Lasya",2012,Telugu,"Movie Title: Swati I Love You. Directed by: Santosh Parlawar. Starring: Santosh Parlawar, Lasya. Released in: 2012."
Disco,Hari K Chanduri,"Nikhil Siddharth, Sara Sharma, M. S. Narayana",2012,Telugu,"Movie Title: Disco. Directed by: Hari K Chanduri. Starring: Nikhil Siddharth, Sara Sharma, M. S. Narayana. Released in: 2012."
Nuvvekkadunte Nenakkadunta,Subha Selvam,"Uday Kiran, Shweta Basu Prasad, Brahmanandam",2012,Telugu,"Movie Title: Nuvvekkadunte Nenakkadunta. Directed by: Subha Selvam. Starring: Uday Kiran, Shweta Basu Prasad, Brahmanandam. Released in: 2012."
Maa Oorilo Okasari Emi Jarigindante,Chandu,"Kuntal, Sree Siri",2012,Telugu,"Movie Title: Maa Oorilo Okasari Emi Jarigindante. Directed by: Chandu. Starring: Kuntal, Sree Siri. Released in: 2012."
Kurkure,Junaid,"Duvvasi Mohan, Bhuvaneshwari",2008,Telugu,"Movie Title: Kurkure. Directed by: Junaid. Starring: Duvvasi Mohan, Bhuvaneshwari. Released in: 2008."
Dammu,Boyapati Srinu,"Jr. NTR, Trisha Krishnan, Karthika, Bhanupriya",2012,Telugu,"Movie Title: Dammu. Directed by: Boyapati Srinu. Starring: Jr. NTR, Trisha Krishnan, Karthika, Bhanupriya. Released in: 2012."
Gabbar Singh,Harish Shankar,"Pawan Kalyan, Shruti Haasan, Abhimanyu Singh, Suhasini Maniratnam",2012,Telugu,"Movie Title: Gabbar Singh. Directed by: Harish Shankar. Starring: Pawan Kalyan, Shruti Haasan, Abhimanyu Singh, Suhasini Maniratnam. Released in: 2012."
Sashesam,Sri Kishore,"Vikram Shekar, Supriya",2012,Telugu,"Movie Title: Sashesam. Directed by: Sri Kishore. Starring: Vikram Shekar, Supriya. Released in: 2012."
Guruvaram,Vighna Vinayak,"Rami Reddy, Suman, Annapoorna, Babu Mohan, Uttej",2012,Telugu,"Movie Title: Guruvaram. Directed by: Vighna Vinayak. Starring: Rami Reddy, Suman, Annapoorna, Babu Mohan, Uttej. Released in: 2012."
Daruvu,Siva,"Ravi Teja, Taapsee Pannu, Prabhu",2012,Telugu,"Movie Title: Daruvu. Directed by: Siva. Starring: Ravi Teja, Taapsee Pannu, Prabhu. Released in: 2012."
Yadartha Prema Katha,Charan Raj,"Amar, Chiri, Suman Setty, Charan Raj",2012,Telugu,"Movie Title: Yadartha Prema Katha. Directed by: Charan Raj. Starring: Amar, Chiri, Suman Setty, Charan Raj. Released in: 2012."
Adhinayakudu,Parachuri Murali,"Nandamuri Balakrishna, Lakshmi Rai, Sukanya, Saloni Aswani",2012,Telugu,"Movie Title: Adhinayakudu. Directed by: Parachuri Murali. Starring: Nandamuri Balakrishna, Lakshmi Rai, Sukanya, Saloni Aswani. Released in: 2012."
Endukante... Premanta!,A. Karunakaran,"Ram, Tamannaah, Richard Rishi, Suman, Sayaji Shinde",2012,Telugu,"Movie Title: Endukante... Premanta!. Directed by: A. Karunakaran. Starring: Ram, Tamannaah, Richard Rishi, Suman, Sayaji Shinde. Released in: 2012."
Gandharvulu,Gopal G. Perumall,"Sunitha setty, Dhana, Swetha Nair",2012,Telugu,"Movie Title: Gandharvulu. Directed by: Gopal G. Perumall. Starring: Sunitha setty, Dhana, Swetha Nair. Released in: 2012."
Naalo Nenu,P. S. Reddy,"Sampath Raj, Rohit, Sri",2012,Telugu,"Movie Title: Naalo Nenu. Directed by: P. S. Reddy. Starring: Sampath Raj, Rohit, Sri. Released in: 2012."
Oka Romantic Crime Katha,Sunil Kumar Reddy,"Nandam, Sai Anil, Gayatri, Divya Swapna",2012,Telugu,"Movie Title: Oka Romantic Crime Katha. Directed by: Sunil Kumar Reddy. Starring: Nandam, Sai Anil, Gayatri, Divya Swapna. Released in: 2012."
Friends Book,R. P. Patnaik,"Nischal, Uday, Archana Sharma, Nisha Shetty, Rao Ramesh, Chalapathi Rao",2012,Telugu,"Movie Title: Friends Book. Directed by: R. P. Patnaik. Starring: Nischal, Uday, Archana Sharma, Nisha Shetty, Rao Ramesh, Chalapathi Rao. Released in: 2012."
Maa Abbai Engineering Student,Srinivas Guttula,"Naga Siddhartha, Radhika",2012,Telugu,"Movie Title: Maa Abbai Engineering Student. Directed by: Srinivas Guttula. Starring: Naga Siddhartha, Radhika. Released in: 2012."
Devasthanam,Janardhana Maharshi,"K. Viswanath, S. P. Balasubrahmanyam, Aamani, Kovai Sarala",2012,Telugu,"Movie Title: Devasthanam. Directed by: Janardhana Maharshi. Starring: K. Viswanath, S. P. Balasubrahmanyam, Aamani, Kovai Sarala. Released in: 2012."
Rachcha,Sampath Nandi,"Ram Charan Teja, Tamanna Bhatia",2012,Telugu,"Movie Title: Rachcha. Directed by: Sampath Nandi. Starring: Ram Charan Teja, Tamanna Bhatia. Released in: 2012."
Poola Rangadu,Veerabhadram,"Sunil, Isha Chawla, Kota Srinivasa Rao",2012,Telugu,"Movie Title: Poola Rangadu. Directed by: Veerabhadram. Starring: Sunil, Isha Chawla, Kota Srinivasa Rao. Released in: 2012."
Ishq,Vikram Kumar,"Nitin Reddy, Nithya Menon, Sindhu Tolani",2012,Telugu,"Movie Title: Ishq. Directed by: Vikram Kumar. Starring: Nitin Reddy, Nithya Menon, Sindhu Tolani. Released in: 2012."
My Heart is Beating,Arun Rudra Kiran Meegada,"Revanth, Rajitha, Rajasekhar, Srini Kolla",2012,Telugu,"Movie Title: My Heart is Beating. Directed by: Arun Rudra Kiran Meegada. Starring: Revanth, Rajitha, Rajasekhar, Srini Kolla. Released in: 2012."
10th Class Lo,B. S. Raju,"Sai Srinivas, Shipra Gaur",2012,Telugu,"Movie Title: 10th Class Lo. Directed by: B. S. Raju. Starring: Sai Srinivas, Shipra Gaur. Released in: 2012."
Mr. Nookayya,Ani Kanneganti,"Manoj Manchu, Kriti Kharbanda, Sana Khan",2012,Telugu,"Movie Title: Mr. Nookayya. Directed by: Ani Kanneganti. Starring: Manoj Manchu, Kriti Kharbanda, Sana Khan. Released in: 2012."
Kulu Manali,Vignesha Satish,"Vimala Raman, Krishnudu, Shashank, Archana, Samiksha",2012,Telugu,"Movie Title: Kulu Manali. Directed by: Vignesha Satish. Starring: Vimala Raman, Krishnudu, Shashank, Archana, Samiksha. Released in: 2012."
Nanda Nanditha,Ramshiva,"Surya Pratap, Meghana Raj, Hemachandran, Nassar",2012,Telugu,"Movie Title: Nanda Nanditha. Directed by: Ramshiva. Starring: Surya Pratap, Meghana Raj, Hemachandran, Nassar. Released in: 2012."
Nuvva Nena,P. Narayana,"Allari Naresh, Sharvanand, Shriya Saran, Vimala Raman",2012,Telugu,"Movie Title: Nuvva Nena. Directed by: P. Narayana. Starring: Allari Naresh, Sharvanand, Shriya Saran, Vimala Raman. Released in: 2012."
Prema Pilustondi,Ajay Nathani,"Balu, Sindhu Menon",2012,Telugu,"Movie Title: Prema Pilustondi. Directed by: Ajay Nathani. Starring: Balu, Sindhu Menon. Released in: 2012."
Ding Dong Bell,Madhusudan Reddy,"Krishnudu, Shweta Prasad, Bhanu Sri Mehra, Sumit Arora",2012,Telugu,"Movie Title: Ding Dong Bell. Directed by: Madhusudan Reddy. Starring: Krishnudu, Shweta Prasad, Bhanu Sri Mehra, Sumit Arora. Released in: 2012."
Naa Ishtam,Prakash Toleti,"Rana Daggubati, Genelia D'Souza",2012,Telugu,"Movie Title: Naa Ishtam. Directed by: Prakash Toleti. Starring: Rana Daggubati, Genelia D'Souza. Released in: 2012."
Ee Rojullo,Maruthi,"Srinivas, Reshma",2012,Telugu,"Movie Title: Ee Rojullo. Directed by: Maruthi. Starring: Srinivas, Reshma. Released in: 2012."
Seeta Weds Sriram,P.S.L,"Krishna, Chandra Mohan, Uttej",2012,Telugu,"Movie Title: Seeta Weds Sriram. Directed by: P.S.L. Starring: Krishna, Chandra Mohan, Uttej. Released in: 2012."
Lovely,B. Jaya,"Aadi, Shanvi",2012,Telugu,"Movie Title: Lovely. Directed by: B. Jaya. Starring: Aadi, Shanvi. Released in: 2012."
Balaraju Aadi Bammardi,Rama Krishna,"Aryan Rajesh, Srihari, Shraddha Arya",2012,Telugu,"Movie Title: Balaraju Aadi Bammardi. Directed by: Rama Krishna. Starring: Aryan Rajesh, Srihari, Shraddha Arya. Released in: 2012."
Neeku Naaku Dash Dash,Teja,"Prince, Nandita, Teertha, Tanikella Bharani, Banerjee",2012,Telugu,"Movie Title: Neeku Naaku Dash Dash. Directed by: Teja. Starring: Prince, Nandita, Teertha, Tanikella Bharani, Banerjee. Released in: 2012."
Sahasam,Chandra Sekhar Yeleti,"Gopichand, Taapsee Pannu, Shakti Kapoor, Suman, Ali",2013,Telugu,"Movie Title: Sahasam. Directed by: Chandra Sekhar Yeleti. Starring: Gopichand, Taapsee Pannu, Shakti Kapoor, Suman, Ali. Released in: 2013."
Mem Vayasuku Vacham,Trinadha Rao Nakkina,"Tanish, Neeti Taylor, Rama Prabha, Mahabub Bhasha",2012,Telugu,"Movie Title: Mem Vayasuku Vacham. Directed by: Trinadha Rao Nakkina. Starring: Tanish, Neeti Taylor, Rama Prabha, Mahabub Bhasha. Released in: 2012."
Eega,S. S. Rajamouli,"Nani, Samantha, Sudeep",2012,Telugu,"Movie Title: Eega. Directed by: S. S. Rajamouli. Starring: Nani, Samantha, Sudeep. Released in: 2012."
Cameraman Gangatho Rambabu,Puri Jagannadh,"Pawan Kalyan, Tamannaah",2012,Telugu,"Movie Title: Cameraman Gangatho Rambabu. Directed by: Puri Jagannadh. Starring: Pawan Kalyan, Tamannaah. Released in: 2012."
Denikaina Ready,G.Nageswara Reddy,"Vishnu Manchu, Hansika Motwani, Brahmanandam, Roja",2012,Telugu,"Movie Title: Denikaina Ready. Directed by: G.Nageswara Reddy. Starring: Vishnu Manchu, Hansika Motwani, Brahmanandam, Roja. Released in: 2012."
Dream,Bhavani Shankar K,"Rajendra Prasad, Pavani Reddy, Jayashree, Deepti",2012,Telugu,"Movie Title: Dream. Directed by: Bhavani Shankar K. Starring: Rajendra Prasad, Pavani Reddy, Jayashree, Deepti. Released in: 2012."
6,Srikanth Lingode,"Jagapati Babu, Gayatri Iyer, Satyam Rajesh",2012,Telugu,"Movie Title: 6. Directed by: Srikanth Lingode. Starring: Jagapati Babu, Gayatri Iyer, Satyam Rajesh. Released in: 2012."
Lucky,Hari,"Srikanth, Meghana Raj, Jayasudha, Roja, Brahmanandam",2012,Telugu,"Movie Title: Lucky. Directed by: Hari. Starring: Srikanth, Meghana Raj, Jayasudha, Roja, Brahmanandam. Released in: 2012."
Bus Stop,Maruthi,"Prince Cecil, Sri Divya, Hasika, Rao Ramesh",2012,Telugu,"Movie Title: Bus Stop. Directed by: Maruthi. Starring: Prince Cecil, Sri Divya, Hasika, Rao Ramesh. Released in: 2012."
Yuganiki Okka Premikudu,Akash,"Akash, Shweta Basu Prasad, Kota Srinivasa Rao",2012,Telugu,"Movie Title: Yuganiki Okka Premikudu. Directed by: Akash. Starring: Akash, Shweta Basu Prasad, Kota Srinivasa Rao. Released in: 2012."
Sri Vasavi Vaibhavam,Udaya Bhaskar,"Meena, Suhasini, Suman, Sai Kiran",2012,Telugu,"Movie Title: Sri Vasavi Vaibhavam. Directed by: Udaya Bhaskar. Starring: Meena, Suhasini, Suman, Sai Kiran. Released in: 2012."
Damarukam,Srinivasa Reddy,"Nagarjuna, Anushka Shetty, Panchi Bora, Prakash Raj",2012,Telugu,"Movie Title: Damarukam. Directed by: Srinivasa Reddy. Starring: Nagarjuna, Anushka Shetty, Panchi Bora, Prakash Raj. Released in: 2012."
Routine Love Story,Praveen Sattaru,"Sundeep Kishan, Regina Cassandra, M. S. Narayana, Vennela Kishore",2012,Telugu,"Movie Title: Routine Love Story. Directed by: Praveen Sattaru. Starring: Sundeep Kishan, Regina Cassandra, M. S. Narayana, Vennela Kishore. Released in: 2012."
Krishnam Vande Jagadgurum,Krish,"Rana Daggubati, Nayantara, Kota Srinivasa Rao, Posani Krishna Murali, L.B. Sriram",2012,Telugu,"Movie Title: Krishnam Vande Jagadgurum. Directed by: Krish. Starring: Rana Daggubati, Nayantara, Kota Srinivasa Rao, Posani Krishna Murali, L.B. Sriram. Released in: 2012."
Mythri,Surya Raju,"Navdeep, Sadha, Brahmanandam, Uttej",2012,Telugu,"Movie Title: Mythri. Directed by: Surya Raju. Starring: Navdeep, Sadha, Brahmanandam, Uttej. Released in: 2012."
Chanakyudu,G. Srinivas,"Tanish, Ishitha, Kota Srinivasa Rao, Chandra Mohan",2012,Telugu,"Movie Title: Chanakyudu. Directed by: G. Srinivas. Starring: Tanish, Ishitha, Kota Srinivasa Rao, Chandra Mohan. Released in: 2012."
Devaraya,Nani Krishna,"Srikanth, Meenakshi Dixit, Vidisha, Jaya Prakash Reddy",2012,Telugu,"Movie Title: Devaraya. Directed by: Nani Krishna. Starring: Srikanth, Meenakshi Dixit, Vidisha, Jaya Prakash Reddy. Released in: 2012."
Chaduvukovali,Venkateswara Rao Maddali,"Seetha, Baby Annie, Kota Shankar Rao",2012,Telugu,"Movie Title: Chaduvukovali. Directed by: Venkateswara Rao Maddali. Starring: Seetha, Baby Annie, Kota Shankar Rao. Released in: 2012."
Railway Station,Krishna Maya,"Shiva, Sandeep, Jayanth, Shravani",2012,Telugu,"Movie Title: Railway Station. Directed by: Krishna Maya. Starring: Shiva, Sandeep, Jayanth, Shravani. Released in: 2012."
All the Best,J. D. Chakravarthy,"Srikanth, J. D. Chakravarthy, Lucky Sharma, Kota Srinivasa Rao, Brahmanandam",2012,Telugu,"Movie Title: All the Best. Directed by: J. D. Chakravarthy. Starring: Srikanth, J. D. Chakravarthy, Lucky Sharma, Kota Srinivasa Rao, Brahmanandam. Released in: 2012."
Sorry Teacher,Sri Satya,"Kavya Singh, Aryaman",2012,Telugu,"Movie Title: Sorry Teacher. Directed by: Sri Satya. Starring: Kavya Singh, Aryaman. Released in: 2012."
Rebel,Raghava Lawrence,"Prabhas, Tamannaah, Deeksha Seth, Krishnam Raju, Brahmanandam",2012,Telugu,"Movie Title: Rebel. Directed by: Raghava Lawrence. Starring: Prabhas, Tamannaah, Deeksha Seth, Krishnam Raju, Brahmanandam. Released in: 2012."
Tuneega Tuneega,M. S. Raju,"Sumanth Ashwin, Rhea Chakraborty",2012,Telugu,"Movie Title: Tuneega Tuneega. Directed by: M. S. Raju. Starring: Sumanth Ashwin, Rhea Chakraborty. Released in: 2012."
Uu Kodathara? Ulikki Padathara?,Sekhar Raja,"Nandamuri Balakrishna, Manoj Manchu, Deeksha Seth, Lakshmi Manchu, Sonu Sood",2012,Telugu,"Movie Title: Uu Kodathara? Ulikki Padathara?. Directed by: Sekhar Raja. Starring: Nandamuri Balakrishna, Manoj Manchu, Deeksha Seth, Lakshmi Manchu, Sonu Sood. Released in: 2012."
Onamalu,Kranthi Madhav,"Rajendra Prasad, Kalyani",2012,Telugu,"Movie Title: Onamalu. Directed by: Kranthi Madhav. Starring: Rajendra Prasad, Kalyani. Released in: 2012."
Mr. 7,S.R. Charan Reddy,"Jr. SVR, Neelam Upadhyay, M. S. Narayana, Srinivasa Reddy",2012,Telugu,"Movie Title: Mr. 7. Directed by: S.R. Charan Reddy. Starring: Jr. SVR, Neelam Upadhyay, M. S. Narayana, Srinivasa Reddy. Released in: 2012."
Julayi,Trivikram Srinivas,"Allu Arjun, Ileana D'Cruz, Sonu Sood, Rajendra Prasad",2012,Telugu,"Movie Title: Julayi. Directed by: Trivikram Srinivas. Starring: Allu Arjun, Ileana D'Cruz, Sonu Sood, Rajendra Prasad. Released in: 2012."
Andala Rakshasi,Hanu Raghavapudi,"Naveen Chandra, Rahul Ravindran, Lavanya Tripathi",2012,Telugu,"Movie Title: Andala Rakshasi. Directed by: Hanu Raghavapudi. Starring: Naveen Chandra, Rahul Ravindran, Lavanya Tripathi. Released in: 2012."
Devudu Chesina Manushulu,Puri Jagannadh,"Ravi Teja, Ileana D'Cruz, Prakash Raj, Bramhanandam",2012,Telugu,"Movie Title: Devudu Chesina Manushulu. Directed by: Puri Jagannadh. Starring: Ravi Teja, Ileana D'Cruz, Prakash Raj, Bramhanandam. Released in: 2012."
Sudigadu,Bhimaneni Srinivasa Rao,"Allari Naresh, Monal Gajjar, Brahmanandam, Ali, M. S. Narayana",2012,Telugu,"Movie Title: Sudigadu. Directed by: Bhimaneni Srinivasa Rao. Starring: Allari Naresh, Monal Gajjar, Brahmanandam, Ali, M. S. Narayana. Released in: 2012."
Srimannarayana,Ravi Chavali,"Nandamuri Balakrishna, Parvati Melton, Isha Chawla",2012,Telugu,"Movie Title: Srimannarayana. Directed by: Ravi Chavali. Starring: Nandamuri Balakrishna, Parvati Melton, Isha Chawla. Released in: 2012."
Shirdi Sai,K. Raghavendra Rao,"Nagarjuna, Srikanth, Kamalinee Mukherjee",2012,Telugu,"Movie Title: Shirdi Sai. Directed by: K. Raghavendra Rao. Starring: Nagarjuna, Srikanth, Kamalinee Mukherjee. Released in: 2012."
Life Is Beautiful,Sekhar Kammula,"Shriya Saran, Amala, Anjala Zaveri, Naveen Polishetty, Abhijeet, Sudhakar, Kaushik, Zara, Rashmi, Kavya",2012,Telugu,"Movie Title: Life Is Beautiful. Directed by: Sekhar Kammula. Starring: Shriya Saran, Amala, Anjala Zaveri, Naveen Polishetty, Abhijeet, Sudhakar, Kaushik, Zara, Rashmi, Kavya. Released in: 2012."
People's War,R. Narayana Murthy,"R. Narayana Murthy, Srihari, Posani Krishna Murali",2012,Telugu,"Movie Title: People's War. Directed by: R. Narayana Murthy. Starring: R. Narayana Murthy, Srihari, Posani Krishna Murali. Released in: 2012."
Vennela 1 1/2,Vennela Kishore,"Chaitanya Krishna, Monal Gajjar, Vennela Kishore, Brahmanandam",2012,Telugu,"Movie Title: Vennela 1 1/2. Directed by: Vennela Kishore. Starring: Chaitanya Krishna, Monal Gajjar, Vennela Kishore, Brahmanandam. Released in: 2012."
Avunu,Ravi Babu,"Poorna, Harshavardhan Rane, Ravi Babu",2012,Telugu,"Movie Title: Avunu. Directed by: Ravi Babu. Starring: Poorna, Harshavardhan Rane, Ravi Babu. Released in: 2012."
Em Babu Laddu Kavala,Gandhi Manohar,"Sivaji, Rachana Maurya, Aditi Agarwal, M. S. Narayana, Jeeva",2012,Telugu,"Movie Title: Em Babu Laddu Kavala. Directed by: Gandhi Manohar. Starring: Sivaji, Rachana Maurya, Aditi Agarwal, M. S. Narayana, Jeeva. Released in: 2012."
Housefull,Ajay Bhuyan,"Vipin, Gowri Pandit, Vega, Ali, Jeeva",2012,Telugu,"Movie Title: Housefull. Directed by: Ajay Bhuyan. Starring: Vipin, Gowri Pandit, Vega, Ali, Jeeva. Released in: 2012."
Nippu,Gunasekhar,"Ravi Teja, Deeksha Seth",2012,Telugu,"Movie Title: Nippu. Directed by: Gunasekhar. Starring: Ravi Teja, Deeksha Seth. Released in: 2012."
Pelli Pustakam,Ramakrishna Machakanti,"Rahul, Neethi Taylor",2013,Telugu,"Movie Title: Pelli Pustakam. Directed by: Ramakrishna Machakanti. Starring: Rahul, Neethi Taylor. Released in: 2013."
Kevvu Keka,Devi Prasad,"Allari Naresh, Sharmila Mandre",2013,Telugu,"Movie Title: Kevvu Keka. Directed by: Devi Prasad. Starring: Allari Naresh, Sharmila Mandre. Released in: 2013."
Hrudaya Kaleyam (Re-released),Steven Shankar,"Sampoornesh Babu, Ishika Singh, Kavya Kumari",2014,Telugu,"Movie Title: Hrudaya Kaleyam (Re-released). Directed by: Steven Shankar. Starring: Sampoornesh Babu, Ishika Singh, Kavya Kumari. Released in: 2014."
April Fool,Krishnaswamy Srikanth Iyengar,"Jagapati Babu, Bhoomika Chawla, Gulshan Grover, Randhir Reddy",2014,Telugu,"Movie Title: April Fool. Directed by: Krishnaswamy Srikanth Iyengar. Starring: Jagapati Babu, Bhoomika Chawla, Gulshan Grover, Randhir Reddy. Released in: 2014."
Pyar Mein Padipoyane,Ravi Kumar Chavali,"Aadi, Shanvi Srivastava",2014,Telugu,"Movie Title: Pyar Mein Padipoyane. Directed by: Ravi Kumar Chavali. Starring: Aadi, Shanvi Srivastava. Released in: 2014."
Amrutham Chandamamalo,Gunnam Gangaraju,"Srinivas Avasarala, Harish, Vasu Inturi, Sivanarayana, Dhanya Balakrishna, Suchitra",2014,Telugu,"Movie Title: Amrutham Chandamamalo. Directed by: Gunnam Gangaraju. Starring: Srinivas Avasarala, Harish, Vasu Inturi, Sivanarayana, Dhanya Balakrishna, Suchitra. Released in: 2014."
Manam,Vikram Kumar,"Akkineni Nageswara Rao, Nagarjuna, Akkineni Naga Chaitanya, Shriya Saran, Samantha",2014,Telugu,"Movie Title: Manam. Directed by: Vikram Kumar. Starring: Akkineni Nageswara Rao, Nagarjuna, Akkineni Naga Chaitanya, Shriya Saran, Samantha. Released in: 2014."
Green Signal,Vijay Maddhala,"Revanth, Shilpi Sharma",2014,Telugu,"Movie Title: Green Signal. Directed by: Vijay Maddhala. Starring: Revanth, Shilpi Sharma. Released in: 2014."
Kotha Janta,Maruthi,"Allu Sirish, Regina Cassandra, Posani Krishna Murali, Rao Ramesh",2014,Telugu,"Movie Title: Kotha Janta. Directed by: Maruthi. Starring: Allu Sirish, Regina Cassandra, Posani Krishna Murali, Rao Ramesh. Released in: 2014."
Prema Geema Jantha Nai,Subbu R. V.,"Sreeram Chandra, Mannara Chopra, Chalapathi Rao, Bhanuchander",2014,Telugu,"Movie Title: Prema Geema Jantha Nai. Directed by: Subbu R. V.. Starring: Sreeram Chandra, Mannara Chopra, Chalapathi Rao, Bhanuchander. Released in: 2014."
Ulavacharu Biryani,Prakash Raj,"Prakash Raj, Sneha, Urvashi, Samyuktha Horanadu",2014,Telugu,"Movie Title: Ulavacharu Biryani. Directed by: Prakash Raj. Starring: Prakash Raj, Sneha, Urvashi, Samyuktha Horanadu. Released in: 2014."
Veedu Chaala Worst,Venkat Pampana,"Taraka Ratna, Nandan, Neeraj, Swapna",2014,Telugu,"Movie Title: Veedu Chaala Worst. Directed by: Venkat Pampana. Starring: Taraka Ratna, Nandan, Neeraj, Swapna. Released in: 2014."
Jump Jilani,E. Satti Babu,"Allari Naresh, Isha Chawla, Swathi Deekshith, Posani Krishna Murali, Raghu Babu",2014,Telugu,"Movie Title: Jump Jilani. Directed by: E. Satti Babu. Starring: Allari Naresh, Isha Chawla, Swathi Deekshith, Posani Krishna Murali, Raghu Babu. Released in: 2014."
Jabilli Kosam Akasamalle,Raj Narendra,"Sri Hari, Anoop Tej, Smrithika Acharya",2014,Telugu,"Movie Title: Jabilli Kosam Akasamalle. Directed by: Raj Narendra. Starring: Sri Hari, Anoop Tej, Smrithika Acharya. Released in: 2014."
Oohalu Gusagusalade,Srinivas Avasarala,"Naga Shourya, Rashi Khanna",2014,Telugu,"Movie Title: Oohalu Gusagusalade. Directed by: Srinivas Avasarala. Starring: Naga Shourya, Rashi Khanna. Released in: 2014."
Maine Pyar Kiya,Pradeep Madugula,"Pradeep Ryan, Isha Talwar, Madhumitha",2014,Telugu,"Movie Title: Maine Pyar Kiya. Directed by: Pradeep Madugula. Starring: Pradeep Ryan, Isha Talwar, Madhumitha. Released in: 2014."
Kamalatho Naa Prayanam,Narasimha Nandi,"Sivaji, Archana Veda Sastry",2014,Telugu,"Movie Title: Kamalatho Naa Prayanam. Directed by: Narasimha Nandi. Starring: Sivaji, Archana Veda Sastry. Released in: 2014."
Anaamika,Sekhar Kammula,"Nayantara, Vaibhav Reddy, Pasupathy",2014,Telugu,"Movie Title: Anaamika. Directed by: Sekhar Kammula. Starring: Nayantara, Vaibhav Reddy, Pasupathy. Released in: 2014."
Galata,Krishna,"Srinivas, Haripriya, Saikumar, Nagendra Babu, Ali",2014,Telugu,"Movie Title: Galata. Directed by: Krishna. Starring: Srinivas, Haripriya, Saikumar, Nagendra Babu, Ali. Released in: 2014."
Prathinidhi,Prashanth Mandava,"Nara Rohit, Shubra Aiyappa, Sree Vishnu, Kota Srinivasa Rao, Jaya Prakash Reddy, Posani Krishna Murali, Ravi Prakash",2014,Telugu,"Movie Title: Prathinidhi. Directed by: Prashanth Mandava. Starring: Nara Rohit, Shubra Aiyappa, Sree Vishnu, Kota Srinivasa Rao, Jaya Prakash Reddy, Posani Krishna Murali, Ravi Prakash. Released in: 2014."
Veta,Ashok Alle,"Tarun Kumar, Srikanth, Jasmin Bhasin, Madhurima",2014,Telugu,"Movie Title: Veta. Directed by: Ashok Alle. Starring: Tarun Kumar, Srikanth, Jasmin Bhasin, Madhurima. Released in: 2014."
Savior,Irene Thalluri,"Noel Sanjith, Siyona Sneha, Johnny Lever, Surya, Rama Prabha, Goutham Raj, Melkote",2014,Telugu,"Movie Title: Savior. Directed by: Irene Thalluri. Starring: Noel Sanjith, Siyona Sneha, Johnny Lever, Surya, Rama Prabha, Goutham Raj, Melkote. Released in: 2014."
Eduru Leni Alexander,Raja Reddy,"Taraka Ratna, Komal Jha, Kumkum",2014,Telugu,"Movie Title: Eduru Leni Alexander. Directed by: Raja Reddy. Starring: Taraka Ratna, Komal Jha, Kumkum. Released in: 2014."
Legend,Boyapati Srinu,"Nandamuri Balakrishna, Jagapathi Babu, Radhika Apte, Sonal Chauhan, Kalyani",2014,Telugu,"Movie Title: Legend. Directed by: Boyapati Srinu. Starring: Nandamuri Balakrishna, Jagapathi Babu, Radhika Apte, Sonal Chauhan, Kalyani. Released in: 2014."
Boy Meets Girl Tholiprema Katha,Vasanth Dayakar,"Siddharth, Nikkitha, Kanika Tiwari",2014,Telugu,"Movie Title: Boy Meets Girl Tholiprema Katha. Directed by: Vasanth Dayakar. Starring: Siddharth, Nikkitha, Kanika Tiwari. Released in: 2014."
Special Class,K. R. Venki,"Harish, Ananya Thakur, Vaibhav, Allari Subhashini",2014,Telugu,"Movie Title: Special Class. Directed by: K. R. Venki. Starring: Harish, Ananya Thakur, Vaibhav, Allari Subhashini. Released in: 2014."
Rowdy,Ram Gopal Varma,"Mohan Babu, Vishnu Manchu, Jayasudha, Shanvi",2014,Telugu,"Movie Title: Rowdy. Directed by: Ram Gopal Varma. Starring: Mohan Babu, Vishnu Manchu, Jayasudha, Shanvi. Released in: 2014."
Vichakshana,Deepak Nyathi,"Dheeraj, Padmini, Nandeeshwar Goud, Jayapradha, JayaLakshmi, Surender Goud, PadmaJayanthi, Mukesh, Rizwan, Dharmender",2014,Telugu,"Movie Title: Vichakshana. Directed by: Deepak Nyathi. Starring: Dheeraj, Padmini, Nandeeshwar Goud, Jayapradha, JayaLakshmi, Surender Goud, PadmaJayanthi, Mukesh, Rizwan, Dharmender. Released in: 2014."
Hrudaya Kaleyam,Steven Shankar,"Sampoornesh Babu, Ishika Singh, Kavya Kumari",2014,Telugu,"Movie Title: Hrudaya Kaleyam. Directed by: Steven Shankar. Starring: Sampoornesh Babu, Ishika Singh, Kavya Kumari. Released in: 2014."
Race Gurram,Surender Reddy,"Allu Arjun, Shruti Hassan, Shaam, Ravi Kishan, Prakash Raj, Mukesh Rishi, Brahmanandam",2014,Telugu,"Movie Title: Race Gurram. Directed by: Surender Reddy. Starring: Allu Arjun, Shruti Hassan, Shaam, Ravi Kishan, Prakash Raj, Mukesh Rishi, Brahmanandam. Released in: 2014."
Laddu Babu,Ravi Babu,"Allari Naresh, Poorna, Bhumika Chawla, Brahmanandam, M. S. Narayana, Ali",2014,Telugu,"Movie Title: Laddu Babu. Directed by: Ravi Babu. Starring: Allari Naresh, Poorna, Bhumika Chawla, Brahmanandam, M. S. Narayana, Ali. Released in: 2014."
Avatharam,Kodi Ramakrishna,"Richard Rishi, Radhika Kumaraswamy, Bhanupriya",2014,Telugu,"Movie Title: Avatharam. Directed by: Kodi Ramakrishna. Starring: Richard Rishi, Radhika Kumaraswamy, Bhanupriya. Released in: 2014."
Prathighatana,Tammareddy Bharadwaja,"Charmy Kaur, Reshma Rathore, Raghu Babu, Posani Krishna Murali, Krishna Bhagawan",2014,Telugu,"Movie Title: Prathighatana. Directed by: Tammareddy Bharadwaja. Starring: Charmy Kaur, Reshma Rathore, Raghu Babu, Posani Krishna Murali, Krishna Bhagawan. Released in: 2014."
Prabhanjanam,Bhaskara Rao Vendrati,"Ajmal Ameer, Sandesh, Aarushi, Panchi Bora, Nassar, Kota Srinivasa Rao",2014,Telugu,"Movie Title: Prabhanjanam. Directed by: Bhaskara Rao Vendrati. Starring: Ajmal Ameer, Sandesh, Aarushi, Panchi Bora, Nassar, Kota Srinivasa Rao. Released in: 2014."
Chandamama Kathalu,Praveen Sattaru,"Krishnudu, Lakshmi Manchu, Chaitanya, Saikumar, Naresh",2014,Telugu,"Movie Title: Chandamama Kathalu. Directed by: Praveen Sattaru. Starring: Krishnudu, Lakshmi Manchu, Chaitanya, Saikumar, Naresh. Released in: 2014."
Autonagar Surya,Deva Katta,"Naga Chaitanya, Samantha Ruth Prabhu, Saikumar",2014,Telugu,"Movie Title: Autonagar Surya. Directed by: Deva Katta. Starring: Naga Chaitanya, Samantha Ruth Prabhu, Saikumar. Released in: 2014."
Inka Emi Anukoleduu,Sreekara Babu,"Rahman, Deshpathi, Shreeraj, Archana",2014,Telugu,"Movie Title: Inka Emi Anukoleduu. Directed by: Sreekara Babu. Starring: Rahman, Deshpathi, Shreeraj, Archana. Released in: 2014."
Ra Ra... Krishnayya,Mahesh. P,"Sundeep Kishan, Jagapathi Babu, Regina Cassandra, Kalyani, Tanikella Bharani",2014,Telugu,"Movie Title: Ra Ra... Krishnayya. Directed by: Mahesh. P. Starring: Sundeep Kishan, Jagapathi Babu, Regina Cassandra, Kalyani, Tanikella Bharani. Released in: 2014."
Aa Aiduguru,Anil Gurudu,"Kranthi Kumar, Tanishq Reddy, Kranthi Reddy, Shashi, Krishna Teja",2014,Telugu,"Movie Title: Aa Aiduguru. Directed by: Anil Gurudu. Starring: Kranthi Kumar, Tanishq Reddy, Kranthi Reddy, Shashi, Krishna Teja. Released in: 2014."
Power,K. S. Ravindra,"Ravi Teja, Hansika, Regina Cassandra, Brahmanandam, Prakash Raj, Mukesh Rishi, Sampath Raj, Ajay, Subbaraju, Harish Uthaman",2014,Telugu,"Movie Title: Power. Directed by: K. S. Ravindra. Starring: Ravi Teja, Hansika, Regina Cassandra, Brahmanandam, Prakash Raj, Mukesh Rishi, Sampath Raj, Ajay, Subbaraju, Harish Uthaman. Released in: 2014."
Boy Friend Leni Ammayi Unda,Shiva Nagu,"Bhavani Agarwal, Mega Supreme, Kanchana Maitra",2014,Telugu,"Movie Title: Boy Friend Leni Ammayi Unda. Directed by: Shiva Nagu. Starring: Bhavani Agarwal, Mega Supreme, Kanchana Maitra. Released in: 2014."
Anukshanam,Ram Gopal Varma,"Vishnu Manchu, Navdeep, Tejaswi Madivada, Madhu Shalini, Revathi",2014,Telugu,"Movie Title: Anukshanam. Directed by: Ram Gopal Varma. Starring: Vishnu Manchu, Navdeep, Tejaswi Madivada, Madhu Shalini, Revathi. Released in: 2014."
Aagadu,Srinu Vaitla,"Mahesh Babu, Tamannaah, Sonu Sood, Rajendra Prasad, Ashish Vidyarthi, Nassar, Brahmanandam",2014,Telugu,"Movie Title: Aagadu. Directed by: Srinu Vaitla. Starring: Mahesh Babu, Tamannaah, Sonu Sood, Rajendra Prasad, Ashish Vidyarthi, Nassar, Brahmanandam. Released in: 2014."
Loukyam,Sriwass,"Gopichand, Rakul Preet Singh, Brahmanandam, Mukesh Rishi, Rahul Dev, Sampath Raj",2014,Telugu,"Movie Title: Loukyam. Directed by: Sriwass. Starring: Gopichand, Rakul Preet Singh, Brahmanandam, Mukesh Rishi, Rahul Dev, Sampath Raj. Released in: 2014."
Govindudu Andarivadele,Krishna Vamsi,"Ram Charan, Kajal Agarwal, Srikanth, Prakash Raj",2014,Telugu,"Movie Title: Govindudu Andarivadele. Directed by: Krishna Vamsi. Starring: Ram Charan, Kajal Agarwal, Srikanth, Prakash Raj. Released in: 2014."
Romeo,Gopi Ganesh,"Sairam Shankar, Adonika, Ravi Teja",2014,Telugu,"Movie Title: Romeo. Directed by: Gopi Ganesh. Starring: Sairam Shankar, Adonika, Ravi Teja. Released in: 2014."
Paathasala,Mahi V. Raghav,"Nandu, Anu, Priya, Sirisha, Sai Kiran, Shiva, Sashaank",2014,Telugu,"Movie Title: Paathasala. Directed by: Mahi V. Raghav. Starring: Nandu, Anu, Priya, Sirisha, Sai Kiran, Shiva, Sashaank. Released in: 2014."
Dikkulu Choodaku Ramayya,Trikoti,"Naga Shourya, Sana Makbul, Ajay, Indraja",2014,Telugu,"Movie Title: Dikkulu Choodaku Ramayya. Directed by: Trikoti. Starring: Naga Shourya, Sana Makbul, Ajay, Indraja. Released in: 2014."
Oka Laila Kosam,Vijay Kumar Konda,"Naga Chaitanya, Pooja Hegde",2014,Telugu,"Movie Title: Oka Laila Kosam. Directed by: Vijay Kumar Konda. Starring: Naga Chaitanya, Pooja Hegde. Released in: 2014."
Karthikeya,Chandoo Mondeti,"Nikhil Siddharth, Swati Reddy, Tanikella Bharani, Rao Ramesh, Kishore, Jayaprakash",2014,Telugu,"Movie Title: Karthikeya. Directed by: Chandoo Mondeti. Starring: Nikhil Siddharth, Swati Reddy, Tanikella Bharani, Rao Ramesh, Kishore, Jayaprakash. Released in: 2014."
Current Theega,Nageshwara Reddy,"Manchu Manoj, Rakul Preet Singh, Jagapati Babu",2014,Telugu,"Movie Title: Current Theega. Directed by: Nageshwara Reddy. Starring: Manchu Manoj, Rakul Preet Singh, Jagapati Babu. Released in: 2014."
Jaihind 2,Arjun Sarja,"Arjun Sarja, Simran Kapoor, Surveen Chawla, Rahul Dev",2014,Telugu,"Movie Title: Jaihind 2. Directed by: Arjun Sarja. Starring: Arjun Sarja, Simran Kapoor, Surveen Chawla, Rahul Dev. Released in: 2014."
Brother of Bommali,B. Chinni Krishna,"Allari Naresh, Karthika Nair",2014,Telugu,"Movie Title: Brother of Bommali. Directed by: B. Chinni Krishna. Starring: Allari Naresh, Karthika Nair. Released in: 2014."
Joru,Kumar Nagendra,"Sundeep Kishan, Rashi Khanna, Priya Banerjee, Brahmanandam, Sayaji Shinde",2014,Telugu,"Movie Title: Joru. Directed by: Kumar Nagendra. Starring: Sundeep Kishan, Rashi Khanna, Priya Banerjee, Brahmanandam, Sayaji Shinde. Released in: 2014."
Raj Mahal,Appaji Konda,"Suryanath, Sravan, Jeeva, Surya, Tarjan, Sandeepthi, Ria",2014,Telugu,"Movie Title: Raj Mahal. Directed by: Appaji Konda. Starring: Suryanath, Sravan, Jeeva, Surya, Tarjan, Sandeepthi, Ria. Released in: 2014."
Hrudayam Ekkadunnadi,Vi Anand,"Krishna Madhav, Anusha, Samskruthy Shenoy",2014,Telugu,"Movie Title: Hrudayam Ekkadunnadi. Directed by: Vi Anand. Starring: Krishna Madhav, Anusha, Samskruthy Shenoy. Released in: 2014."
Ganpati Bappa Morya,Ramu Kumar ASK,"Srinadh, Rajasekhar, Mallesh, Riteesh",2014,Telugu,"Movie Title: Ganpati Bappa Morya. Directed by: Ramu Kumar ASK. Starring: Srinadh, Rajasekhar, Mallesh, Riteesh. Released in: 2014."
Rabhasa,Santosh srinivas,"Jr. NTR, Samantha Ruth Prabhu, Pranitha Subhash, Brahmanandam, Sayaji Shinde",2014,Telugu,"Movie Title: Rabhasa. Directed by: Santosh srinivas. Starring: Jr. NTR, Samantha Ruth Prabhu, Pranitha Subhash, Brahmanandam, Sayaji Shinde. Released in: 2014."
Drushyam,Sripriya,"Venkatesh, Meena, Nadhiya, Naresh",2014,Telugu,"Movie Title: Drushyam. Directed by: Sripriya. Starring: Venkatesh, Meena, Nadhiya, Naresh. Released in: 2014."
Ice Cream,Ram Gopal Varma,"Navdeep, Tejaswi Madivada",2014,Telugu,"Movie Title: Ice Cream. Directed by: Ram Gopal Varma. Starring: Navdeep, Tejaswi Madivada. Released in: 2014."
Alludu Seenu,V.V. Vinayak,"Bellamkonda Sreenivas, Samantha, Prakash Raj, Pradeep Rawat, Brahmanandam",2014,Telugu,"Movie Title: Alludu Seenu. Directed by: V.V. Vinayak. Starring: Bellamkonda Sreenivas, Samantha, Prakash Raj, Pradeep Rawat, Brahmanandam. Released in: 2014."
Run Raja Run,Sujeeth,"Sharwanand, Seerat Kapoor, Adivi Sesh, Sampath Raj, Jayaprakash",2014,Telugu,"Movie Title: Run Raja Run. Directed by: Sujeeth. Starring: Sharwanand, Seerat Kapoor, Adivi Sesh, Sampath Raj, Jayaprakash. Released in: 2014."
Adavi Kaachina Vennela,Akki Vishwanadha Reddy,"Arvind Krishna, Meenakshi Dixit, Richard Rishi, Pooja Ramachandran",2014,Telugu,"Movie Title: Adavi Kaachina Vennela. Directed by: Akki Vishwanadha Reddy. Starring: Arvind Krishna, Meenakshi Dixit, Richard Rishi, Pooja Ramachandran. Released in: 2014."
Maaya,Neelakanta,"Harshvardhan Rane, Avanthika, Nagababu",2014,Telugu,"Movie Title: Maaya. Directed by: Neelakanta. Starring: Harshvardhan Rane, Avanthika, Nagababu. Released in: 2014."
Gallo Telinattunde,D. Venkat Suresh,"Ajay, Kousalya",2014,Telugu,"Movie Title: Gallo Telinattunde. Directed by: D. Venkat Suresh. Starring: Ajay, Kousalya. Released in: 2014."
Chatting,T.S.Kamal,"Abhinaya Krishna, Sunitha",2014,Telugu,"Movie Title: Chatting. Directed by: T.S.Kamal. Starring: Abhinaya Krishna, Sunitha. Released in: 2014."
Galipatam,Naveen Gandhi,"Aadi, Erica Fernandes, Kristina Akheeva",2014,Telugu,"Movie Title: Galipatam. Directed by: Naveen Gandhi. Starring: Aadi, Erica Fernandes, Kristina Akheeva. Released in: 2014."
Nuvvala Nenila,Trinadha Rao Nakkina,"Varun Sandesh, Poorna",2014,Telugu,"Movie Title: Nuvvala Nenila. Directed by: Trinadha Rao Nakkina. Starring: Varun Sandesh, Poorna. Released in: 2014."
Janmasthanam,Om Sai Prakash,"Sai Kumar, Roopika, Pavani",2014,Telugu,"Movie Title: Janmasthanam. Directed by: Om Sai Prakash. Starring: Sai Kumar, Roopika, Pavani. Released in: 2014."
Geethanjali,Raj Kiran,"Anjali, Brahmanandam, Srinivasa Reddy",2014,Telugu,"Movie Title: Geethanjali. Directed by: Raj Kiran. Starring: Anjali, Brahmanandam, Srinivasa Reddy. Released in: 2014."
Lovers,Harinath,"Sumanth Ashwin, Nanditha",2014,Telugu,"Movie Title: Lovers. Directed by: Harinath. Starring: Sumanth Ashwin, Nanditha. Released in: 2014."
Nee Jathaga Nenundali,Jaya Ravindra,"Sachiin J Joshi, Nazia Hussain, Rao Ramesh",2014,Telugu,"Movie Title: Nee Jathaga Nenundali. Directed by: Jaya Ravindra. Starring: Sachiin J Joshi, Nazia Hussain, Rao Ramesh. Released in: 2014."
Kiraak,Harik Devabhakthuni,"Aniruddh, Chandini Tamilarasan",2014,Telugu,"Movie Title: Kiraak. Directed by: Harik Devabhakthuni. Starring: Aniruddh, Chandini Tamilarasan. Released in: 2014."
Boochamma Boochodu,Revan Yadu,"Sivaji, Kainaz Motivala, Brahmanandam, Posani Krishna Murali",2014,Telugu,"Movie Title: Boochamma Boochodu. Directed by: Revan Yadu. Starring: Sivaji, Kainaz Motivala, Brahmanandam, Posani Krishna Murali. Released in: 2014."
Yuddham,Bharathi Ganesh,"Tarun Kumar, Yami Gautam, Srihari",2014,Telugu,"Movie Title: Yuddham. Directed by: Bharathi Ganesh. Starring: Tarun Kumar, Yami Gautam, Srihari. Released in: 2014."
Hang Up,Hyder Bilgrami,"Sudhakar Komakula, Natalie Rout",2014,Telugu,"Movie Title: Hang Up. Directed by: Hyder Bilgrami. Starring: Sudhakar Komakula, Natalie Rout. Released in: 2014."
To Let 4 Bachelors Only,Ramana Geddam,"Kiran, Kalyan, Bharadwaj, Madhu, Sirisha, Latha, Narasing",2014,Telugu,"Movie Title: To Let 4 Bachelors Only. Directed by: Ramana Geddam. Starring: Kiran, Kalyan, Bharadwaj, Madhu, Sirisha, Latha, Narasing. Released in: 2014."
Break Up,Amar Kamepalli,"Ranadhir Reddy, Swathi Dikshit, Suresh, Allari Subhashini, Harish",2013,Telugu,"Movie Title: Break Up. Directed by: Amar Kamepalli. Starring: Ranadhir Reddy, Swathi Dikshit, Suresh, Allari Subhashini, Harish. Released in: 2013."
Nirbhaya Bharatham,R. Narayana Murthy,"R. Narayana Murthy, Nancy Angel, Spandana, Amarendra, Arif",2013,Telugu,"Movie Title: Nirbhaya Bharatham. Directed by: R. Narayana Murthy. Starring: R. Narayana Murthy, Nancy Angel, Spandana, Amarendra, Arif. Released in: 2013."
Music Magic,Mantraakshar D. S.,"Rahul, Trinath, Kimaya, Henna Chopra",2013,Telugu,"Movie Title: Music Magic. Directed by: Mantraakshar D. S.. Starring: Rahul, Trinath, Kimaya, Henna Chopra. Released in: 2013."
Barrister Shankar Narayan,N. A. Thara,"Raj Kumar, Divya Prabha, Alia Trivedi, Lakshmi, M. S. Narayana",2013,Telugu,"Movie Title: Barrister Shankar Narayan. Directed by: N. A. Thara. Starring: Raj Kumar, Divya Prabha, Alia Trivedi, Lakshmi, M. S. Narayana. Released in: 2013."
Attarintiki Daredi,Trivikram Srinivas,"Pawan Kalyan, Samantha Ruth Prabhu, Pranitha, Nadhiya, Boman Irani, Brahmanandam",2013,Telugu,"Movie Title: Attarintiki Daredi. Directed by: Trivikram Srinivas. Starring: Pawan Kalyan, Samantha Ruth Prabhu, Pranitha, Nadhiya, Boman Irani, Brahmanandam. Released in: 2013."
Police Game,Sahadeva Reddy,"Srihari, Neenu Karthika, Kota Srinivasa Rao, Brahmanandam, Jeeva",2013,Telugu,"Movie Title: Police Game. Directed by: Sahadeva Reddy. Starring: Srihari, Neenu Karthika, Kota Srinivasa Rao, Brahmanandam, Jeeva. Released in: 2013."
Sahasra,K. Srikanth,"Rajiv Kanakala, Krishnudu, Shafi, Sri Ira, Reva",2013,Telugu,"Movie Title: Sahasra. Directed by: K. Srikanth. Starring: Rajiv Kanakala, Krishnudu, Shafi, Sri Ira, Reva. Released in: 2013."
Gatham,B S Raju,"Yuvraraj Sagar, Soumya, Hema, Shwetha, Harsha, Shafir",2013,Telugu,"Movie Title: Gatham. Directed by: B S Raju. Starring: Yuvraraj Sagar, Soumya, Hema, Shwetha, Harsha, Shafir. Released in: 2013."
Ramayya Vasthavayya,Harish Shankar,"Jr. NTR, Samantha Ruth Prabhu, Shruthi Hassan",2013,Telugu,"Movie Title: Ramayya Vasthavayya. Directed by: Harish Shankar. Starring: Jr. NTR, Samantha Ruth Prabhu, Shruthi Hassan. Released in: 2013."
Doosukeltha,Veeru Potla,"Vishnu Manchu, Lavanya Tripathi, Brahmanandam, Pankaj Tripathi",2013,Telugu,"Movie Title: Doosukeltha. Directed by: Veeru Potla. Starring: Vishnu Manchu, Lavanya Tripathi, Brahmanandam, Pankaj Tripathi. Released in: 2013."
Kharjooram,GKR,"Raj Virat, Geetha Pallavi, Suman, M. S. Chowdary, Tagubothu Ramesh, Chitti Babu, Kanth",2013,Telugu,"Movie Title: Kharjooram. Directed by: GKR. Starring: Raj Virat, Geetha Pallavi, Suman, M. S. Chowdary, Tagubothu Ramesh, Chitti Babu, Kanth. Released in: 2013."
Bhai,Veerabhadram Chowdary,"Nagarjuna Akkineni, Richa Gangopadhyay, Prasanna, Sonu Sood, Ashish Vidyarthi, Ajay, Rahul Dev, Brahmanandam",2013,Telugu,"Movie Title: Bhai. Directed by: Veerabhadram Chowdary. Starring: Nagarjuna Akkineni, Richa Gangopadhyay, Prasanna, Sonu Sood, Ashish Vidyarthi, Ajay, Rahul Dev, Brahmanandam. Released in: 2013."
Chinni Chinni Aasha,Dr Kiran,"Singeetam Srinivasa Rao, Tulasi, Ajay, Aparna Pillai, Dhanya, Rajeev, Inthuri Vasu, Gemini Suresh",2013,Telugu,"Movie Title: Chinni Chinni Aasha. Directed by: Dr Kiran. Starring: Singeetam Srinivasa Rao, Tulasi, Ajay, Aparna Pillai, Dhanya, Rajeev, Inthuri Vasu, Gemini Suresh. Released in: 2013."
Satya 2,Ram Gopal Varma,"Sharwanand, Anaika Soti, Aradhna Gupta, Mahesh Thakur",2013,Telugu,"Movie Title: Satya 2. Directed by: Ram Gopal Varma. Starring: Sharwanand, Anaika Soti, Aradhna Gupta, Mahesh Thakur. Released in: 2013."
Chandee,V. Samudra,"Priyamani, R. Sarathkumar, Ashish Vidhyarthi, Krishnam Raju",2013,Telugu,"Movie Title: Chandee. Directed by: V. Samudra. Starring: Priyamani, R. Sarathkumar, Ashish Vidhyarthi, Krishnam Raju. Released in: 2013."
Welcome Obama,Singeetham Srinivasa Rao,"Urmila Kanitkar, Rachel, Esteban",2013,Telugu,"Movie Title: Welcome Obama. Directed by: Singeetham Srinivasa Rao. Starring: Urmila Kanitkar, Rachel, Esteban. Released in: 2013."
Nenem...Chinna Pillana?,P. Sunil Kumar Reddy,"Rahul Ravindran, Tanvi Vyas, Sanjjanaa, Suman",2013,Telugu,"Movie Title: Nenem...Chinna Pillana?. Directed by: P. Sunil Kumar Reddy. Starring: Rahul Ravindran, Tanvi Vyas, Sanjjanaa, Suman. Released in: 2013."
Potugadu,Pavan Wadeyar,"Manoj Manchu, Sakshi Chaudhary, Simran Kaur Mundi, Rachel, Anupriya Goenka",2013,Telugu,"Movie Title: Potugadu. Directed by: Pavan Wadeyar. Starring: Manoj Manchu, Sakshi Chaudhary, Simran Kaur Mundi, Rachel, Anupriya Goenka. Released in: 2013."
Kamina,Lakshmikanth Chenna,"Srihari, Sai Kumar, Roja, Lekha Washington, Brahmaji, Krishi Arimanda, Ashish Vidyarthi",2013,Telugu,"Movie Title: Kamina. Directed by: Lakshmikanth Chenna. Starring: Srihari, Sai Kumar, Roja, Lekha Washington, Brahmaji, Krishi Arimanda, Ashish Vidyarthi. Released in: 2013."
Alias Janaki,Dayaa K,"Venkat Rahul, Anisha Ambrose, Nagababu, Tanikella Bharani",2013,Telugu,"Movie Title: Alias Janaki. Directed by: Dayaa K. Starring: Venkat Rahul, Anisha Ambrose, Nagababu, Tanikella Bharani. Released in: 2013."
Romance,Swamy,"Prince, Manasa Himavarsha, Dimple Chopade",2013,Telugu,"Movie Title: Romance. Directed by: Swamy. Starring: Prince, Manasa Himavarsha, Dimple Chopade. Released in: 2013."
Abbai Class Ammai Mass,Koneti Srinu,"Varun Sandesh, Hariprriya, Ali",2013,Telugu,"Movie Title: Abbai Class Ammai Mass. Directed by: Koneti Srinu. Starring: Varun Sandesh, Hariprriya, Ali. Released in: 2013."
Pusthakamlo Konni Pageelu Missing,Sajid Qureshi,"Sree, Supraja, Rahul, Satish, Masth Ali",2013,Telugu,"Movie Title: Pusthakamlo Konni Pageelu Missing. Directed by: Sajid Qureshi. Starring: Sree, Supraja, Rahul, Satish, Masth Ali. Released in: 2013."
1000 Abaddalu,Teja,"Sairam Shankar, Ester Noronha",2013,Telugu,"Movie Title: 1000 Abaddalu. Directed by: Teja. Starring: Sairam Shankar, Ester Noronha. Released in: 2013."
Jagadguru Adi Shankara,J.K.Bharavi,"Nagarjuna, Mohan Babu, Kaushik Babu, Sai Kumar, Srihari, Suman",2013,Telugu,"Movie Title: Jagadguru Adi Shankara. Directed by: J.K.Bharavi. Starring: Nagarjuna, Mohan Babu, Kaushik Babu, Sai Kumar, Srihari, Suman. Released in: 2013."
Dalam,Jeevan Reddy,"Naveen Chandra, Piaa Bajpai, Abhimanyu Singh, Kishore, Nassar",2013,Telugu,"Movie Title: Dalam. Directed by: Jeevan Reddy. Starring: Naveen Chandra, Piaa Bajpai, Abhimanyu Singh, Kishore, Nassar. Released in: 2013."
Adda,Sai Karthik,"Sushanth, Shanvi Srivastava",2013,Telugu,"Movie Title: Adda. Directed by: Sai Karthik. Starring: Sushanth, Shanvi Srivastava. Released in: 2013."
Antaku Mundu Aa Taruvaata,Mohan Krishna Indraganti,"Sumanth Ashwin, Eesha",2013,Telugu,"Movie Title: Antaku Mundu Aa Taruvaata. Directed by: Mohan Krishna Indraganti. Starring: Sumanth Ashwin, Eesha. Released in: 2013."
Telisi Teliyaka,K. Jayaprakash,"Geethanandh, Maithili, Krishna, Hasini",2013,Telugu,"Movie Title: Telisi Teliyaka. Directed by: K. Jayaprakash. Starring: Geethanandh, Maithili, Krishna, Hasini. Released in: 2013."
Athadu Aame o Scooter,Gangarapu Lakshman,"Vennela Kishore, Priyanka Chabra",2013,Telugu,"Movie Title: Athadu Aame o Scooter. Directed by: Gangarapu Lakshman. Starring: Vennela Kishore, Priyanka Chabra. Released in: 2013."
Prema Oka Maikam,Chandu,"Rahul, Charmee Kaur, Ravi Babu, Saranya Nag",2013,Telugu,"Movie Title: Prema Oka Maikam. Directed by: Chandu. Starring: Rahul, Charmee Kaur, Ravi Babu, Saranya Nag. Released in: 2013."
Waiting for You,Sunil Kumar Reddy,"Sai Anil, Gayathri, Raghu Babu",2013,Telugu,"Movie Title: Waiting for You. Directed by: Sunil Kumar Reddy. Starring: Sai Anil, Gayathri, Raghu Babu. Released in: 2013."
Toofan,Apoorva Lakhia,"Ram Charan Tej, Priyanka Chopra, Prakash Raj, Srihari, Mahie Gill, Tanikella Bharani",2013,Telugu,"Movie Title: Toofan. Directed by: Apoorva Lakhia. Starring: Ram Charan Tej, Priyanka Chopra, Prakash Raj, Srihari, Mahie Gill, Tanikella Bharani. Released in: 2013."
Kiss,Adivi Sesh,"Adivi Sesh, Priya Banerjee, Bharath Reddy",2013,Telugu,"Movie Title: Kiss. Directed by: Adivi Sesh. Starring: Adivi Sesh, Priya Banerjee, Bharath Reddy. Released in: 2013."
Naa Sami Ranga,Subramanyam Pachcha,"Dilip, Saikumar Pampana, SreeTeja, Yashaswini, Priyanka, Ashish Vidyarthi",2013,Telugu,"Movie Title: Naa Sami Ranga. Directed by: Subramanyam Pachcha. Starring: Dilip, Saikumar Pampana, SreeTeja, Yashaswini, Priyanka, Ashish Vidyarthi. Released in: 2013."
Om 3D,Sunil Reddy,"Nandamuri Kalyan Ram, Kriti Kharbanda, Nikesha Patel",2013,Telugu,"Movie Title: Om 3D. Directed by: Sunil Reddy. Starring: Nandamuri Kalyan Ram, Kriti Kharbanda, Nikesha Patel. Released in: 2013."
Kaalicharan,Praveen Sri,"Chaitanya Krishna, Chandini, Pankaj Kesari, Kavitha",2013,Telugu,"Movie Title: Kaalicharan. Directed by: Praveen Sri. Starring: Chaitanya Krishna, Chandini, Pankaj Kesari, Kavitha. Released in: 2013."
Entha Andanga Unnave,S. I. Mahendra,"Ajay Manthena, Jiyana, Kasi Viswanath, Sivanarayana",2013,Telugu,"Movie Title: Entha Andanga Unnave. Directed by: S. I. Mahendra. Starring: Ajay Manthena, Jiyana, Kasi Viswanath, Sivanarayana. Released in: 2013."
Emo Gurram Egaravachu,Chandra Siddhartha,Sumanth,2014,Telugu,Movie Title: Emo Gurram Egaravachu. Directed by: Chandra Siddhartha. Starring: Sumanth. Released in: 2014.
Heart Attack,Puri Jagannadh,"Nithiin, Adah Sharma",2014,Telugu,"Movie Title: Heart Attack. Directed by: Puri Jagannadh. Starring: Nithiin, Adah Sharma. Released in: 2014."
Pandavulu Pandavulu Tummeda,Sriwass,"Mohan Babu, Manchu Vishnu, Manchu Manoj, Raveena Tandon, Hansika Motwani, Pranitha Subhash",2014,Telugu,"Movie Title: Pandavulu Pandavulu Tummeda. Directed by: Sriwass. Starring: Mohan Babu, Manchu Vishnu, Manchu Manoj, Raveena Tandon, Hansika Motwani, Pranitha Subhash. Released in: 2014."
Medaram Jathara,Sheshidhar,Suman,2014,Telugu,Movie Title: Medaram Jathara. Directed by: Sheshidhar. Starring: Suman. Released in: 2014.
Paisa,Krishna Vamsi,"Nani, Catherine Tresa, Siddhika Sharma, Charanraj, Bharath Reddy, Tabar",2014,Telugu,"Movie Title: Paisa. Directed by: Krishna Vamsi. Starring: Nani, Catherine Tresa, Siddhika Sharma, Charanraj, Bharath Reddy, Tabar. Released in: 2014."
Malligadu Marriage Bureau,Uday Raj,"Srikanth, Brahmanandam, Manochitra",2014,Telugu,"Movie Title: Malligadu Marriage Bureau. Directed by: Uday Raj. Starring: Srikanth, Brahmanandam, Manochitra. Released in: 2014."
Dil Deewana,Thumma Kiran,"Raj Arun Reddy, Rohit Reddy, Abha Singhal, Neha Deshpande",2014,Telugu,"Movie Title: Dil Deewana. Directed by: Thumma Kiran. Starring: Raj Arun Reddy, Rohit Reddy, Abha Singhal, Neha Deshpande. Released in: 2014."
Hum Tum,Ram Bimana,"Manish, Simran, Nikhil Chakravathi, Aishwariya, M. S. Narayana, Dharmavarapu Subramanyam",2014,Telugu,"Movie Title: Hum Tum. Directed by: Ram Bimana. Starring: Manish, Simran, Nikhil Chakravathi, Aishwariya, M. S. Narayana, Dharmavarapu Subramanyam. Released in: 2014."
Love Dot Com,Raja Vannem Reddy,"Arya Sandeep, Neethi Taylor, Dharmavarapu Subramanyam",2014,Telugu,"Movie Title: Love Dot Com. Directed by: Raja Vannem Reddy. Starring: Arya Sandeep, Neethi Taylor, Dharmavarapu Subramanyam. Released in: 2014."
Naa Rakumarudu,T. Satya,"Naveen Chandra, Ritu Varma",2014,Telugu,"Movie Title: Naa Rakumarudu. Directed by: T. Satya. Starring: Naveen Chandra, Ritu Varma. Released in: 2014."
Alibaba Okkade Donga,Phani Prakash,"Ali, Suja Varunee, Allari Naresh (Voice-over)",2014,Telugu,"Movie Title: Alibaba Okkade Donga. Directed by: Phani Prakash. Starring: Ali, Suja Varunee, Allari Naresh (Voice-over). Released in: 2014."
Bhimavaram Bullodu,Udayasankar,"Sunil, Ester Noronha",2014,Telugu,"Movie Title: Bhimavaram Bullodu. Directed by: Udayasankar. Starring: Sunil, Ester Noronha. Released in: 2014."
Basanti,Chaitanya Dantuluri,"Raja Goutham, Alisha Baig",2014,Telugu,"Movie Title: Basanti. Directed by: Chaitanya Dantuluri. Starring: Raja Goutham, Alisha Baig. Released in: 2014."
Bangaru Kodipetta,Raj Pippalla,"Navdeep, Swati Reddy, Santhosh, Ram",2014,Telugu,"Movie Title: Bangaru Kodipetta. Directed by: Raj Pippalla. Starring: Navdeep, Swati Reddy, Santhosh, Ram. Released in: 2014."
Nuvve Naa Bangaram,Ram Venky,"Sai Krishna, Sheena Shahabadi, Nisha Kothari, Suman",2014,Telugu,"Movie Title: Nuvve Naa Bangaram. Directed by: Ram Venky. Starring: Sai Krishna, Sheena Shahabadi, Nisha Kothari, Suman. Released in: 2014."
Love You Bangaram,Goverdhan Reddy,"Rahul Haridas, Shravya",2014,Telugu,"Movie Title: Love You Bangaram. Directed by: Goverdhan Reddy. Starring: Rahul Haridas, Shravya. Released in: 2014."
Masala,K. Vijaya Bhaskar,"Venkatesh, Ram Pothineni, Anjali, Shazahn Padamsee",2013,Telugu,"Movie Title: Masala. Directed by: K. Vijaya Bhaskar. Starring: Venkatesh, Ram Pothineni, Anjali, Shazahn Padamsee. Released in: 2013."
Manasunu Maaya Seyake,Suresh P Kumar,"Prince, Sethu, Richa Panai, Disha Pandey, Manobala",2014,Telugu,"Movie Title: Manasunu Maaya Seyake. Directed by: Suresh P Kumar. Starring: Prince, Sethu, Richa Panai, Disha Pandey, Manobala. Released in: 2014."
1: Nenokkadine,Sukumar,"Mahesh Babu, Kriti Sanon",2014,Telugu,"Movie Title: 1: Nenokkadine. Directed by: Sukumar. Starring: Mahesh Babu, Kriti Sanon. Released in: 2014."
Venkatadri Express,Merlapaka Gandhi,"Sundeep Kishan, Rakul Preet Singh, M. S. Narayana, Brahmaji, Jayaprakash Reddy",2013,Telugu,"Movie Title: Venkatadri Express. Directed by: Merlapaka Gandhi. Starring: Sundeep Kishan, Rakul Preet Singh, M. S. Narayana, Brahmaji, Jayaprakash Reddy. Released in: 2013."
Ishta Sakhi,Bharat Parepalli,"Varun, Bhaskar, Sriram, Anusmrithi",2013,Telugu,"Movie Title: Ishta Sakhi. Directed by: Bharat Parepalli. Starring: Varun, Bhaskar, Sriram, Anusmrithi. Released in: 2013."
Aadu Magaadra Bujji,Krishnareddy Gangadasu,"Sudheer Babu, Asmita Sood, Poonam Kaur",2013,Telugu,"Movie Title: Aadu Magaadra Bujji. Directed by: Krishnareddy Gangadasu. Starring: Sudheer Babu, Asmita Sood, Poonam Kaur. Released in: 2013."
Prema Ishq Kaadhal,Pavan Sadineni,"Harshavardhan Rane, Vishnu Vardhan, Harish, Vithika Sheru, Ritu Varma, Sree Mukhi, Ravi Prakash, Satyam Rajesh",2013,Telugu,"Movie Title: Prema Ishq Kaadhal. Directed by: Pavan Sadineni. Starring: Harshavardhan Rane, Vishnu Vardhan, Harish, Vithika Sheru, Ritu Varma, Sree Mukhi, Ravi Prakash, Satyam Rajesh. Released in: 2013."
Natho Nenu,Rahul Singh Kagwal,Jai Akash,2013,Telugu,Movie Title: Natho Nenu. Directed by: Rahul Singh Kagwal. Starring: Jai Akash. Released in: 2013.
Pranaya Veedhullo,Prabhakar Jaini,"Dr. K. V. Ramanachari, Suresh Chandra, Vamshi Krishna, Manaswini, Sri Divya, Arjun",2013,Telugu,"Movie Title: Pranaya Veedhullo. Directed by: Prabhakar Jaini. Starring: Dr. K. V. Ramanachari, Suresh Chandra, Vamshi Krishna, Manaswini, Sri Divya, Arjun. Released in: 2013."
Madhumati,Raaj Sreedhar,"Udaya Bhanu, Vishnu Priyan, Siva Kumar, Diksha",2013,Telugu,"Movie Title: Madhumati. Directed by: Raaj Sreedhar. Starring: Udaya Bhanu, Vishnu Priyan, Siva Kumar, Diksha. Released in: 2013."
Second Hand,Kishore Tirumala,"Dhanya Balakrishna, Sudheer Verma, Kireeti Damaraju, Vishnuvardhan, Anuj Ram",2013,Telugu,"Movie Title: Second Hand. Directed by: Kishore Tirumala. Starring: Dhanya Balakrishna, Sudheer Verma, Kireeti Damaraju, Vishnuvardhan, Anuj Ram. Released in: 2013."
Bunny n Cherry,Rajesh Puli,"Prince, Mahat Raghavendra, Kriti, Saba, Brahmanandam",2013,Telugu,"Movie Title: Bunny n Cherry. Directed by: Rajesh Puli. Starring: Prince, Mahat Raghavendra, Kriti, Saba, Brahmanandam. Released in: 2013."
Manushulatho Jagratha,Govinda Varaha,"Rajendra Prasad, Naresh",2013,Telugu,"Movie Title: Manushulatho Jagratha. Directed by: Govinda Varaha. Starring: Rajendra Prasad, Naresh. Released in: 2013."
D for Dopidi,Siraj Kalla,"Varun Sandesh, Sundeep Kishan, Naveen Polishetty, Rakesh Rachakonda, Melanie Kannokada",2013,Telugu,"Movie Title: D for Dopidi. Directed by: Siraj Kalla. Starring: Varun Sandesh, Sundeep Kishan, Naveen Polishetty, Rakesh Rachakonda, Melanie Kannokada. Released in: 2013."
Uyyala Jampala,Virinchi Varma,"Raj Tarun, Avika Gor, Punarnavi Bhupalam, Peela Gangadhar",2013,Telugu,"Movie Title: Uyyala Jampala. Directed by: Virinchi Varma. Starring: Raj Tarun, Avika Gor, Punarnavi Bhupalam, Peela Gangadhar. Released in: 2013."
Biskett,Anil Gopi Reddy,"Arvind Krishna, Dimple Chopade",2013,Telugu,"Movie Title: Biskett. Directed by: Anil Gopi Reddy. Starring: Arvind Krishna, Dimple Chopade. Released in: 2013."
Celebrity,KVM Krishna,"Ammu Prasad, Viswadha, Bindu, Deepesh Reddy, Sai Kanth",2014,Telugu,"Movie Title: Celebrity. Directed by: KVM Krishna. Starring: Ammu Prasad, Viswadha, Bindu, Deepesh Reddy, Sai Kanth. Released in: 2014."
Kshatriya,K. Uday Chandu,"Srikanth, Kumkum, Kota Srinivasa Rao, Rao Ramesh",2014,Telugu,"Movie Title: Kshatriya. Directed by: K. Uday Chandu. Starring: Srikanth, Kumkum, Kota Srinivasa Rao, Rao Ramesh. Released in: 2014."
Yevadu,Vamsi Paidipally,"Ram Charan Teja, Allu Arjun, Kajal Agarwal, Shruti Hassan, Sai Kumar, Amy Jackson",2014,Telugu,"Movie Title: Yevadu. Directed by: Vamsi Paidipally. Starring: Ram Charan Teja, Allu Arjun, Kajal Agarwal, Shruti Hassan, Sai Kumar, Amy Jackson. Released in: 2014."
Veerangam,Vemuganti,"Suman, Shyamala, Ashish Vidyarthi, Kota Srinivasa Rao",2012,Telugu,"Movie Title: Veerangam. Directed by: Vemuganti. Starring: Suman, Shyamala, Ashish Vidyarthi, Kota Srinivasa Rao. Released in: 2012."
Anukokunda,Raja Narendra,"Shiva, Yogesh, Mythili, Maheshwari",2012,Telugu,"Movie Title: Anukokunda. Directed by: Raja Narendra. Starring: Shiva, Yogesh, Mythili, Maheshwari. Released in: 2012."
Rushi,Raj Madiraju,"Arvind Krishna, Supriya",2012,Telugu,"Movie Title: Rushi. Directed by: Raj Madiraju. Starring: Arvind Krishna, Supriya. Released in: 2012."
Udatha Udatha Ooch,Murali Ganesh,"Sunil-Lee Akshay, Ali, Brahmanandam",2010,Telugu,"Movie Title: Udatha Udatha Ooch. Directed by: Murali Ganesh. Starring: Sunil-Lee Akshay, Ali, Brahmanandam. Released in: 2010."
Bindaas,Veeru Potla,"Manoj Manchu, Sheena Shahabadi",2010,Telugu,"Movie Title: Bindaas. Directed by: Veeru Potla. Starring: Manoj Manchu, Sheena Shahabadi. Released in: 2010."
Kedi,Kiran Kumar,"Nagarjuna, Mamta Mohandas, Chitrangada Singh",2010,Telugu,"Movie Title: Kedi. Directed by: Kiran Kumar. Starring: Nagarjuna, Mamta Mohandas, Chitrangada Singh. Released in: 2010."
Joy,B. R. Varma,"Avitej, Trinath, Vainavi, Parvati",2010,Telugu,"Movie Title: Joy. Directed by: B. R. Varma. Starring: Avitej, Trinath, Vainavi, Parvati. Released in: 2010."
Leader,Sekhar Kammula,"Rana Daggubati, Richa Gangopadhyay, Priya Anand",2010,Telugu,"Movie Title: Leader. Directed by: Sekhar Kammula. Starring: Rana Daggubati, Richa Gangopadhyay, Priya Anand. Released in: 2010."
Kalavar King,Suresh,"Nikhil Siddharth, Shweta Prasad, Ali, Ajay, Y. Kasi Viswanath, Pragathi",2010,Telugu,"Movie Title: Kalavar King. Directed by: Suresh. Starring: Nikhil Siddharth, Shweta Prasad, Ali, Ajay, Y. Kasi Viswanath, Pragathi. Released in: 2010."
Seeta Ramula Kalyanam Lankalo,Eshwar,"Nitin, Hansika Motwani, Brahmanandam",2010,Telugu,"Movie Title: Seeta Ramula Kalyanam Lankalo. Directed by: Eshwar. Starring: Nitin, Hansika Motwani, Brahmanandam. Released in: 2010."
Ye Maaya Chesave,Gautham Vasudev Menon,"Naga Chaitanya, Samantha Ruth Prabhu, Krishnudu",2010,Telugu,"Movie Title: Ye Maaya Chesave. Directed by: Gautham Vasudev Menon. Starring: Naga Chaitanya, Samantha Ruth Prabhu, Krishnudu. Released in: 2010."
High School,Narasimha Nandi,"Kiran Rathod, Karthik",2010,Telugu,"Movie Title: High School. Directed by: Narasimha Nandi. Starring: Kiran Rathod, Karthik. Released in: 2010."
Sadhyam,Karthikeya Gopalakrishna,"Jagapati Babu, Priyamani",2010,Telugu,"Movie Title: Sadhyam. Directed by: Karthikeya Gopalakrishna. Starring: Jagapati Babu, Priyamani. Released in: 2010."
Dasanna,DSP,"Srihari, Meena, Suman",2010,Telugu,"Movie Title: Dasanna. Directed by: DSP. Starring: Srihari, Meena, Suman. Released in: 2010."
Prema Rajyam,Moolapati,"Ramkiran, Meerakrishna",2010,Telugu,"Movie Title: Prema Rajyam. Directed by: Moolapati. Starring: Ramkiran, Meerakrishna. Released in: 2010."
Tik Tik Tik,Arunakanth,"Krishna Bhagawan, Sairabanu, Sharif",2010,Telugu,"Movie Title: Tik Tik Tik. Directed by: Arunakanth. Starring: Krishna Bhagawan, Sairabanu, Sharif. Released in: 2010."
Aakasa Ramanna,G. Ashok,"Allari Naresh, Sivaji, Rajiv Kanakala",2010,Telugu,"Movie Title: Aakasa Ramanna. Directed by: G. Ashok. Starring: Allari Naresh, Sivaji, Rajiv Kanakala. Released in: 2010."
Inkosaari,Suman Pathuri,"Raja, Manjari Phadnis, Richa Pallod",2010,Telugu,"Movie Title: Inkosaari. Directed by: Suman Pathuri. Starring: Raja, Manjari Phadnis, Richa Pallod. Released in: 2010."
Sandadi,Mani,"Sasi Pawan, Suhasini, Keerthi",2010,Telugu,"Movie Title: Sandadi. Directed by: Mani. Starring: Sasi Pawan, Suhasini, Keerthi. Released in: 2010."
Kaluva,M. Sridhar,"Chakri, Rupa Kaur, Fharzana",2010,Telugu,"Movie Title: Kaluva. Directed by: M. Sridhar. Starring: Chakri, Rupa Kaur, Fharzana. Released in: 2010."
Namo Venkatesa,Seenu Vytla,"Venkatesh, Trisha Krishnan, Brahmanandam",2010,Telugu,"Movie Title: Namo Venkatesa. Directed by: Seenu Vytla. Starring: Venkatesh, Trisha Krishnan, Brahmanandam. Released in: 2010."
Jagadguru Sri Shiridi Saibaba,G. Ramakrishna,"B. V. Reddy, Suman",2009,Telugu,"Movie Title: Jagadguru Sri Shiridi Saibaba. Directed by: G. Ramakrishna. Starring: B. V. Reddy, Suman. Released in: 2009."
Arya 2,Sukumar,"Allu Arjun, Kajal Agarwal, Navdeep",2009,Telugu,"Movie Title: Arya 2. Directed by: Sukumar. Starring: Allu Arjun, Kajal Agarwal, Navdeep. Released in: 2009."
Dill Boss,Gankidi Raghavender Reddy,"Fayaz, Srinivas, Srithik, Bhargav, Sandeep",2009,Telugu,"Movie Title: Dill Boss. Directed by: Gankidi Raghavender Reddy. Starring: Fayaz, Srinivas, Srithik, Bhargav, Sandeep. Released in: 2009."
Pravarakhyudu,Madan,"Jagapati Babu, Priyamani",2009,Telugu,"Movie Title: Pravarakhyudu. Directed by: Madan. Starring: Jagapati Babu, Priyamani. Released in: 2009."
Amaravathi,Ravi Babu,"Bhoomika Chawla, Taraka Ratna, Sneha, Sindhura Gadde",2009,Telugu,"Movie Title: Amaravathi. Directed by: Ravi Babu. Starring: Bhoomika Chawla, Taraka Ratna, Sneha, Sindhura Gadde. Released in: 2009."
Bumper Offer,Jaya Ravindra,"Sairam Shankar, Bindu Madhavi, Sayaji Shinde",2009,Telugu,"Movie Title: Bumper Offer. Directed by: Jaya Ravindra. Starring: Sairam Shankar, Bindu Madhavi, Sayaji Shinde. Released in: 2009."
Shambo Shiva Shambo,Samudrakani,"Ravi Teja, Allari Naresh, Siva Balaji, Priyamani, Abhinaya",2010,Telugu,"Movie Title: Shambo Shiva Shambo. Directed by: Samudrakani. Starring: Ravi Teja, Allari Naresh, Siva Balaji, Priyamani, Abhinaya. Released in: 2010."
Saleem,Y. V. S. Chowdary,"Vishnu Manchu, Ileana D'Cruz, Mohan Babu",2009,Telugu,"Movie Title: Saleem. Directed by: Y. V. S. Chowdary. Starring: Vishnu Manchu, Ileana D'Cruz, Mohan Babu. Released in: 2009."
Posani Gentleman,Posani Krishna Murali,"Posani Krishna Murali, Aarthi Agarwal, Natasha",2009,Telugu,"Movie Title: Posani Gentleman. Directed by: Posani Krishna Murali. Starring: Posani Krishna Murali, Aarthi Agarwal, Natasha. Released in: 2009."
Maa Nanna Chiranjeevi,Arun Prasad,"Jagapati Babu, Neelima, Athulith, Brahmanandam",2010,Telugu,"Movie Title: Maa Nanna Chiranjeevi. Directed by: Arun Prasad. Starring: Jagapati Babu, Neelima, Athulith, Brahmanandam. Released in: 2010."
Premistu,Raghavendra,"Ramana, Swathi",2010,Telugu,"Movie Title: Premistu. Directed by: Raghavendra. Starring: Ramana, Swathi. Released in: 2010."
Yugalageetham,Sivaji,"Srikar, Abhishek, Chandu",2010,Telugu,"Movie Title: Yugalageetham. Directed by: Sivaji. Starring: Srikar, Abhishek, Chandu. Released in: 2010."
Om Shanti,Prakash Dantuluri,"Navdeep, Kajal Aggarwal",2010,Telugu,"Movie Title: Om Shanti. Directed by: Prakash Dantuluri. Starring: Navdeep, Kajal Aggarwal. Released in: 2010."
Adhurs,V. V. Vinayak,"NTR Jr, Nayantara, Sheela, Mahesh Manjrekar",2010,Telugu,"Movie Title: Adhurs. Directed by: V. V. Vinayak. Starring: NTR Jr, Nayantara, Sheela, Mahesh Manjrekar. Released in: 2010."
Kasko,G. Nageswara Reddy,"Vaibhav, Swetha Basu Prasad, Gowri Pandit",2009,Telugu,"Movie Title: Kasko. Directed by: G. Nageswara Reddy. Starring: Vaibhav, Swetha Basu Prasad, Gowri Pandit. Released in: 2009."
Kurradu,Sandeep Gunnam,"Varun Sandesh, Neha Sharma",2009,Telugu,"Movie Title: Kurradu. Directed by: Sandeep Gunnam. Starring: Varun Sandesh, Neha Sharma. Released in: 2009."
Yagam,P. A. Arun Prasad,"Navdeep, Bhoomika Chawla, Kim Sharma",2010,Telugu,"Movie Title: Yagam. Directed by: P. A. Arun Prasad. Starring: Navdeep, Bhoomika Chawla, Kim Sharma. Released in: 2010."
Maro Charitra,Ravi Yadav,"Varun Sandesh, Anita Galler, Shraddha Das",2010,Telugu,"Movie Title: Maro Charitra. Directed by: Ravi Yadav. Starring: Varun Sandesh, Anita Galler, Shraddha Das. Released in: 2010."
Siva Manasulo Sruthi,Thathineni Satya,"Sudheer Babu, Regina Cassandra",2012,Telugu,"Movie Title: Siva Manasulo Sruthi. Directed by: Thathineni Satya. Starring: Sudheer Babu, Regina Cassandra. Released in: 2012."
Jhummandi Naadam,K.Raghavendra Rao,"Manoj Manchu, Taapsee Pannu, Mohan Babu",2010,Telugu,"Movie Title: Jhummandi Naadam. Directed by: K.Raghavendra Rao. Starring: Manoj Manchu, Taapsee Pannu, Mohan Babu. Released in: 2010."
Veera Telangana,R.Narayana Murthy,"R. Narayana Murthy, Vijayaranga Raju",2010,Telugu,"Movie Title: Veera Telangana. Directed by: R.Narayana Murthy. Starring: R. Narayana Murthy, Vijayaranga Raju. Released in: 2010."
Em Pillo Em Pillado,Chowdary,"Tanish, Pranitha, Charanraj",2010,Telugu,"Movie Title: Em Pillo Em Pillado. Directed by: Chowdary. Starring: Tanish, Pranitha, Charanraj. Released in: 2010."
Sneha Geetham,Madhura Sreedhar,"Chitralekha, Anil, Gundu Hanumantha Rao",2010,Telugu,"Movie Title: Sneha Geetham. Directed by: Madhura Sreedhar. Starring: Chitralekha, Anil, Gundu Hanumantha Rao. Released in: 2010."
Shubhapradham,K. Viswanath,"Allari Naresh, Manjari Phadnis, Sarath Babu",2010,Telugu,"Movie Title: Shubhapradham. Directed by: K. Viswanath. Starring: Allari Naresh, Manjari Phadnis, Sarath Babu. Released in: 2010."
Vedam,Radhakrishna Jagarlamudi,"Allu Arjun, Anushka Shetty, Manoj Manchu, Manoj Bajpayee",2010,Telugu,"Movie Title: Vedam. Directed by: Radhakrishna Jagarlamudi. Starring: Allu Arjun, Anushka Shetty, Manoj Manchu, Manoj Bajpayee. Released in: 2010."
Maryada Ramanna,S. S. Rajamouli,"Sunil, Saloni Aswani, Nagineedu",2010,Telugu,"Movie Title: Maryada Ramanna. Directed by: S. S. Rajamouli. Starring: Sunil, Saloni Aswani, Nagineedu. Released in: 2010."
Don Seenu,Gopichand,"Ravi Teja, Shriya Saran, Anjana Sukhani, Srihari",2010,Telugu,"Movie Title: Don Seenu. Directed by: Gopichand. Starring: Ravi Teja, Shriya Saran, Anjana Sukhani, Srihari. Released in: 2010."
Puli,S. J. Surya,"Pawan Kalyan, Nikesha Patel, Manoj Bajpayee",2010,Telugu,"Movie Title: Puli. Directed by: S. J. Surya. Starring: Pawan Kalyan, Nikesha Patel, Manoj Bajpayee. Released in: 2010."
Saradagaa Kasepu,Vamsi,"Allari Naresh, Madhurima, Srinivas Avasarala",2010,Telugu,"Movie Title: Saradagaa Kasepu. Directed by: Vamsi. Starring: Allari Naresh, Madhurima, Srinivas Avasarala. Released in: 2010."
Khaleja,Trivikram Srinivas,"Mahesh Babu, Anushka Shetty, Prakash Raj",2010,Telugu,"Movie Title: Khaleja. Directed by: Trivikram Srinivas. Starring: Mahesh Babu, Anushka Shetty, Prakash Raj. Released in: 2010."
Brindavanam,Vamsi Paidipally,"NTR Jr, Kajal Aggarwal, Samantha",2010,Telugu,"Movie Title: Brindavanam. Directed by: Vamsi Paidipally. Starring: NTR Jr, Kajal Aggarwal, Samantha. Released in: 2010."
Rakta Charitra,Ram Gopal Varma,"Vivek Oberoi, Sudeep, Radhika Apte",2010,Telugu,"Movie Title: Rakta Charitra. Directed by: Ram Gopal Varma. Starring: Vivek Oberoi, Sudeep, Radhika Apte. Released in: 2010."
Maa Annayya Bangaram,Jonnalagadda Srinivas,"Rajasekhar, Kamalinee Mukherjee, Rohit",2010,Telugu,"Movie Title: Maa Annayya Bangaram. Directed by: Jonnalagadda Srinivas. Starring: Rajasekhar, Kamalinee Mukherjee, Rohit. Released in: 2010."
Taj Mahal,Arun Singaraju,"Sivaji, Shruthi",2010,Telugu,"Movie Title: Taj Mahal. Directed by: Arun Singaraju. Starring: Sivaji, Shruthi. Released in: 2010."
Golimaar,Puri Jagannadh,"Gopichand, Priyamani, Nassar",2010,Telugu,"Movie Title: Golimaar. Directed by: Puri Jagannadh. Starring: Gopichand, Priyamani, Nassar. Released in: 2010."
Andari Bandhuvaya,Chandra Siddhartha,"Sharwanand, Padmapriya, Naresh",2010,Telugu,"Movie Title: Andari Bandhuvaya. Directed by: Chandra Siddhartha. Starring: Sharwanand, Padmapriya, Naresh. Released in: 2010."
My Name is Amrutha,M. Anthony,"Baby Gayathri, Bhanupriya, Bhanuchander",2010,Telugu,"Movie Title: My Name is Amrutha. Directed by: M. Anthony. Starring: Baby Gayathri, Bhanupriya, Bhanuchander. Released in: 2010."
Varudu,Gunasekhar,"Allu Arjun, Arya, Bhanu Mehra",2010,Telugu,"Movie Title: Varudu. Directed by: Gunasekhar. Starring: Allu Arjun, Arya, Bhanu Mehra. Released in: 2010."
Anaganaga Oka Aranyam,G. Shekar Chandra,"Kaushal, Ekta Trivedi, Srirekha",2010,Telugu,"Movie Title: Anaganaga Oka Aranyam. Directed by: G. Shekar Chandra. Starring: Kaushal, Ekta Trivedi, Srirekha. Released in: 2010."
Srimathi Kalyanam,Sival,"Vadde Naveen, Sangeetha, Venu Madhav",2010,Telugu,"Movie Title: Srimathi Kalyanam. Directed by: Sival. Starring: Vadde Naveen, Sangeetha, Venu Madhav. Released in: 2010."
Betting Bangarraju,Satti Babu,"Allari Naresh, Nidhi",2010,Telugu,"Movie Title: Betting Bangarraju. Directed by: Satti Babu. Starring: Allari Naresh, Nidhi. Released in: 2010."
Mouna Ragam,Vijay Balaji,"Tanish, Madhuurima, Suhasini",2010,Telugu,"Movie Title: Mouna Ragam. Directed by: Vijay Balaji. Starring: Tanish, Madhuurima, Suhasini. Released in: 2010."
Young India,Dasari Narayana Rao,"Pradyumna, Arvind Krishna, Soumya Bollapragada",2010,Telugu,"Movie Title: Young India. Directed by: Dasari Narayana Rao. Starring: Pradyumna, Arvind Krishna, Soumya Bollapragada. Released in: 2010."
Police Police,Manmohan,"Prithviraj, Sriram, Kamalini Mukherjee, Sanjana",2010,Telugu,"Movie Title: Police Police. Directed by: Manmohan. Starring: Prithviraj, Sriram, Kamalini Mukherjee, Sanjana. Released in: 2010."
Madhanudu,Joe,"Swati Rachana, Aarmugam",2010,Telugu,"Movie Title: Madhanudu. Directed by: Joe. Starring: Swati Rachana, Aarmugam. Released in: 2010."
Prasthanam,Deva Katta,"Sharwanand, Sai Kumar, Sundeep Kishan",2010,Telugu,"Movie Title: Prasthanam. Directed by: Deva Katta. Starring: Sharwanand, Sai Kumar, Sundeep Kishan. Released in: 2010."
Darling,Karunakaran,"Prabhas, Kajal Aggarwal, Shraddha Das",2010,Telugu,"Movie Title: Darling. Directed by: Karunakaran. Starring: Prabhas, Kajal Aggarwal, Shraddha Das. Released in: 2010."
Buridi,E. V. V. Satyanarayana,"Aryan Rajesh, Aishwarya",2010,Telugu,"Movie Title: Buridi. Directed by: E. V. V. Satyanarayana. Starring: Aryan Rajesh, Aishwarya. Released in: 2010."
Glamour,P. Satya Reddy,"Karishma Kotak, Kavitha",2010,Telugu,"Movie Title: Glamour. Directed by: P. Satya Reddy. Starring: Karishma Kotak, Kavitha. Released in: 2010."
Simha,Boyapati Srinu,"Balakrishna, Nayantara, Sneha Ullal, Namitha",2010,Telugu,"Movie Title: Simha. Directed by: Boyapati Srinu. Starring: Balakrishna, Nayantara, Sneha Ullal, Namitha. Released in: 2010."
1940 Lo Oka Gramam,Narasimha Nandi,"Bala Aditya, Shree",2010,Telugu,"Movie Title: 1940 Lo Oka Gramam. Directed by: Narasimha Nandi. Starring: Bala Aditya, Shree. Released in: 2010."
Yemaindi Ee Vela,Sampath Nandi,"Varun Sandesh, Nisha Aggarwal",2010,Telugu,"Movie Title: Yemaindi Ee Vela. Directed by: Sampath Nandi. Starring: Varun Sandesh, Nisha Aggarwal. Released in: 2010."
Bendu Apparao R.M.P.,E. V. V. Satyanarayana,"Allari Naresh, Kamna Jethmalani",2009,Telugu,"Movie Title: Bendu Apparao R.M.P.. Directed by: E. V. V. Satyanarayana. Starring: Allari Naresh, Kamna Jethmalani. Released in: 2009."
Ek Niranjan,Puri Jagannadh,"Prabhas, Kangana Ranaut, Sonu Sood",2009,Telugu,"Movie Title: Ek Niranjan. Directed by: Puri Jagannadh. Starring: Prabhas, Kangana Ranaut, Sonu Sood. Released in: 2009."
Bank,Arun Kumar,"Jackie Shroff, Raghuvaran, Abbas, Veda",2009,Telugu,"Movie Title: Bank. Directed by: Arun Kumar. Starring: Jackie Shroff, Raghuvaran, Abbas, Veda. Released in: 2009."
Konchem Ishtam Konchem Kashtam,Kishore Kumar,"Siddharth, Tamannaah",2009,Telugu,"Movie Title: Konchem Ishtam Konchem Kashtam. Directed by: Kishore Kumar. Starring: Siddharth, Tamannaah. Released in: 2009."
Satyameva Jayathe,Jeevitha,"Rajasekhar, Atul Kulkarni",2009,Telugu,"Movie Title: Satyameva Jayathe. Directed by: Jeevitha. Starring: Rajasekhar, Atul Kulkarni. Released in: 2009."
Siddham,J. D. Chakravarthy,"Jagapati Babu, Sindhu Menon",2009,Telugu,"Movie Title: Siddham. Directed by: J. D. Chakravarthy. Starring: Jagapati Babu, Sindhu Menon. Released in: 2009."
Drona,J. Karun Kumar,"Nitin, Priyamani, Mukesh Rishi, Kelly Dorjee",2009,Telugu,"Movie Title: Drona. Directed by: J. Karun Kumar. Starring: Nitin, Priyamani, Mukesh Rishi, Kelly Dorjee. Released in: 2009."
Naa Girlfriend Baga Rich,M. Nagendra Kumar,"Sivaji, Kaveri Jha",2009,Telugu,"Movie Title: Naa Girlfriend Baga Rich. Directed by: M. Nagendra Kumar. Starring: Sivaji, Kaveri Jha. Released in: 2009."
Shh...,Hari Charan Prasad,"Shafi, Mithuna",2009,Telugu,"Movie Title: Shh.... Directed by: Hari Charan Prasad. Starring: Shafi, Mithuna. Released in: 2009."
Aa Okkadu,N. S. Murthy,"Ajay, Madhurima, Suresh Gopi, Sai Srujan",2009,Telugu,"Movie Title: Aa Okkadu. Directed by: N. S. Murthy. Starring: Ajay, Madhurima, Suresh Gopi, Sai Srujan. Released in: 2009."
Malli Malli,Raaj Adithya,"Skanda, Kalyanee",2009,Telugu,"Movie Title: Malli Malli. Directed by: Raaj Adithya. Starring: Skanda, Kalyanee. Released in: 2009."
Sontha Ooru,P. Sunil Kumar Reddy,"Raja, Theertha",2009,Telugu,"Movie Title: Sontha Ooru. Directed by: P. Sunil Kumar Reddy. Starring: Raja, Theertha. Released in: 2009."
Manorama,V. Eeswar Reddy,"Charmy, Nishan",2009,Telugu,"Movie Title: Manorama. Directed by: V. Eeswar Reddy. Starring: Charmy, Nishan. Released in: 2009."
Billa,Meher Ramesh,"Prabhas, Anushka",2009,Telugu,"Movie Title: Billa. Directed by: Meher Ramesh. Starring: Prabhas, Anushka. Released in: 2009."
Punnami Naagu,A. Kodandarami Reddy,"Mumaith Khan, Rajiv Kanakala",2009,Telugu,"Movie Title: Punnami Naagu. Directed by: A. Kodandarami Reddy. Starring: Mumaith Khan, Rajiv Kanakala. Released in: 2009."
Mitrudu,Mahadev,"Bala Krishna, Priyamani",2009,Telugu,"Movie Title: Mitrudu. Directed by: Mahadev. Starring: Bala Krishna, Priyamani. Released in: 2009."
Mesthri,Suresh Krishna,"Dasari Narayana Rao, Mohan Babu, Vijay Kumar",2009,Telugu,"Movie Title: Mesthri. Directed by: Suresh Krishna. Starring: Dasari Narayana Rao, Mohan Babu, Vijay Kumar. Released in: 2009."
Kick,Surender Reddy,"Ravi Teja, Ileana D'Cruz, Shaam",2009,Telugu,"Movie Title: Kick. Directed by: Surender Reddy. Starring: Ravi Teja, Ileana D'Cruz, Shaam. Released in: 2009."
Arundhati,Kodi Ramakrishna,"Anushka, Sonu Sood",2009,Telugu,"Movie Title: Arundhati. Directed by: Kodi Ramakrishna. Starring: Anushka, Sonu Sood. Released in: 2009."
Indumathi,Harsha P Reddy,"Shweta Bhardwaj, Sivaji",2009,Telugu,"Movie Title: Indumathi. Directed by: Harsha P Reddy. Starring: Shweta Bhardwaj, Sivaji. Released in: 2009."
Vinayakudu,Sai Kiran Adivi,"Sonia Deepti, Chinni Jayaram Yadav",2008,Telugu,"Movie Title: Vinayakudu. Directed by: Sai Kiran Adivi. Starring: Sonia Deepti, Chinni Jayaram Yadav. Released in: 2008."
Andamaina Abaddam,Raviraja Pinisetty,"Raja, Kamna Jethmalani",2008,Telugu,"Movie Title: Andamaina Abaddam. Directed by: Raviraja Pinisetty. Starring: Raja, Kamna Jethmalani. Released in: 2008."
Chedugudu,P R Nagaraju,"Jayanth, Shwetha, Sayaji Shinde",2008,Telugu,"Movie Title: Chedugudu. Directed by: P R Nagaraju. Starring: Jayanth, Shwetha, Sayaji Shinde. Released in: 2008."
City Life,Souda,"Venu Madhav, Aziz, Koutilya, Sonu, Ameer, Moloni Patel",2008,Telugu,"Movie Title: City Life. Directed by: Souda. Starring: Venu Madhav, Aziz, Koutilya, Sonu, Ameer, Moloni Patel. Released in: 2008."
Dhyeyam,Jayasimha Reddy,"Sai Kiran, Karishma Kotak, Venu Madhav",2008,Telugu,"Movie Title: Dhyeyam. Directed by: Jayasimha Reddy. Starring: Sai Kiran, Karishma Kotak, Venu Madhav. Released in: 2008."
Dongala Bandi,Satish Vegesna,"Allari Naresh, Tanya, Pooja Bharathi, Kovai Sarala, Venu Madhav",2008,Telugu,"Movie Title: Dongala Bandi. Directed by: Satish Vegesna. Starring: Allari Naresh, Tanya, Pooja Bharathi, Kovai Sarala, Venu Madhav. Released in: 2008."
Maska,B. Gopal,"Ram, Hansika Motwani, Sheela",2009,Telugu,"Movie Title: Maska. Directed by: B. Gopal. Starring: Ram, Hansika Motwani, Sheela. Released in: 2009."
Nachavule,Ravi Babu,"Tanish, Madhavi Latha",2008,Telugu,"Movie Title: Nachavule. Directed by: Ravi Babu. Starring: Tanish, Madhavi Latha. Released in: 2008."
Neninthe,Puri Jagannadh,"Ravi Teja, Siya",2008,Telugu,"Movie Title: Neninthe. Directed by: Puri Jagannadh. Starring: Ravi Teja, Siya. Released in: 2008."
Veedu Mamoolodu Kadu,Ravi Sarma,"Rishi, Gopika, Vijay Samrat",2008,Telugu,"Movie Title: Veedu Mamoolodu Kadu. Directed by: Ravi Sarma. Starring: Rishi, Gopika, Vijay Samrat. Released in: 2008."
Pillalu Techina Annala Rajyam,C. H. M. Krishna,"Prasad Babu, Ravindra, Narasimha Raju",2001,Telugu,"Movie Title: Pillalu Techina Annala Rajyam. Directed by: C. H. M. Krishna. Starring: Prasad Babu, Ravindra, Narasimha Raju. Released in: 2001."
Madhura Kshanam,Aalla Rambabu,"Chalapathi, Aarti Chhabria",2001,Telugu,"Movie Title: Madhura Kshanam. Directed by: Aalla Rambabu. Starring: Chalapathi, Aarti Chhabria. Released in: 2001."
Sasirekha Parinayam,Krishna Vamsi,"Tarun, Genelia D'Souza",2009,Telugu,"Movie Title: Sasirekha Parinayam. Directed by: Krishna Vamsi. Starring: Tarun, Genelia D'Souza. Released in: 2009."
Myaav,Vidya,"Bhushan, Jackie Shroff, Gayathri Rao, Rachana, Waqar",2008,Telugu,"Movie Title: Myaav. Directed by: Vidya. Starring: Bhushan, Jackie Shroff, Gayathri Rao, Rachana, Waqar. Released in: 2008."
Villagelo Vinayakudu,Sai Kiran Adivi,"Krishnudu, Saranya Mohan",2009,Telugu,"Movie Title: Villagelo Vinayakudu. Directed by: Sai Kiran Adivi. Starring: Krishnudu, Saranya Mohan. Released in: 2009."
Prayanam,Chandra Sekhar Yeleti,"Manoj Manchu, Payal Ghosh",2009,Telugu,"Movie Title: Prayanam. Directed by: Chandra Sekhar Yeleti. Starring: Manoj Manchu, Payal Ghosh. Released in: 2009."
Neramu Siksha,Vijaya Nirmala,"Krishna, Vijaya Nirmala, Jayasudha, Akul Balaji",2009,Telugu,"Movie Title: Neramu Siksha. Directed by: Vijaya Nirmala. Starring: Krishna, Vijaya Nirmala, Jayasudha, Akul Balaji. Released in: 2009."
Murari,Krishna Vamsi,"Mahesh Babu, Sonali Bendre",2001,Telugu,"Movie Title: Murari. Directed by: Krishna Vamsi. Starring: Mahesh Babu, Sonali Bendre. Released in: 2001."
Ammo Bomma,Relangi Narasimha Rao,"Rajendra Prasad, Suman",2001,Telugu,"Movie Title: Ammo Bomma. Directed by: Relangi Narasimha Rao. Starring: Rajendra Prasad, Suman. Released in: 2001."
Priyamaina Neeku,Balasekaran,"Tarun Kumar, Sneha",2001,Telugu,"Movie Title: Priyamaina Neeku. Directed by: Balasekaran. Starring: Tarun Kumar, Sneha. Released in: 2001."
Malli Inkoka Sari,Sahadev Reddy,"Sri Madhav, Sahana, Snehita",2001,Telugu,"Movie Title: Malli Inkoka Sari. Directed by: Sahadev Reddy. Starring: Sri Madhav, Sahana, Snehita. Released in: 2001."
Soori,Sankara Kumar,"J. D. Chakravarthy, Priyanka Upendra, Tanikella Bharani",2001,Telugu,"Movie Title: Soori. Directed by: Sankara Kumar. Starring: J. D. Chakravarthy, Priyanka Upendra, Tanikella Bharani. Released in: 2001."
Navvuthu Bathakalira,Kodi Ramakrishna,"J. D. Chakravarthy, Sangeeta",2001,Telugu,"Movie Title: Navvuthu Bathakalira. Directed by: Kodi Ramakrishna. Starring: J. D. Chakravarthy, Sangeeta. Released in: 2001."
Maa Ayana Sundarayya,Hari Babu,"Srihari, Sangeeta, Kota Srinivasa Rao",2001,Telugu,"Movie Title: Maa Ayana Sundarayya. Directed by: Hari Babu. Starring: Srihari, Sangeeta, Kota Srinivasa Rao. Released in: 2001."
Sivudu,Gosangi Krishna Rao,"Suresh, Satyaprakash, Sudhakar, M. S. Narayana",2001,Telugu,"Movie Title: Sivudu. Directed by: Gosangi Krishna Rao. Starring: Suresh, Satyaprakash, Sudhakar, M. S. Narayana. Released in: 2001."
Narasimha Naidu,B. Gopal,"Nandamuri Balakrishna, Simran, K. Vishwanath",2001,Telugu,"Movie Title: Narasimha Naidu. Directed by: B. Gopal. Starring: Nandamuri Balakrishna, Simran, K. Vishwanath. Released in: 2001."
Mrugaraju,Gunasekhar,"Chiranjeevi, Simran, Nagendra Babu",2001,Telugu,"Movie Title: Mrugaraju. Directed by: Gunasekhar. Starring: Chiranjeevi, Simran, Nagendra Babu. Released in: 2001."
Eenadu,Chakri Toleti,"Kamal Haasan, Venkatesh",2009,Telugu,"Movie Title: Eenadu. Directed by: Chakri Toleti. Starring: Kamal Haasan, Venkatesh. Released in: 2009."
Ninnu Kalisaka,Siva Nageswara Rao,"Santosh Samrat, Chaitanya Krishna, Dipa Shah, Piaa Bajpai",2009,Telugu,"Movie Title: Ninnu Kalisaka. Directed by: Siva Nageswara Rao. Starring: Santosh Samrat, Chaitanya Krishna, Dipa Shah, Piaa Bajpai. Released in: 2009."
Mahatma,Krishna Vamsi,"Srikanth, Bhavana",2009,Telugu,"Movie Title: Mahatma. Directed by: Krishna Vamsi. Starring: Srikanth, Bhavana. Released in: 2009."
Jayeebhava,Naren Kondepati,"Kalyan Ram, Hansika Motwani",2009,Telugu,"Movie Title: Jayeebhava. Directed by: Naren Kondepati. Starring: Kalyan Ram, Hansika Motwani. Released in: 2009."
Devi Putrudu,Kodi Ramakrishna,"Venkatesh, Soundarya, Anjala Zaveri",2001,Telugu,"Movie Title: Devi Putrudu. Directed by: Kodi Ramakrishna. Starring: Venkatesh, Soundarya, Anjala Zaveri. Released in: 2001."
Pistha,Sabha Ayyappan,"Vishal, Shriya Saran",2009,Telugu,"Movie Title: Pistha. Directed by: Sabha Ayyappan. Starring: Vishal, Shriya Saran. Released in: 2009."
Ganesh,M. Saravanan,"Ram, Kajal Aggarwal",2009,Telugu,"Movie Title: Ganesh. Directed by: M. Saravanan. Starring: Ram, Kajal Aggarwal. Released in: 2009."
Sankham,Siva,"Gopichand, Trisha Krishnan, Sathyaraj",2009,Telugu,"Movie Title: Sankham. Directed by: Siva. Starring: Gopichand, Trisha Krishnan, Sathyaraj. Released in: 2009."
Kavya's Diary,Karuna Prakash,"Charmy Kaur, Manjula Ghattamaneni",2009,Telugu,"Movie Title: Kavya's Diary. Directed by: Karuna Prakash. Starring: Charmy Kaur, Manjula Ghattamaneni. Released in: 2009."
Boni,Raj Pippalla,"Sumanth, Kriti Kharbanda, Trinetrudu",2009,Telugu,"Movie Title: Boni. Directed by: Raj Pippalla. Starring: Sumanth, Kriti Kharbanda, Trinetrudu. Released in: 2009."
Naa Style Veru,G. Ram Prasad,"Rajasekhar, Bhumika Chawla",2009,Telugu,"Movie Title: Naa Style Veru. Directed by: G. Ram Prasad. Starring: Rajasekhar, Bhumika Chawla. Released in: 2009."
Raju Maharaju,Durga Shankaranadh,"Mohan Babu, Sharwanand, Ramya Krishna",2009,Telugu,"Movie Title: Raju Maharaju. Directed by: Durga Shankaranadh. Starring: Mohan Babu, Sharwanand, Ramya Krishna. Released in: 2009."
Current,Surya Pratap,"Sushanth, Sneha Ullal",2009,Telugu,"Movie Title: Current. Directed by: Surya Pratap. Starring: Sushanth, Sneha Ullal. Released in: 2009."
Evaraina Epudaina,Marthand K. Shankar,"Varun Sandesh, Vimala Raman",2009,Telugu,"Movie Title: Evaraina Epudaina. Directed by: Marthand K. Shankar. Starring: Varun Sandesh, Vimala Raman. Released in: 2009."
Baanam,Chaitanya Dantuluri,"Nara Rohit, Vedhika",2009,Telugu,"Movie Title: Baanam. Directed by: Chaitanya Dantuluri. Starring: Nara Rohit, Vedhika. Released in: 2009."
Oy!,Anand Ranga,"Siddharth, Shamili, Sunil, Saptagiri, Napoleon",2009,Telugu,"Movie Title: Oy!. Directed by: Anand Ranga. Starring: Siddharth, Shamili, Sunil, Saptagiri, Napoleon. Released in: 2009."
Kalavaramaye Madilo,Satish Kasetty,"Swati Reddy, Kamal Kamaraju",2009,Telugu,"Movie Title: Kalavaramaye Madilo. Directed by: Satish Kasetty. Starring: Swati Reddy, Kamal Kamaraju. Released in: 2009."
Sorry Aunty,Natti Kumar,"Uttej, Gundu Hanumantha Rao, Tirupathi Prakash",2001,Telugu,"Movie Title: Sorry Aunty. Directed by: Natti Kumar. Starring: Uttej, Gundu Hanumantha Rao, Tirupathi Prakash. Released in: 2001."
Vengamamba,Uday Bhaskar,"Meena, Sarath Babu, Sai Kiran",2009,Telugu,"Movie Title: Vengamamba. Directed by: Uday Bhaskar. Starring: Meena, Sarath Babu, Sai Kiran. Released in: 2009."
Magadheera,S. S. Rajamouli,"Ram Charan Teja, Kajal Agarwal",2009,Telugu,"Movie Title: Magadheera. Directed by: S. S. Rajamouli. Starring: Ram Charan Teja, Kajal Agarwal. Released in: 2009."
Anjaneyulu,Parasuram (Bujji),"Ravi Teja, Nayantara, Sonu Sood",2009,Telugu,"Movie Title: Anjaneyulu. Directed by: Parasuram (Bujji). Starring: Ravi Teja, Nayantara, Sonu Sood. Released in: 2009."
Josh,Vasu Varma,"Naga Chaitanya, Karthika Nair, J. D. Chakravarthy",2009,Telugu,"Movie Title: Josh. Directed by: Vasu Varma. Starring: Naga Chaitanya, Karthika Nair, J. D. Chakravarthy. Released in: 2009."
Gopi Gopika Godavari,Vamsy,"Venu, Kamalinee Mukherjee",2009,Telugu,"Movie Title: Gopi Gopika Godavari. Directed by: Vamsy. Starring: Venu, Kamalinee Mukherjee. Released in: 2009."
Karma,Adivi Sesh,"Adivi Sesh, Jade Tailor, Sher Ali",2010,Telugu,"Movie Title: Karma. Directed by: Adivi Sesh. Starring: Adivi Sesh, Jade Tailor, Sher Ali. Released in: 2010."
Premaku Swagatam,S. V. Krishna Reddy,"J. D. Chakravarthy, Soundarya",2002,Telugu,"Movie Title: Premaku Swagatam. Directed by: S. V. Krishna Reddy. Starring: J. D. Chakravarthy, Soundarya. Released in: 2002."
Thimmaraju,Vemagiri,"Ali, Deepthi",2011,Telugu,"Movie Title: Thimmaraju. Directed by: Vemagiri. Starring: Ali, Deepthi. Released in: 2011."
Anta Mana Manchike,K. Veeru,"Rajendra Prasad, Rachana Banerjee, Asha Saini",2000,Telugu,"Movie Title: Anta Mana Manchike. Directed by: K. Veeru. Starring: Rajendra Prasad, Rachana Banerjee, Asha Saini. Released in: 2000."
Amayakudu,Bharathi Ganesh,"Krishnudu, Poonam Singar, Ananya",2011,Telugu,"Movie Title: Amayakudu. Directed by: Bharathi Ganesh. Starring: Krishnudu, Poonam Singar, Ananya. Released in: 2011."
Kodipunju,BVV Choudhary,"Tanish, Anchal Sabharwal, Roja",2011,Telugu,"Movie Title: Kodipunju. Directed by: BVV Choudhary. Starring: Tanish, Anchal Sabharwal, Roja. Released in: 2011."
Sanchalanam,B V Ramana Reddy,"Kamalakar, Saikumar, Supreet",2011,Telugu,"Movie Title: Sanchalanam. Directed by: B V Ramana Reddy. Starring: Kamalakar, Saikumar, Supreet. Released in: 2011."
Kandireega,Santosh Srinivas,"Ram, Hansika Motwani, Sonu Sood, Aksha Pardasany",2011,Telugu,"Movie Title: Kandireega. Directed by: Santosh Srinivas. Starring: Ram, Hansika Motwani, Sonu Sood, Aksha Pardasany. Released in: 2011."
Dhada,Ajay Bhuyan,"Naga Chaitanya, Kajal Aggarwal, Samiksha, Sreeram, Brahmanandam, Kelly Dorjee",2011,Telugu,"Movie Title: Dhada. Directed by: Ajay Bhuyan. Starring: Naga Chaitanya, Kajal Aggarwal, Samiksha, Sreeram, Brahmanandam, Kelly Dorjee. Released in: 2011."
Mugguru,V. N. Aditya,"Navdeep, Sivaji, Shraddha Das, Srinivas Avasarala, Sanjana, Reema Sen",2011,Telugu,"Movie Title: Mugguru. Directed by: V. N. Aditya. Starring: Navdeep, Sivaji, Shraddha Das, Srinivas Avasarala, Sanjana, Reema Sen. Released in: 2011."
Keratam,Gautam Patnaik,"Siddharth Rajkumar, Rakul Preet Singh, Aishwarya",2011,Telugu,"Movie Title: Keratam. Directed by: Gautam Patnaik. Starring: Siddharth Rajkumar, Rakul Preet Singh, Aishwarya. Released in: 2011."
Daggaraga Dooranga,Ravi Chavali,"Sumanth, Vedhika",2011,Telugu,"Movie Title: Daggaraga Dooranga. Directed by: Ravi Chavali. Starring: Sumanth, Vedhika. Released in: 2011."
"Money Money, More Money",J. D. Chakravarthy,"J. D. Chakravarthy, Gajala, Brahmanandam, Asha Saini",2011,Telugu,"Movie Title: Money Money, More Money. Directed by: J. D. Chakravarthy. Starring: J. D. Chakravarthy, Gajala, Brahmanandam, Asha Saini. Released in: 2011."
Nenu Nanna Abaddam,Govind Varaha,"Nandu, Divya, Archana",2011,Telugu,"Movie Title: Nenu Nanna Abaddam. Directed by: Govind Varaha. Starring: Nandu, Divya, Archana. Released in: 2011."
Aakasame Haddu,Raavicharan,"Navdeep, Rajeev Saluri, Panchi Bora",2011,Telugu,"Movie Title: Aakasame Haddu. Directed by: Raavicharan. Starring: Navdeep, Rajeev Saluri, Panchi Bora. Released in: 2011."
Poru Telangana,R. Narayana Murthy,R. Narayana Murthy,2011,Telugu,Movie Title: Poru Telangana. Directed by: R. Narayana Murthy. Starring: R. Narayana Murthy. Released in: 2011.
Chiru Navvutho,Vijaybhaskar,"Venu Thottempudi, Shaheen Khan, Sunil",2000,Telugu,"Movie Title: Chiru Navvutho. Directed by: Vijaybhaskar. Starring: Venu Thottempudi, Shaheen Khan, Sunil. Released in: 2000."
Vijayaramaraju,Veera Shankar,"Srihari, Urvashi",2000,Telugu,"Movie Title: Vijayaramaraju. Directed by: Veera Shankar. Starring: Srihari, Urvashi. Released in: 2000."
Subhavela,Ramana,"Ravikanth, Anasuya",2000,Telugu,"Movie Title: Subhavela. Directed by: Ramana. Starring: Ravikanth, Anasuya. Released in: 2000."
Mangala,Osho Thulasi Ram,"Charmy Kaur, Pradeep Rawat, Subhash",2011,Telugu,"Movie Title: Mangala. Directed by: Osho Thulasi Ram. Starring: Charmy Kaur, Pradeep Rawat, Subhash. Released in: 2011."
Vara Prasad Potti Prasad,Satya Varanasi,"Srinivas Avasarala, Vijay Sai, Karina Shah, Priya Ahuja",2011,Telugu,"Movie Title: Vara Prasad Potti Prasad. Directed by: Satya Varanasi. Starring: Srinivas Avasarala, Vijay Sai, Karina Shah, Priya Ahuja. Released in: 2011."
Kudirithe Kappu Coffee,Ramana Salva,"Varun Sandesh, Suma Bhattacharya",2011,Telugu,"Movie Title: Kudirithe Kappu Coffee. Directed by: Ramana Salva. Starring: Varun Sandesh, Suma Bhattacharya. Released in: 2011."
LBW: Life Before Wedding,Praveen Sattaru,"Abhijith Pundla, Asif Raj, Chinmayi Ghatrazu, Siddhu Jonnalagadda, Nishanthi Evani",2011,Telugu,"Movie Title: LBW: Life Before Wedding. Directed by: Praveen Sattaru. Starring: Abhijith Pundla, Asif Raj, Chinmayi Ghatrazu, Siddhu Jonnalagadda, Nishanthi Evani. Released in: 2011."
Dookudu,Srinu Vaitla,"Mahesh Babu, Samantha Ruth Prabhu, Sonu Sood, Prakash Raj",2011,Telugu,"Movie Title: Dookudu. Directed by: Srinu Vaitla. Starring: Mahesh Babu, Samantha Ruth Prabhu, Sonu Sood, Prakash Raj. Released in: 2011."
Madatha Kaja,Seetarama Raju,"Allari Naresh, Sneha Ullal",2011,Telugu,"Movie Title: Madatha Kaja. Directed by: Seetarama Raju. Starring: Allari Naresh, Sneha Ullal. Released in: 2011."
Cricket Girls & Beer,S. Umesh Kumar,"Adarsh Balakrishna, Surya Tej, Naga Shourya, Sindhu Affan",2011,Telugu,"Movie Title: Cricket Girls & Beer. Directed by: S. Umesh Kumar. Starring: Adarsh Balakrishna, Surya Tej, Naga Shourya, Sindhu Affan. Released in: 2011."
Vankaya Fry,Chandramouli,"Sumith Arora, Anu Smrithi, Brahmanandam",2011,Telugu,"Movie Title: Vankaya Fry. Directed by: Chandramouli. Starring: Sumith Arora, Anu Smrithi, Brahmanandam. Released in: 2011."
Oosaravelli,Surender reddy,"N. T. Rama Rao Jr., Tamannaah, Shaam",2011,Telugu,"Movie Title: Oosaravelli. Directed by: Surender reddy. Starring: N. T. Rama Rao Jr., Tamannaah, Shaam. Released in: 2011."
Pilla Zamindar,G. Ashok,"Nani, Haripriya, Bindu Madhavi",2011,Telugu,"Movie Title: Pilla Zamindar. Directed by: G. Ashok. Starring: Nani, Haripriya, Bindu Madhavi. Released in: 2011."
Nuvvila,Ravi Babu,"Havish, Ajay, Prasad Barve, Vijay Sai, Yami Gautam, Sarayu, Remya Nambeesan",2011,Telugu,"Movie Title: Nuvvila. Directed by: Ravi Babu. Starring: Havish, Ajay, Prasad Barve, Vijay Sai, Yami Gautam, Sarayu, Remya Nambeesan. Released in: 2011."
Mogudu,Krishna Vamshi,"Gopichand, Taapsee Pannu, Shraddha Das",2011,Telugu,"Movie Title: Mogudu. Directed by: Krishna Vamshi. Starring: Gopichand, Taapsee Pannu, Shraddha Das. Released in: 2011."
Maa Annayya,Raviraja Pinisetty,"Rajasekhar, Meena, Deepti Bhatnagar",2000,Telugu,"Movie Title: Maa Annayya. Directed by: Raviraja Pinisetty. Starring: Rajasekhar, Meena, Deepti Bhatnagar. Released in: 2000."
College,Ravi Chavali,"Sivaji, Manya",2000,Telugu,"Movie Title: College. Directed by: Ravi Chavali. Starring: Sivaji, Manya. Released in: 2000."
Devullu,Kodi Ramakrishna,"Ramya Krishna, Raasi, Srikanth, Laya, Rajendra Prasad",2000,Telugu,"Movie Title: Devullu. Directed by: Kodi Ramakrishna. Starring: Ramya Krishna, Raasi, Srikanth, Laya, Rajendra Prasad. Released in: 2000."
Key,Nagendra Prasad,Jagapati Babu,2011,Telugu,Movie Title: Key. Directed by: Nagendra Prasad. Starring: Jagapati Babu. Released in: 2011.
Vykuntapali,Satyadeep Reddy,"Krishnudu, Ajay, Ranadhir Reddy, Tashu Kaushik, Subbaraju",2011,Telugu,"Movie Title: Vykuntapali. Directed by: Satyadeep Reddy. Starring: Krishnudu, Ajay, Ranadhir Reddy, Tashu Kaushik, Subbaraju. Released in: 2011."
Dushasana,Posani Krishna Murali,"Srikanth, Sanjana, Tashu Kaushik, Brahmanandam",2011,Telugu,"Movie Title: Dushasana. Directed by: Posani Krishna Murali. Starring: Srikanth, Sanjana, Tashu Kaushik, Brahmanandam. Released in: 2011."
Veera,Ramesh Varma,"Ravi Teja, Kajal Aggarwal, Taapsee Pannu",2011,Telugu,"Movie Title: Veera. Directed by: Ramesh Varma. Starring: Ravi Teja, Kajal Aggarwal, Taapsee Pannu. Released in: 2011."
Seema Tapakai,G. Nageshwar Reddy,"Allari Naresh, Poorna",2011,Telugu,"Movie Title: Seema Tapakai. Directed by: G. Nageshwar Reddy. Starring: Allari Naresh, Poorna. Released in: 2011."
100% Love,Sukumar,"Naga Chaitanya, Tamannaah Bhatia, Tara Alisha",2011,Telugu,"Movie Title: 100% Love. Directed by: Sukumar. Starring: Naga Chaitanya, Tamannaah Bhatia, Tara Alisha. Released in: 2011."
Nenu Naa Rakshasi,Puri Jagannadh,"Rana Daggubati, Ileana D'Cruz, Abhimanyu Singh, Mumaith Khan",2011,Telugu,"Movie Title: Nenu Naa Rakshasi. Directed by: Puri Jagannadh. Starring: Rana Daggubati, Ileana D'Cruz, Abhimanyu Singh, Mumaith Khan. Released in: 2011."
Koffi Bar,Geetha Krishna,"Shashank, Bianca Desai",2011,Telugu,"Movie Title: Koffi Bar. Directed by: Geetha Krishna. Starring: Shashank, Bianca Desai. Released in: 2011."
Mr. Perfect,Dasrath,"Prabhas, Kajal Aggarwal, Taapsee Pannu, Prakash Raj",2011,Telugu,"Movie Title: Mr. Perfect. Directed by: Dasrath. Starring: Prabhas, Kajal Aggarwal, Taapsee Pannu, Prakash Raj. Released in: 2011."
Galli Kurrolu,Sai Venkat,"Naga Varma, Shefali Sharma",2011,Telugu,"Movie Title: Galli Kurrolu. Directed by: Sai Venkat. Starring: Naga Varma, Shefali Sharma. Released in: 2011."
Teen Maar,Jayanth C. Paranjee,"Pawan Kalyan, Trisha Krishnan, Kriti Kharbanda",2011,Telugu,"Movie Title: Teen Maar. Directed by: Jayanth C. Paranjee. Starring: Pawan Kalyan, Trisha Krishnan, Kriti Kharbanda. Released in: 2011."
Lokame Kothaga,Bharath Parepalli,"Shivaji, Aditi Agarwal",2011,Telugu,"Movie Title: Lokame Kothaga. Directed by: Bharath Parepalli. Starring: Shivaji, Aditi Agarwal. Released in: 2011."
Manchivadu,Deepthi,"Tanish, Bhama, K. Vishwanath, Chandramohan",2011,Telugu,"Movie Title: Manchivadu. Directed by: Deepthi. Starring: Tanish, Bhama, K. Vishwanath, Chandramohan. Released in: 2011."
Sakthi,Meher Ramesh,"Jr. NTR, Ileana D'Cruz, Prabhu, Manjari Phadnis, Jackie Shroff, Pooja Bedi, Ali, Brahmanandam",2011,Telugu,"Movie Title: Sakthi. Directed by: Meher Ramesh. Starring: Jr. NTR, Ileana D'Cruz, Prabhu, Manjari Phadnis, Jackie Shroff, Pooja Bedi, Ali, Brahmanandam. Released in: 2011."
Chattam,Arun Prasad P. A.,"Jagapathi Babu, Vimala Raman, Ashish Vidyarthi",2011,Telugu,"Movie Title: Chattam. Directed by: Arun Prasad P. A.. Starring: Jagapathi Babu, Vimala Raman, Ashish Vidyarthi. Released in: 2011."
Babloo,Ravichandran Reddy,"Mano Tej, Aditi Sharma, Mukul Dev",2011,Telugu,"Movie Title: Babloo. Directed by: Ravichandran Reddy. Starring: Mano Tej, Aditi Sharma, Mukul Dev. Released in: 2011."
Karalu Miriyalu,Pasupuleti Venkata Rama Rao,"Navakesh, Madhu Shalini",2011,Telugu,"Movie Title: Karalu Miriyalu. Directed by: Pasupuleti Venkata Rama Rao. Starring: Navakesh, Madhu Shalini. Released in: 2011."
Raaj,V. N. Aditya,"Sumanth, Priyamani, Vimala Raman",2011,Telugu,"Movie Title: Raaj. Directed by: V. N. Aditya. Starring: Sumanth, Priyamani, Vimala Raman. Released in: 2011."
Badrinath,V.V. Vinayak,"Allu Arjun, Tamannaah Bhatia, Prakash Raj",2011,Telugu,"Movie Title: Badrinath. Directed by: V.V. Vinayak. Starring: Allu Arjun, Tamannaah Bhatia, Prakash Raj. Released in: 2011."
180,Jayendra,"Siddharth, Nithya Menen, Priya Anand, Tanikella Bharani, Mouli, Geetha",2011,Telugu,"Movie Title: 180. Directed by: Jayendra. Starring: Siddharth, Nithya Menen, Priya Anand, Tanikella Bharani, Mouli, Geetha. Released in: 2011."
Nagaram Nidrapotunna Vela,Premraj,"Jagapathi Babu, Charmee Kaur",2011,Telugu,"Movie Title: Nagaram Nidrapotunna Vela. Directed by: Premraj. Starring: Jagapathi Babu, Charmee Kaur. Released in: 2011."
Brahmi Gadi Katha,Eeshwar Reddy,"Varun Sandesh, Asmita Sood, Poonam Kaur, Brahmanandam",2011,Telugu,"Movie Title: Brahmi Gadi Katha. Directed by: Eeshwar Reddy. Starring: Varun Sandesh, Asmita Sood, Poonam Kaur, Brahmanandam. Released in: 2011."
Virodhi,Neelakanta,"Srikanth, Kamalini Mukherjee, Ajay",2011,Telugu,"Movie Title: Virodhi. Directed by: Neelakanta. Starring: Srikanth, Kamalini Mukherjee, Ajay. Released in: 2011."
Dongala Mutha,"Ram Gopal Varma, Puri Jagannadh","Ravi Teja, Charmy Kaur, Prakash Raj, Lakshmi Manchu, Sunil",2011,Telugu,"Movie Title: Dongala Mutha. Directed by: Ram Gopal Varma, Puri Jagannadh. Starring: Ravi Teja, Charmy Kaur, Prakash Raj, Lakshmi Manchu, Sunil. Released in: 2011."
Nitya Pellikoduku,Alahari,"Posani Krishna Murali, Apoorva, Gowri Pandit",2011,Telugu,"Movie Title: Nitya Pellikoduku. Directed by: Alahari. Starring: Posani Krishna Murali, Apoorva, Gowri Pandit. Released in: 2011."
Orange,Bhaskar,"Ram Charan Teja, Genelia D'Souza, Shazahn Padamsee",2010,Telugu,"Movie Title: Orange. Directed by: Bhaskar. Starring: Ram Charan Teja, Genelia D'Souza, Shazahn Padamsee. Released in: 2010."
NTR Nagar,Babji,"Dupes, Manichandana",2000,Telugu,"Movie Title: NTR Nagar. Directed by: Babji. Starring: Dupes, Manichandana. Released in: 2000."
Sri Sai Mahima,Ashok Kumar,"Om Prakash Rao, Jayasudha",2000,Telugu,"Movie Title: Sri Sai Mahima. Directed by: Ashok Kumar. Starring: Om Prakash Rao, Jayasudha. Released in: 2000."
Sri Srimati Satyabhama,S. V. Krishna Reddy,"Rahman, Vijayashanti",2000,Telugu,"Movie Title: Sri Srimati Satyabhama. Directed by: S. V. Krishna Reddy. Starring: Rahman, Vijayashanti. Released in: 2000."
Bachi,Puri Jagannadh,"Jagapathi Babu, Neelambari, Kota Srinivasa Rao, Prakash Raj",2000,Telugu,"Movie Title: Bachi. Directed by: Puri Jagannadh. Starring: Jagapathi Babu, Neelambari, Kota Srinivasa Rao, Prakash Raj. Released in: 2000."
Maaro,Siddique,"Nitin, Meera Chopra, Abbas, Kota Srinivasa Rao",2011,Telugu,"Movie Title: Maaro. Directed by: Siddique. Starring: Nitin, Meera Chopra, Abbas, Kota Srinivasa Rao. Released in: 2011."
It's My Love Story,Madhura Sreedhar,"Arvind Krishna, Nikita Narayan, Jayasudha, Sarath Babu",2011,Telugu,"Movie Title: It's My Love Story. Directed by: Madhura Sreedhar. Starring: Arvind Krishna, Nikita Narayan, Jayasudha, Sarath Babu. Released in: 2011."
Oh My Friend,Venu Sriram,"Siddarth, Shruti Haasan, Navdeep, Hansika Motwani",2011,Telugu,"Movie Title: Oh My Friend. Directed by: Venu Sriram. Starring: Siddarth, Shruti Haasan, Navdeep, Hansika Motwani. Released in: 2011."
Chalo Assembly,Narayana Murthy,"Narayana Murthy, Usha",2000,Telugu,"Movie Title: Chalo Assembly. Directed by: Narayana Murthy. Starring: Narayana Murthy, Usha. Released in: 2000."
Nuvve Kavali,Vijayabhaskar,"Tarun Kumar, Richa Pallod, Saikiran",2000,Telugu,"Movie Title: Nuvve Kavali. Directed by: Vijayabhaskar. Starring: Tarun Kumar, Richa Pallod, Saikiran. Released in: 2000."
Jayam Manadera,N. Shankar,"Venkatesh, Soundarya",2000,Telugu,"Movie Title: Jayam Manadera. Directed by: N. Shankar. Starring: Venkatesh, Soundarya. Released in: 2000."
Rojuko Roja,G. J. Raja,"Raja Vikram, Rashmita, Swapna Sri",2000,Telugu,"Movie Title: Rojuko Roja. Directed by: G. J. Raja. Starring: Raja Vikram, Rashmita, Swapna Sri. Released in: 2000."
Vamsi,B. Gopal,"Mahesh Babu, Namrata Shirodkar, Krishna Ghattamaneni",2000,Telugu,"Movie Title: Vamsi. Directed by: B. Gopal. Starring: Mahesh Babu, Namrata Shirodkar, Krishna Ghattamaneni. Released in: 2000."
Azad,Tirupathy Swami,"Nagarjuna, Raghuvaran, Soundarya, Shilpa Shetty, Prakash Raj",2000,Telugu,"Movie Title: Azad. Directed by: Tirupathy Swami. Starring: Nagarjuna, Raghuvaran, Soundarya, Shilpa Shetty, Prakash Raj. Released in: 2000."
Tensionlo Tension,D Ranga Rao,"Ajay, Manichandana",2000,Telugu,"Movie Title: Tensionlo Tension. Directed by: D Ranga Rao. Starring: Ajay, Manichandana. Released in: 2000."
Ayodhya Ramayya,Chandra Mahesh,"Srihari, Bhanupriya",2000,Telugu,"Movie Title: Ayodhya Ramayya. Directed by: Chandra Mahesh. Starring: Srihari, Bhanupriya. Released in: 2000."
Rayalaseema Ramanna Chowdary,Ravi Raja Pinisetty,"Mohan Babu, Jaya Sudha, Priya Gill",2000,Telugu,"Movie Title: Rayalaseema Ramanna Chowdary. Directed by: Ravi Raja Pinisetty. Starring: Mohan Babu, Jaya Sudha, Priya Gill. Released in: 2000."
Ninne Premistha,R. R. Shinde,"Nagarjuna, Srikanth, Soundarya",2000,Telugu,"Movie Title: Ninne Premistha. Directed by: R. R. Shinde. Starring: Nagarjuna, Srikanth, Soundarya. Released in: 2000."
Bhavani,Subba Rao,"Suresh, Babloo Prithviraj, Manya",2000,Telugu,"Movie Title: Bhavani. Directed by: Subba Rao. Starring: Suresh, Babloo Prithviraj, Manya. Released in: 2000."
Broker,R. P. Patnaik,"R. P. Patnaik, Srihari, Asha Saini",2010,Telugu,"Movie Title: Broker. Directed by: R. P. Patnaik. Starring: R. P. Patnaik, Srihari, Asha Saini. Released in: 2010."
Moodu Mukkalaata,K. Raghavendra Rao,"Jagapathi Babu, Soundarya, Rambha, Raasi",2000,Telugu,"Movie Title: Moodu Mukkalaata. Directed by: K. Raghavendra Rao. Starring: Jagapathi Babu, Soundarya, Rambha, Raasi. Released in: 2000."
Bachelors 2,Jakir,"Jakir, Avinn, Mahabub bhasha, Rajsekhar, Tripti sharma Ali",2012,Telugu,"Movie Title: Bachelors 2. Directed by: Jakir. Starring: Jakir, Avinn, Mahabub bhasha, Rajsekhar, Tripti sharma Ali. Released in: 2012."
Bodyguard,Gopichand Malineni,"Venkatesh, Trisha Krishnan, Saloni Aswani, Prakash Raj",2012,Telugu,"Movie Title: Bodyguard. Directed by: Gopichand Malineni. Starring: Venkatesh, Trisha Krishnan, Saloni Aswani, Prakash Raj. Released in: 2012."
Businessman,Puri Jagannadh,"Mahesh Babu, Kajal Aggarwal, Prakash Raj, Nassar, Sayaji Shinde",2012,Telugu,"Movie Title: Businessman. Directed by: Puri Jagannadh. Starring: Mahesh Babu, Kajal Aggarwal, Prakash Raj, Nassar, Sayaji Shinde. Released in: 2012."
Nandeeswarudu,Srinu Yajarala,"Taraka Ratna, Sheena Shahabadi, Rajeev Kanakala",2012,Telugu,"Movie Title: Nandeeswarudu. Directed by: Srinu Yajarala. Starring: Taraka Ratna, Sheena Shahabadi, Rajeev Kanakala. Released in: 2012."
Ayyare,Saagar K Chandra,"Saagar K Chandra,Rajendra Prasad, Sai Kumar, Sivaji",2012,Telugu,"Movie Title: Ayyare. Directed by: Saagar K Chandra. Starring: Saagar K Chandra,Rajendra Prasad, Sai Kumar, Sivaji. Released in: 2012."
Ranga The Donga,G. V. Sudhakar Naidu,"Srikanth, Vimala Raman, Ramya Krishna",2010,Telugu,"Movie Title: Ranga The Donga. Directed by: G. V. Sudhakar Naidu. Starring: Srikanth, Vimala Raman, Ramya Krishna. Released in: 2010."
Ramadandu,Satish Vegesna,"Krishnudu, Soumya, Bharath",2012,Telugu,"Movie Title: Ramadandu. Directed by: Satish Vegesna. Starring: Krishnudu, Soumya, Bharath. Released in: 2012."
Ragada,Veeru Potla,"Nagarjuna, Anushka Shetty, Priyamani",2010,Telugu,"Movie Title: Ragada. Directed by: Veeru Potla. Starring: Nagarjuna, Anushka Shetty, Priyamani. Released in: 2010."
Nagavalli,P. Vasu,"Venkatesh, Anushka Shetty, Richa Gangopadhyay, Shraddha Das, Kamalinee Mukherjee, Poonam Kaur",2010,Telugu,"Movie Title: Nagavalli. Directed by: P. Vasu. Starring: Venkatesh, Anushka Shetty, Richa Gangopadhyay, Shraddha Das, Kamalinee Mukherjee, Poonam Kaur. Released in: 2010."
Manasara,Ravi Babu,"Vikram, Sri Divya",2010,Telugu,"Movie Title: Manasara. Directed by: Ravi Babu. Starring: Vikram, Sri Divya. Released in: 2010."
Kathi Kantha Rao,E. V. V. Satyanarayana,"Allari Naresh, Kamna Jethmalani, Krishna Bhagawan",2010,Telugu,"Movie Title: Kathi Kantha Rao. Directed by: E. V. V. Satyanarayana. Starring: Allari Naresh, Kamna Jethmalani, Krishna Bhagawan. Released in: 2010."
Love Cheste,Dhruva Nag,"Vishnu, Manjulika, Siddhi Mamre",2012,Telugu,"Movie Title: Love Cheste. Directed by: Dhruva Nag. Starring: Vishnu, Manjulika, Siddhi Mamre. Released in: 2012."
Alibaba Intlo Andaru Dongale,Neelam K Sekar,"V Ramana, Jyothi Lal",2012,Telugu,"Movie Title: Alibaba Intlo Andaru Dongale. Directed by: Neelam K Sekar. Starring: V Ramana, Jyothi Lal. Released in: 2012."
Dhoni,Prakash Raj,"Prakash Raj, Aakash, Sriteja, Radhika Apte",2012,Telugu,"Movie Title: Dhoni. Directed by: Prakash Raj. Starring: Prakash Raj, Aakash, Sriteja, Radhika Apte. Released in: 2012."
Rakta Charitra 2,Ram Gopal Varma,"Vivek Oberoi, Sudeep, Radhika Apte",2010,Telugu,"Movie Title: Rakta Charitra 2. Directed by: Ram Gopal Varma. Starring: Vivek Oberoi, Sudeep, Radhika Apte. Released in: 2010."
Sri Rama Rajyam,Bapu,"Akkineni Nageswara Rao, Nandamuri Balakrishna, Srikanth, Nayantara, Jayasudha, K. R. Vijaya, Saikumar",2011,Telugu,"Movie Title: Sri Rama Rajyam. Directed by: Bapu. Starring: Akkineni Nageswara Rao, Nandamuri Balakrishna, Srikanth, Nayantara, Jayasudha, K. R. Vijaya, Saikumar. Released in: 2011."
Unmadi,T. Krishna,"Surya, Sishwa, Ranjani",2000,Telugu,"Movie Title: Unmadi. Directed by: T. Krishna. Starring: Surya, Sishwa, Ranjani. Released in: 2000."
Prema Sagaram,A. Majeed,"Hasan, Shouri",2011,Telugu,"Movie Title: Prema Sagaram. Directed by: A. Majeed. Starring: Hasan, Shouri. Released in: 2011."
Ammo! Okato Tareekhu,E. V. V. Satyanarayana,"Srikanth, Suresh, Raasi",2000,Telugu,"Movie Title: Ammo! Okato Tareekhu. Directed by: E. V. V. Satyanarayana. Starring: Srikanth, Suresh, Raasi. Released in: 2000."
Veedu Theda,Chinni Krishna,"Nikhil Siddharth, Pooja Bose",2011,Telugu,"Movie Title: Veedu Theda. Directed by: Chinni Krishna. Starring: Nikhil Siddharth, Pooja Bose. Released in: 2011."
Solo,Parashuram,"Nara Rohit, Nisha Aggarwal, Prakash Raj",2011,Telugu,"Movie Title: Solo. Directed by: Parashuram. Starring: Nara Rohit, Nisha Aggarwal, Prakash Raj. Released in: 2011."
Bejawada,Vivek Krishna,"Naga Chaitanya, Amala Paul, Prabhu, Abhimanyu Singh, Mukul Dev, Ajay, Brahmanandam, Kota Srinivasa Rao",2011,Telugu,"Movie Title: Bejawada. Directed by: Vivek Krishna. Starring: Naga Chaitanya, Amala Paul, Prabhu, Abhimanyu Singh, Mukul Dev, Ajay, Brahmanandam, Kota Srinivasa Rao. Released in: 2011."
Panjaa,Vishnuvardhan,"Pawan Kalyan, Sarah Jane Dias, Jackie Shroff, Anjali Lavania, Adivi Sesh, Atul Kulkarni",2011,Telugu,"Movie Title: Panjaa. Directed by: Vishnuvardhan. Starring: Pawan Kalyan, Sarah Jane Dias, Jackie Shroff, Anjali Lavania, Adivi Sesh, Atul Kulkarni. Released in: 2011."
Priyudu,Shravan,"Varun Sandesh, Preetika Rao, Shweta Prasad",2011,Telugu,"Movie Title: Priyudu. Directed by: Shravan. Starring: Varun Sandesh, Preetika Rao, Shweta Prasad. Released in: 2011."
Aha Naa Pellanta!,Veera Brahmam,"Allari Naresh, Ritu Barmecha",2011,Telugu,"Movie Title: Aha Naa Pellanta!. Directed by: Veera Brahmam. Starring: Allari Naresh, Ritu Barmecha. Released in: 2011."
Katha Screenplay Darsakatvam Appalaraju,Ram Gopal Varma,"Sunil, Swati Reddy, Brahmanandam, Sakshi Gulati",2011,Telugu,"Movie Title: Katha Screenplay Darsakatvam Appalaraju. Directed by: Ram Gopal Varma. Starring: Sunil, Swati Reddy, Brahmanandam, Sakshi Gulati. Released in: 2011."
Vastadu Naa Raju,Hemant Madhukar,"Vishnu Manchu, Taapsee Pannu, Prakash Raj",2011,Telugu,"Movie Title: Vastadu Naa Raju. Directed by: Hemant Madhukar. Starring: Vishnu Manchu, Taapsee Pannu, Prakash Raj. Released in: 2011."
Durga,R. K. Selvamani,"Roja, Venu Thottempudi",2000,Telugu,"Movie Title: Durga. Directed by: R. K. Selvamani. Starring: Roja, Venu Thottempudi. Released in: 2000."
Gaganam,Radha Mohan,"Nagarjuna, Poonam Kaur, Prakash Raj, Sana Khan",2011,Telugu,"Movie Title: Gaganam. Directed by: Radha Mohan. Starring: Nagarjuna, Poonam Kaur, Prakash Raj, Sana Khan. Released in: 2011."
Uncle,Raja Sekhar,"Tarun, Pallavi",2000,Telugu,"Movie Title: Uncle. Directed by: Raja Sekhar. Starring: Tarun, Pallavi. Released in: 2000."
Tirumala Tirupati Venkatesa,Sathibabu,"Srikanth, Ravi Teja, Roja, Maheswari",2000,Telugu,"Movie Title: Tirumala Tirupati Venkatesa. Directed by: Sathibabu. Starring: Srikanth, Ravi Teja, Roja, Maheswari. Released in: 2000."
Rakshana,Venu Pal,"Rajiv Kanakala, Karan, Parineeta",2011,Telugu,"Movie Title: Rakshana. Directed by: Venu Pal. Starring: Rajiv Kanakala, Karan, Parineeta. Released in: 2011."
Vaareva,Kalyan Mantena,"Vassudev Reddy, Shambhavi",2011,Telugu,"Movie Title: Vaareva. Directed by: Kalyan Mantena. Starring: Vassudev Reddy, Shambhavi. Released in: 2011."
Jai Bolo Telangana,N.Shankar,"Jagapati Babu, Sandeep, Meera Nandan, Smriti Irani, K. Chandrashekar Rao",2011,Telugu,"Movie Title: Jai Bolo Telangana. Directed by: N.Shankar. Starring: Jagapati Babu, Sandeep, Meera Nandan, Smriti Irani, K. Chandrashekar Rao. Released in: 2011."
Rajanna,Vijayendra Prasad,"Nagarjuna, Sneha, Shweta Menon, Baby Aney, Nassar, Pradeep Rawat",2011,Telugu,"Movie Title: Rajanna. Directed by: Vijayendra Prasad. Starring: Nagarjuna, Sneha, Shweta Menon, Baby Aney, Nassar, Pradeep Rawat. Released in: 2011."
Ala Modalaindi,Nandini Reddy,"Nani, Nithya Menen",2011,Telugu,"Movie Title: Ala Modalaindi. Directed by: Nandini Reddy. Starring: Nani, Nithya Menen. Released in: 2011."
Kshetram,T. Venugopal,"Jagapathi Babu, Priyamani, Shaam",2011,Telugu,"Movie Title: Kshetram. Directed by: T. Venugopal. Starring: Jagapathi Babu, Priyamani, Shaam. Released in: 2011."
Golconda High School,Mohan Krishna Indraganti,"Sumanth, Swati Reddy",2011,Telugu,"Movie Title: Golconda High School. Directed by: Mohan Krishna Indraganti. Starring: Sumanth, Swati Reddy. Released in: 2011."
Anaganaga O Dheerudu,Prakash Kovelamudi,"Siddharth, Shruti Haasan, Lakshmi Manchu",2011,Telugu,"Movie Title: Anaganaga O Dheerudu. Directed by: Prakash Kovelamudi. Starring: Siddharth, Shruti Haasan, Lakshmi Manchu. Released in: 2011."
Mirapakay,Harish Shankar,"Ravi Teja, Richa Gangopadhyay, Deeksha Seth",2011,Telugu,"Movie Title: Mirapakay. Directed by: Harish Shankar. Starring: Ravi Teja, Richa Gangopadhyay, Deeksha Seth. Released in: 2011."
Parama Veera Chakra,Dasari Narayana Rao,"Nandamuri Balakrishna, Sheela, Amisha Patel, Neha Dhupia",2011,Telugu,"Movie Title: Parama Veera Chakra. Directed by: Dasari Narayana Rao. Starring: Nandamuri Balakrishna, Sheela, Amisha Patel, Neha Dhupia. Released in: 2011."
Graduate,Prasad Rayala,"Akshay, Rithika Sood, Tashu Kaushik",2011,Telugu,"Movie Title: Graduate. Directed by: Prasad Rayala. Starring: Akshay, Rithika Sood, Tashu Kaushik. Released in: 2011."
Wanted,BVS Ravi,"Gopichand, Deeksha Seth, Prakash Raj, Nassar, Jayasudha",2011,Telugu,"Movie Title: Wanted. Directed by: BVS Ravi. Starring: Gopichand, Deeksha Seth, Prakash Raj, Nassar, Jayasudha. Released in: 2011."
Sakutumba Saparivaara Sametam,S. V. Krishna Reddy,"Akkineni Nageswara Rao, Srikanth, Suhasini Maniratnam, Jayalakshmi",2000,Telugu,"Movie Title: Sakutumba Saparivaara Sametam. Directed by: S. V. Krishna Reddy. Starring: Akkineni Nageswara Rao, Srikanth, Suhasini Maniratnam, Jayalakshmi. Released in: 2000."
Okkade Kaani Iddaru,,Sanghavi,2005,Telugu,Movie Title: Okkade Kaani Iddaru. Directed by: . Starring: Sanghavi. Released in: 2005.
Vamsham,,"Nagababu, Chandramohan, Baladitya",2005,Telugu,"Movie Title: Vamsham. Directed by: . Starring: Nagababu, Chandramohan, Baladitya. Released in: 2005."
Siva,,"Pradeep, Saina",2005,Telugu,"Movie Title: Siva. Directed by: . Starring: Pradeep, Saina. Released in: 2005."
Kodanda Ramudu,,"J. D. Chakravarthi, Saptaparna Saha, Rambha, Laya",2000,Telugu,"Movie Title: Kodanda Ramudu. Directed by: . Starring: J. D. Chakravarthi, Saptaparna Saha, Rambha, Laya. Released in: 2000."
Andagadu,,Rajendra Prasad,2005,Telugu,Movie Title: Andagadu. Directed by: . Starring: Rajendra Prasad. Released in: 2005.
Anna Sainyam,,"Lakshmi Parvathi, Vinod Kumar, Koteswara Prasad, Gokina Rama Rao",2005,Telugu,"Movie Title: Anna Sainyam. Directed by: . Starring: Lakshmi Parvathi, Vinod Kumar, Koteswara Prasad, Gokina Rama Rao. Released in: 2005."
Naga Pratista,,"Raasi, Sreejith",2002,Telugu,"Movie Title: Naga Pratista. Directed by: . Starring: Raasi, Sreejith. Released in: 2002."
Ninne Cherukunta,,"Revanth, Shwetha, Chandra Mohan",2002,Telugu,"Movie Title: Ninne Cherukunta. Directed by: . Starring: Revanth, Shwetha, Chandra Mohan. Released in: 2002."
Annayya,,"Chiranjeevi, Ravi Teja, Soundarya, Simran, Sharath Babu",2000,Telugu,"Movie Title: Annayya. Directed by: . Starring: Chiranjeevi, Ravi Teja, Soundarya, Simran, Sharath Babu. Released in: 2000."
Aalasyam Amrutam,,"Nikhil Siddharth, Madhurima, Arvind Krishna",2010,Telugu,"Movie Title: Aalasyam Amrutam. Directed by: . Starring: Nikhil Siddharth, Madhurima, Arvind Krishna. Released in: 2010."
Sivanna,,"Sai Kumar, Manya",2000,Telugu,"Movie Title: Sivanna. Directed by: . Starring: Sai Kumar, Manya. Released in: 2000."
Yuvakudu,,"Sumanth, Bhoomika Chawla, Jaya Sudha",2000,Telugu,"Movie Title: Yuvakudu. Directed by: . Starring: Sumanth, Bhoomika Chawla, Jaya Sudha. Released in: 2000."
Oke Maata,,"Upendra, Ramya Krishna, Raasi",2000,Telugu,"Movie Title: Oke Maata. Directed by: . Starring: Upendra, Ramya Krishna, Raasi. Released in: 2000."
Nagulamma,,"Babloo Prithviraj, Maheswari",2000,Telugu,"Movie Title: Nagulamma. Directed by: . Starring: Babloo Prithviraj, Maheswari. Released in: 2000."
Real Story,,"Prakash Raj, Sandhya, Brahmanandam",2000,Telugu,"Movie Title: Real Story. Directed by: . Starring: Prakash Raj, Sandhya, Brahmanandam. Released in: 2000."
Hindustan,,"Naresh, Bhanupriya",2000,Telugu,"Movie Title: Hindustan. Directed by: . Starring: Naresh, Bhanupriya. Released in: 2000."
Coolie,,"Srihari, Raasi, Mumtaj",2002,Telugu,"Movie Title: Coolie. Directed by: . Starring: Srihari, Raasi, Mumtaj. Released in: 2002."
Bagunnara,,"Vadde Naveen, Priya Gill, Srihari, Vijayakumar",2000,Telugu,"Movie Title: Bagunnara. Directed by: . Starring: Vadde Naveen, Priya Gill, Srihari, Vijayakumar. Released in: 2000."
Rama Rama Krishna Krishna,,"Ram, Arjun, Priya Anand, Bindu Madhavi",2010,Telugu,"Movie Title: Rama Rama Krishna Krishna. Directed by: . Starring: Ram, Arjun, Priya Anand, Bindu Madhavi. Released in: 2010."
Back Pocket,,"Vijay Sai, Sony Raj, Suman, Lavanya, Preeti Nigam, Anant, Sudarshan, Jenny, Seema, Vinod Bala",2003,Telugu,"Movie Title: Back Pocket. Directed by: . Starring: Vijay Sai, Sony Raj, Suman, Lavanya, Preeti Nigam, Anant, Sudarshan, Jenny, Seema, Vinod Bala. Released in: 2003."
Chalaki,,"Aditya Babu, Roma Asrani, Bianca Desai",2010,Telugu,"Movie Title: Chalaki. Directed by: . Starring: Aditya Babu, Roma Asrani, Bianca Desai. Released in: 2010."
Devi Vigraham,Raju Shetty,,2018,Telugu,Movie Title: Devi Vigraham. Directed by: Raju Shetty. Starring: . Released in: 2018.
Panchakshari,,"Anushka Shetty, Vijay Samrat, Bramanandam",2010,Telugu,"Movie Title: Panchakshari. Directed by: . Starring: Anushka Shetty, Vijay Samrat, Bramanandam. Released in: 2010."
Pappu,,"Krishnudu, Subbaraju, Deepika",2010,Telugu,"Movie Title: Pappu. Directed by: . Starring: Krishnudu, Subbaraju, Deepika. Released in: 2010."
Manoharam,,"Jagapathi Babu, Laya, Prakash Raj",2000,Telugu,"Movie Title: Manoharam. Directed by: . Starring: Jagapathi Babu, Laya, Prakash Raj. Released in: 2000."
Komaram Bheem,,"Bhopal Reddy, Maunika, Telangana Sakuntala",2010,Telugu,"Movie Title: Komaram Bheem. Directed by: . Starring: Bhopal Reddy, Maunika, Telangana Sakuntala. Released in: 2010."
Sarpam,Pramod Kumar,,2001,Telugu,Movie Title: Sarpam. Directed by: Pramod Kumar. Starring: . Released in: 2001.
Comedy Express,,"Kaushal, Babu Mohan, Rajesh",2010,Telugu,"Movie Title: Comedy Express. Directed by: . Starring: Kaushal, Babu Mohan, Rajesh. Released in: 2010."
Sye Aata,,"Charmi, Ajay, Rao Ramesh",2010,Telugu,"Movie Title: Sye Aata. Directed by: . Starring: Charmi, Ajay, Rao Ramesh. Released in: 2010."
Happy Happy Ga,,"Varun Sandesh, Vega Tamotia, Saranya Mohan, P. Ravi Shankar",2010,Telugu,"Movie Title: Happy Happy Ga. Directed by: . Starring: Varun Sandesh, Vega Tamotia, Saranya Mohan, P. Ravi Shankar. Released in: 2010."
Ramdev,,"Abbas, Sai Kiran, Gracy Singh",2010,Telugu,"Movie Title: Ramdev. Directed by: . Starring: Abbas, Sai Kiran, Gracy Singh. Released in: 2010."
Aunty Uncle Nandagopal,,"Vadde Naveen, Lakshana, Bramhanandam",2010,Telugu,"Movie Title: Aunty Uncle Nandagopal. Directed by: . Starring: Vadde Naveen, Lakshana, Bramhanandam. Released in: 2010."
Gudu Gudu Gunjam,,"Parthu, Aarthi Puri, Rajendra Prasad",2010,Telugu,"Movie Title: Gudu Gudu Gunjam. Directed by: . Starring: Parthu, Aarthi Puri, Rajendra Prasad. Released in: 2010."
Gaayam 2,,"Jagapati Babu, Vimala Raman, Kota Srinivasa Rao",2010,Telugu,"Movie Title: Gaayam 2. Directed by: . Starring: Jagapati Babu, Vimala Raman, Kota Srinivasa Rao. Released in: 2010."
Thakita Thakita,,"Harsh Vardhan Rane, Haripriya, Vijay Samrat, Trinetrudu, Karthik Sabesh, Bhakti Punjani, Aditi Chengappa",2010,Telugu,"Movie Title: Thakita Thakita. Directed by: . Starring: Harsh Vardhan Rane, Haripriya, Vijay Samrat, Trinetrudu, Karthik Sabesh, Bhakti Punjani, Aditi Chengappa. Released in: 2010."
Bhairava IPS,,"Srihari, Sindhu Tolani, Tanikella Bharani",2010,Telugu,"Movie Title: Bhairava IPS. Directed by: . Starring: Srihari, Sindhu Tolani, Tanikella Bharani. Released in: 2010."
Brahmalokam To Yamalokam Via Bhulokam,,"Rajendra Prasad, Shivaji, Kalyani",2010,Telugu,"Movie Title: Brahmalokam To Yamalokam Via Bhulokam. Directed by: . Starring: Rajendra Prasad, Shivaji, Kalyani. Released in: 2010."
Collector Gari Bharya,,"Prakash Raj, Bhumika Chawla",2010,Telugu,"Movie Title: Collector Gari Bharya. Directed by: . Starring: Prakash Raj, Bhumika Chawla. Released in: 2010."
Kalyanram Kathi,,"Kalyan Ram, Shaam, Sana Khan, Saranya Mohan",2010,Telugu,"Movie Title: Kalyanram Kathi. Directed by: . Starring: Kalyan Ram, Shaam, Sana Khan, Saranya Mohan. Released in: 2010."
Bheemili Kabaddi Jattu,,"Nani, Saranya Mohan, Kishoreu",2010,Telugu,"Movie Title: Bheemili Kabaddi Jattu. Directed by: . Starring: Nani, Saranya Mohan, Kishoreu. Released in: 2010."
Pasupu Kumkuma,,"Sijju, Jackie, Anjani Thakkar",2000,Telugu,"Movie Title: Pasupu Kumkuma. Directed by: . Starring: Sijju, Jackie, Anjani Thakkar. Released in: 2000."
Nagamani,,"Krishna Bhagawan, Sona",2010,Telugu,"Movie Title: Nagamani. Directed by: . Starring: Krishna Bhagawan, Sona. Released in: 2010."
Badri,,"Pawan Kalyan, Ameesha Patel, Renu Desai, Prakash Raj",2000,Telugu,"Movie Title: Badri. Directed by: . Starring: Pawan Kalyan, Ameesha Patel, Renu Desai, Prakash Raj. Released in: 2000."
Hands Up,,"Nagendra Babu, Jayasudha, Brahmanandam",2000,Telugu,"Movie Title: Hands Up. Directed by: . Starring: Nagendra Babu, Jayasudha, Brahmanandam. Released in: 2000."
Prema Kosam,,"Vineeth, Flora Saini, Venkat",2000,Telugu,"Movie Title: Prema Kosam. Directed by: . Starring: Vineeth, Flora Saini, Venkat. Released in: 2000."
Manasu Paddanu Kaani,,"Venu Thottempudi, K. Vishwanath, Raasi, Ramya Krishna",2000,Telugu,"Movie Title: Manasu Paddanu Kaani. Directed by: . Starring: Venu Thottempudi, K. Vishwanath, Raasi, Ramya Krishna. Released in: 2000."
Ganapathi,,"Srihari, Ashwani, Rami Reddy",2000,Telugu,"Movie Title: Ganapathi. Directed by: . Starring: Srihari, Ashwani, Rami Reddy. Released in: 2000."
Madhuri,,"Abbas, Anjana",2000,Telugu,"Movie Title: Madhuri. Directed by: . Starring: Abbas, Anjana. Released in: 2000."
Kshemamga Velli Labhamga Randi,,"Srikanth, Rajendra Prasad, Roja, Brahmanandam, Ramya Krishna, Kovai Sarala, Prakash Raj",2000,Telugu,"Movie Title: Kshemamga Velli Labhamga Randi. Directed by: . Starring: Srikanth, Rajendra Prasad, Roja, Brahmanandam, Ramya Krishna, Kovai Sarala, Prakash Raj. Released in: 2000."
Sammakka Sarakka,,"Suman, Ramya Krishna, Roja, Jaya Pradha, Indraja, Brahmaji",2000,Telugu,"Movie Title: Sammakka Sarakka. Directed by: . Starring: Suman, Ramya Krishna, Roja, Jaya Pradha, Indraja, Brahmaji. Released in: 2000."
Kalisundam Raa,,"Venkatesh, Simran",2000,Telugu,"Movie Title: Kalisundam Raa. Directed by: . Starring: Venkatesh, Simran. Released in: 2000."
Vamsoddharakudu,,"Balakrishna Nandamuri, Sakshi Shivanand, Ramya Krishna, Krishnam Raju",2000,Telugu,"Movie Title: Vamsoddharakudu. Directed by: . Starring: Balakrishna Nandamuri, Sakshi Shivanand, Ramya Krishna, Krishnam Raju. Released in: 2000."
Ketagadu,,"Tejus Kancherla, Chandini Chowdary",2015,Telugu,"Movie Title: Ketagadu. Directed by: . Starring: Tejus Kancherla, Chandini Chowdary. Released in: 2015."
Postman,,"Mohan Babu, Soundarya, Raasi",2000,Telugu,"Movie Title: Postman. Directed by: . Starring: Mohan Babu, Soundarya, Raasi. Released in: 2000."
Chala Bagundi,,"Srikanth, Malavika, Vadde Naveen, Asha Saini",2000,Telugu,"Movie Title: Chala Bagundi. Directed by: . Starring: Srikanth, Malavika, Vadde Naveen, Asha Saini. Released in: 2000."
Nisabda Ratri,,"Kaushal, Raksha",2000,Telugu,"Movie Title: Nisabda Ratri. Directed by: . Starring: Kaushal, Raksha. Released in: 2000."
Ravanna,,"Rajasekhar, Sanghavi, Soundarya, Krishna Ghattamaneni",2000,Telugu,"Movie Title: Ravanna. Directed by: . Starring: Rajasekhar, Sanghavi, Soundarya, Krishna Ghattamaneni. Released in: 2000."
Sanchalanam,,"Prakash Raj, Babloo Prithviraj, Roja",2000,Telugu,"Movie Title: Sanchalanam. Directed by: . Starring: Prakash Raj, Babloo Prithviraj, Roja. Released in: 2000."
Vijaya Bhaskar. K,"Aadi, Sindhu Tolani, Isha Chawla",,2011,Telugu,"Movie Title: Vijaya Bhaskar. K. Directed by: Aadi, Sindhu Tolani, Isha Chawla. Starring: . Released in: 2011."
Taskara,Chandra Sekhar,,2015,Telugu,Movie Title: Taskara. Directed by: Chandra Sekhar. Starring: . Released in: 2015.
Adavi Chukka,,"Vijayashanti, Charanraj, Suman",2000,Telugu,"Movie Title: Adavi Chukka. Directed by: . Starring: Vijayashanti, Charanraj, Suman. Released in: 2000."
Okkadu Chalu,,"Rajasekhar, Suresh, Rambha, Sanghavi",2000,Telugu,"Movie Title: Okkadu Chalu. Directed by: . Starring: Rajasekhar, Suresh, Rambha, Sanghavi. Released in: 2000."
Sivaji (Telugu),,"Srihari, Raasi",2000,Telugu,"Movie Title: Sivaji (Telugu). Directed by: . Starring: Srihari, Raasi. Released in: 2000."
Chitram,,"Uday Kiran, Reema Sen",2000,Telugu,"Movie Title: Chitram. Directed by: . Starring: Uday Kiran, Reema Sen. Released in: 2000."
Raghavayya Gari Abbayi,,"Sri Harsha, Prema",2000,Telugu,"Movie Title: Raghavayya Gari Abbayi. Directed by: . Starring: Sri Harsha, Prema. Released in: 2000."
Balaram,,"Srihari, Raasi, Vineeth, Maheswari",2000,Telugu,"Movie Title: Balaram. Directed by: . Starring: Srihari, Raasi, Vineeth, Maheswari. Released in: 2000."
Nuvvu Vastavani,,"Nagarjuna, Simran, Isha Koppikar",2000,Telugu,"Movie Title: Nuvvu Vastavani. Directed by: . Starring: Nagarjuna, Simran, Isha Koppikar. Released in: 2000."
Yuvaraju,,"Mahesh Babu, Simran, Sakshi Shivanand",2000,Telugu,"Movie Title: Yuvaraju. Directed by: . Starring: Mahesh Babu, Simran, Sakshi Shivanand. Released in: 2000."
Student No. 1,,,2001,Telugu,Movie Title: Student No. 1. Directed by: . Starring: . Released in: 2001.
Entha Manchivadavuraa,,,2020,Telugu,Movie Title: Entha Manchivadavuraa. Directed by: . Starring: . Released in: 2020.
Gabbar Singh*,,,2012,Telugu,Movie Title: Gabbar Singh*. Directed by: . Starring: . Released in: 2012.
Racha,,,2012,Telugu,Movie Title: Racha. Directed by: . Starring: . Released in: 2012.
Businessman*,,,2012,Telugu,Movie Title: Businessman*. Directed by: . Starring: . Released in: 2012.
Dhammu,,,2012,Telugu,Movie Title: Dhammu. Directed by: . Starring: . Released in: 2012.
Shakthi,,,2011,Telugu,Movie Title: Shakthi. Directed by: . Starring: . Released in: 2011.
Bruce Lee - The Fighter,,,2015,Telugu,Movie Title: Bruce Lee - The Fighter. Directed by: . Starring: . Released in: 2015.
Baahubali 2: The Conclusion,,,2017,Telugu,Movie Title: Baahubali 2: The Conclusion. Directed by: . Starring: . Released in: 2017.
DJ: Duvvada Jagannadham,,,2017,Telugu,Movie Title: DJ: Duvvada Jagannadham. Directed by: . Starring: . Released in: 2017.
Evadi Gola Vaadidhi,,,2005,Telugu,Movie Title: Evadi Gola Vaadidhi. Directed by: . Starring: . Released in: 2005.
Andarivaadu,,,2005,Telugu,Movie Title: Andarivaadu. Directed by: . Starring: . Released in: 2005.
Radhe Shyam,,,2022,Telugu,Movie Title: Radhe Shyam. Directed by: . Starring: . Released in: 2022.
Relax,,,2005,Telugu,Movie Title: Relax. Directed by: . Starring: . Released in: 2005.
Shasana Sabha,,,2022,Telugu,Movie Title: Shasana Sabha. Directed by: . Starring: . Released in: 2022.
Adipurush,,,2023,Telugu,Movie Title: Adipurush. Directed by: . Starring: . Released in: 2023.
Sir,,,2023,Telugu,Movie Title: Sir. Directed by: . Starring: . Released in: 2023.
Atanu + Ame = 9,,,2005,Telugu,Movie Title: Atanu + Ame = 9. Directed by: . Starring: . Released in: 2005.
Sarileru Neekevaru,,,2020,Telugu,Movie Title: Sarileru Neekevaru. Directed by: . Starring: . Released in: 2020.
Pourusham,,,2005,Telugu,Movie Title: Pourusham. Directed by: . Starring: . Released in: 2005.
,,,2014,Telugu,Movie Title: . Directed by: . Starring: . Released in: 2014.
,,,2015,Telugu,Movie Title: . Directed by: . Starring: . Released in: 2015.
,,,2010,Telugu,Movie Title: . Directed by: . Starring: . Released in: 2010.
,,,2000,Telugu,Movie Title: . Directed by: . Starring: . Released in: 2000.
,,,2024,Telugu,Movie Title: . Directed by: . Starring: . Released in: 2024.
,,,2001,Telugu,Movie Title: . Directed by: . Starring: . Released in: 2001.
,,,2019,Telugu,Movie Title: . Directed by: . Starring: . Released in: 2019.
,,,2017,Telugu,Movie Title: . Directed by: . Starring: . Released in: 2017.
,,,2002,Telugu,Movie Title: . Directed by: . Starring: . Released in: 2002.
,,,2012,Telugu,Movie Title: . Directed by: . Starring: . Released in: 2012.
,,,2011,Telugu,Movie Title: . Directed by: . Starring: . Released in: 2011.
,,,2020,Telugu,Movie Title: . Directed by: . Starring: . Released in: 2020.
,,,2003,Telugu,Movie Title: . Directed by: . Starring: . Released in: 2003.
,,,2022,Telugu,Movie Title: . Directed by: . Starring: . Released in: 2022.
,,,2018,Telugu,Movie Title: . Directed by: . Starring: . Released in: 2018.
,,,2016,Telugu,Movie Title: . Directed by: . Starring: . Released in: 2016.
,,,2021,Telugu,Movie Title: . Directed by: . Starring: . Released in: 2021.
,,,2007,Telugu,Movie Title: . Directed by: . Starring: . Released in: 2007.
,,,2023,Telugu,Movie Title: . Directed by: . Starring: . Released in: 2023.
,,,2013,Telugu,Movie Title: . Directed by: . Starring: . Released in: 2013.
